{
    "algorithm_config": "gridsynth_eps0.007",
    "benchmark_name": "binaryoptimization qmaxcut graph-complete bipart  complbipart-n-10 a-5 b-5 ",
    "n": 10,
    "seed": 0,
    "unitary_distance": 0.017128364006632098,
    "state_fidelity": 0.9997827116836616,
    "num_nontrivial_rotations": 75,
    "time": 0.8807439804077148,
    "num_gates": {
        "h": 1911,
        "s": 1872,
        "t": 1650,
        "cx": 180,
        "x": 5
    },
    "noisy_fidelity": {
        "1e-06": 0.9963100206195468,
        "1e-05": 0.9656061634329403,
        "0.0001": 0.7070102495625843
    },
    "t_depth": 792,
    "optimized_t_count": 1648,
    "optimized_num_gates": {
        "h": 1911,
        "s": 1873,
        "t": 1648,
        "cx": 180,
        "x": 5
    },
    "optimized_t_depth": 790
}