{
    "algorithm_config": "gridsynth_eps0.007",
    "benchmark_name": "binaryoptimization max3sat uf20-ham  7-uf20-0384 cnf-8-res ",
    "n": 8,
    "seed": 0,
    "unitary_distance": 0.028147987938388012,
    "state_fidelity": 0.9998896496949535,
    "num_nontrivial_rotations": 29,
    "time": 1.6894187927246094,
    "num_gates": {
        "h": 623,
        "t": 580,
        "s": 369,
        "cx": 34,
        "x": 18
    },
    "noisy_fidelity": {
        "1e-06": 0.9990786113455085,
        "1e-05": 0.9918119916523741,
        "0.0001": 0.9222844599784658
    },
    "t_depth": 189,
    "optimized_t_count": 574,
    "optimized_num_gates": {
        "h": 623,
        "t": 574,
        "s": 371,
        "cx": 34,
        "x": 18
    },
    "optimized_t_depth": 187
}