{
    "algorithm_config": "gridsynth_eps0.007",
    "benchmark_name": "binaryoptimization qmaxcut graph-gnp k-2  gnp-k 2 n-4 rinst-05 ",
    "n": 4,
    "seed": 0,
    "unitary_distance": 0.006689249805015826,
    "state_fidelity": 0.9999971985432782,
    "num_nontrivial_rotations": 12,
    "time": 1.5149571895599365,
    "num_gates": {
        "s": 371,
        "h": 311,
        "t": 266,
        "cx": 19
    },
    "noisy_fidelity": {
        "1e-06": 0.9995061858582531,
        "1e-05": 0.995099722259817,
        "0.0001": 0.9522621508892416
    },
    "t_depth": 132,
    "optimized_t_count": 262,
    "optimized_num_gates": {
        "s": 372,
        "h": 311,
        "t": 262,
        "cx": 19
    },
    "optimized_t_depth": 132
}