{
    "algorithm_config": "gridsynth_eps0.007",
    "benchmark_name": "chemistry vibrational all-vib-o3  mu y prime enc unary dvalues 4-4-4 ",
    "n": 4,
    "seed": 0,
    "unitary_distance": 0.008002568231889351,
    "state_fidelity": 0.9999567376437634,
    "num_nontrivial_rotations": 6,
    "time": 1.4794182777404785,
    "num_gates": {
        "s": 237,
        "h": 155,
        "t": 126,
        "cx": 15,
        "x": 4
    },
    "noisy_fidelity": {
        "1e-06": 0.9995830220347776,
        "1e-05": 0.9962267076997646,
        "0.0001": 0.9633587573344233
    },
    "t_depth": 82,
    "optimized_t_count": 124,
    "optimized_num_gates": {
        "s": 238,
        "h": 155,
        "t": 124,
        "cx": 15,
        "x": 4
    },
    "optimized_t_depth": 82
}