{
    "algorithm_config": "gridsynth_eps0.007",
    "benchmark_name": "chemistry vibrational all-vib-f2  enc gray dvalues d-level-16 ",
    "n": 4,
    "seed": 0,
    "unitary_distance": 0.04394283939579934,
    "state_fidelity": 0.9985214206817775,
    "num_nontrivial_rotations": 98,
    "time": 9.278213024139404,
    "num_gates": {
        "s": 2271,
        "h": 2237,
        "t": 2007,
        "cx": 71,
        "x": 34
    },
    "noisy_fidelity": {
        "1e-06": 0.9940902400435349,
        "1e-05": 0.9551508517728257,
        "0.0001": 0.6455314116822922
    },
    "t_depth": 1071,
    "optimized_t_count": 1953,
    "optimized_num_gates": {
        "s": 2286,
        "h": 2237,
        "t": 1953,
        "cx": 71,
        "x": 34
    },
    "optimized_t_depth": 1047
}