{
    "algorithm_config": "gridsynth_eps0.007",
    "benchmark_name": "chemistry standard bh  ham jw-10 ",
    "n": 10,
    "seed": 0,
    "unitary_distance": 0.06130863445819445,
    "state_fidelity": 0.9982860844991168,
    "num_nontrivial_rotations": 97,
    "time": 13.066212892532349,
    "num_gates": {
        "s": 4052,
        "h": 1857,
        "t": 1274,
        "cx": 467,
        "x": 9
    },
    "noisy_fidelity": {
        "1e-06": 0.993377288883881,
        "1e-05": 0.950291330821152,
        "0.0001": 0.6113457191955294
    },
    "t_depth": 483,
    "optimized_t_count": 1266,
    "optimized_num_gates": {
        "s": 4056,
        "h": 1857,
        "t": 1266,
        "cx": 467,
        "x": 9
    },
    "optimized_t_depth": 483
}