{
    "algorithm_config": "gridsynth_eps0.007",
    "benchmark_name": "chemistry vibrational all-vib-bhf2  mu y prime enc stdbinary dvalues 8-8-8-8-8-8 ",
    "n": 6,
    "seed": 0,
    "unitary_distance": 0.024620019244318746,
    "state_fidelity": 0.999430829199506,
    "num_nontrivial_rotations": 16,
    "time": 2.3677618503570557,
    "num_gates": {
        "s": 537,
        "h": 366,
        "t": 305,
        "cx": 18,
        "x": 2
    },
    "noisy_fidelity": {
        "1e-06": 0.9985626981670419,
        "1e-05": 0.9907869311563374,
        "0.0001": 0.9166124001327505
    },
    "t_depth": 139,
    "optimized_t_count": 303,
    "optimized_num_gates": {
        "s": 537,
        "h": 366,
        "t": 303,
        "cx": 18,
        "x": 2
    },
    "optimized_t_depth": 137
}