{
    "algorithm_config": "gridsynth_eps0.007",
    "benchmark_name": "chemistry standard be2  ham jw-6 ",
    "n": 6,
    "seed": 0,
    "unitary_distance": 0.035452421017811424,
    "state_fidelity": 0.9988612701219002,
    "num_nontrivial_rotations": 53,
    "time": 3.6622140407562256,
    "num_gates": {
        "s": 1071,
        "h": 942,
        "t": 817,
        "cx": 76,
        "x": 13
    },
    "noisy_fidelity": {
        "1e-06": 0.9970993545247078,
        "1e-05": 0.9813946946430382,
        "0.0001": 0.8384855388501826
    },
    "t_depth": 417,
    "optimized_t_count": 817,
    "optimized_num_gates": {
        "s": 1071,
        "h": 942,
        "t": 817,
        "cx": 76,
        "x": 13
    },
    "optimized_t_depth": 417
}