{
    "algorithm_config": "gridsynth_eps0.007",
    "benchmark_name": "chemistry standard oh  ham parity12 ",
    "n": 12,
    "seed": 0,
    "unitary_distance": 0.10769089205342465,
    "state_fidelity": 0.995269642503521,
    "num_nontrivial_rotations": 350,
    "time": 31.942010641098022,
    "num_gates": {
        "s": 11255,
        "h": 6931,
        "t": 5442,
        "cx": 1131,
        "x": 98
    },
    "noisy_fidelity": {
        "1e-06": 0.9782663915054701,
        "1e-05": 0.8378809983682696,
        "0.0001": 0.18189994287989308
    },
    "t_depth": 3652,
    "optimized_t_count": 5416,
    "optimized_num_gates": {
        "s": 11265,
        "h": 6931,
        "t": 5416,
        "cx": 1131,
        "x": 98
    },
    "optimized_t_depth": 3635
}