{
    "algorithm_config": "gridsynth_eps0.007",
    "benchmark_name": "chemistry vibrational all-vib-cyclo propene  mu x prime enc stdbinary dvalues 8-8-8-8-8-8-8-8-8-4-4-4-4-4-4 ",
    "n": 11,
    "seed": 0,
    "unitary_distance": 0.02619776727766657,
    "state_fidelity": 0.9996883446687513,
    "num_nontrivial_rotations": 38,
    "time": 3.49029803276062,
    "num_gates": {
        "s": 980,
        "h": 793,
        "t": 688,
        "cx": 30,
        "x": 19
    },
    "noisy_fidelity": {
        "1e-06": 0.9979152493857806,
        "1e-05": 0.9821057925487038,
        "0.0001": 0.8377972968553303
    },
    "t_depth": 123,
    "optimized_t_count": 682,
    "optimized_num_gates": {
        "s": 981,
        "h": 793,
        "t": 682,
        "cx": 30,
        "x": 19
    },
    "optimized_t_depth": 122
}