{
    "algorithm_config": "gridsynth_eps0.007",
    "benchmark_name": "chemistry vibrational all-vib-hco  enc unary dvalues 4-4-4 ",
    "n": 12,
    "seed": 0,
    "unitary_distance": 0.20625027689756156,
    "state_fidelity": 0.9584280221282214,
    "num_nontrivial_rotations": 1715,
    "time": 80.16574287414551,
    "num_gates": {
        "h": 37768,
        "s": 36813,
        "t": 33725,
        "cx": 3028,
        "x": 663
    },
    "noisy_fidelity": {
        "1e-06": 0.881776489429636,
        "1e-05": 0.41678002043444196,
        "0.0001": 0.0012841491238936979
    },
    "t_depth": 19695
}