{
    "algorithm_config": "gridsynth_eps0.007",
    "benchmark_name": "chemistry standard hf  ham bk12 ",
    "n": 12,
    "seed": 0,
    "unitary_distance": 0.10215854845593096,
    "state_fidelity": 0.9965890451585943,
    "num_nontrivial_rotations": 334,
    "time": 31.09164834022522,
    "num_gates": {
        "s": 11500,
        "h": 7397,
        "t": 5909,
        "cx": 1094,
        "x": 106
    },
    "noisy_fidelity": {
        "1e-06": 0.9790172935101737,
        "1e-05": 0.8344411365307566,
        "0.0001": 0.1748547914787262
    },
    "t_depth": 3633,
    "optimized_t_count": 5855,
    "optimized_num_gates": {
        "s": 11513,
        "h": 7397,
        "t": 5855,
        "cx": 1094,
        "x": 106
    },
    "optimized_t_depth": 3603
}