{
    "algorithm_config": "gridsynth_eps0.007",
    "benchmark_name": "chemistry standard h2  ham jw-8 ",
    "n": 8,
    "seed": 0,
    "unitary_distance": 0.05494071667471857,
    "state_fidelity": 0.9991955513285375,
    "num_nontrivial_rotations": 152,
    "time": 11.079485416412354,
    "num_gates": {
        "s": 3489,
        "h": 3184,
        "t": 2811,
        "cx": 245,
        "x": 40
    },
    "noisy_fidelity": {
        "1e-06": 0.9927276731586382,
        "1e-05": 0.9364405797152416,
        "0.0001": 0.5266731230508608
    },
    "t_depth": 1574,
    "optimized_t_count": 2737,
    "optimized_num_gates": {
        "s": 3512,
        "h": 3184,
        "t": 2737,
        "cx": 245,
        "x": 40
    },
    "optimized_t_depth": 1525
}