{
    "algorithm_config": "gridsynth_eps0.007",
    "benchmark_name": "chemistry standard hf  ham parity10 ",
    "n": 10,
    "seed": 0,
    "unitary_distance": 0.07502081539574655,
    "state_fidelity": 0.9969010134300084,
    "num_nontrivial_rotations": 163,
    "time": 15.068191528320312,
    "num_gates": {
        "s": 4826,
        "h": 3294,
        "t": 2689,
        "cx": 438,
        "x": 33
    },
    "noisy_fidelity": {
        "1e-06": 0.9894302933157598,
        "1e-05": 0.9247579614990615,
        "0.0001": 0.47541654516000564
    },
    "t_depth": 1747,
    "optimized_t_count": 2647,
    "optimized_num_gates": {
        "s": 4839,
        "h": 3294,
        "t": 2647,
        "cx": 438,
        "x": 33
    },
    "optimized_t_depth": 1715
}