{
    "algorithm_config": "gridsynth_eps0.007",
    "benchmark_name": "chemistry vibrational all-vib-hno  mu x prime enc unary dvalues 4-4-4 ",
    "n": 12,
    "seed": 0,
    "unitary_distance": 0.015723405462239475,
    "state_fidelity": 0.9997797960709334,
    "num_nontrivial_rotations": 12,
    "time": 2.5795786380767822,
    "num_gates": {
        "s": 717,
        "h": 332,
        "t": 250,
        "cx": 44,
        "x": 1
    },
    "noisy_fidelity": {
        "1e-06": 0.9988484666449158,
        "1e-05": 0.9905073157586657,
        "0.0001": 0.9110037592919937
    },
    "t_depth": 82,
    "optimized_t_count": 238,
    "optimized_num_gates": {
        "s": 723,
        "h": 332,
        "t": 238,
        "cx": 44,
        "x": 1
    },
    "optimized_t_depth": 81
}