{
    "algorithm_config": "gridsynth_eps0.007",
    "benchmark_name": "chemistry vibrational all-vib-bh  enc stdbinary dvalues d-level-4 ",
    "n": 2,
    "seed": 0,
    "unitary_distance": 0.009483444199290193,
    "state_fidelity": 0.9999430634387466,
    "num_nontrivial_rotations": 8,
    "time": 1.508981466293335,
    "num_gates": {
        "s": 207,
        "h": 193,
        "t": 169,
        "x": 3,
        "cx": 3
    },
    "noisy_fidelity": {
        "1e-06": 0.9995813948164222,
        "1e-05": 0.9963343391576895,
        "0.0001": 0.9646390915437286
    },
    "t_depth": 104,
    "optimized_t_count": 153,
    "optimized_num_gates": {
        "s": 213,
        "h": 193,
        "t": 153,
        "x": 3,
        "cx": 3
    },
    "optimized_t_depth": 100
}