{
    "algorithm_config": "gridsynth_eps0.007",
    "benchmark_name": "discreteoptimization tsp tsp ncity-4  tsp rand-002 ncity-4 enc-stdbinary ",
    "n": 8,
    "seed": 0,
    "unitary_distance": 0.038515019561091476,
    "state_fidelity": 0.9997734333149904,
    "num_nontrivial_rotations": 48,
    "time": 1.140021562576294,
    "num_gates": {
        "h": 988,
        "t": 964,
        "s": 540,
        "cx": 56,
        "x": 12
    },
    "noisy_fidelity": {
        "1e-06": 0.9984867449267323,
        "1e-05": 0.9869928449479439,
        "0.0001": 0.8801487743287046
    },
    "t_depth": 329,
    "optimized_t_count": 948,
    "optimized_num_gates": {
        "h": 988,
        "t": 948,
        "s": 540,
        "cx": 56,
        "x": 12
    },
    "optimized_t_depth": 323
}