{
    "seed": 214,
    "angles": [
        2.2816512486937537,
        1.0822715267661596,
        2.5281973897787715
    ],
    "data": [
        {
            "epsilon": 0.1,
            "time": 0.013605356216430664,
            "seqstr": "hththxthththythththxthyths",
            "t_count": 10,
            "error": 0.012272884314875871
        },
        {
            "epsilon": 0.01,
            "time": 0.06075787544250488,
            "seqstr": "shththythththxththththththythththxthththyththty",
            "t_count": 20,
            "error": 0.0031258237796492646
        },
        {
            "epsilon": 0.001,
            "time": 7.618802785873413,
            "seqstr": "yththththyththythththththththxthththththxthththxthththththththxththy",
            "t_count": 30,
            "error": 0.0007704332007009537
        }
    ]
}