{
    "seed": 73,
    "angles": [
        0.9491169026647741,
        1.0069430943771542,
        2.755829387978398
    ],
    "data": [
        {
            "epsilon": 0.1,
            "time": 0.013742446899414062,
            "seqstr": "shythththxththththxththths",
            "t_count": 10,
            "error": 0.026851867912086144
        },
        {
            "epsilon": 0.01,
            "time": 0.058261871337890625,
            "seqstr": "thyththththththxthythththththyththythththyths",
            "t_count": 19,
            "error": 0.002426512160030071
        },
        {
            "epsilon": 0.001,
            "time": 5.542900562286377,
            "seqstr": "ythxththyththythththythththxthththxthththxththxththxththththxthythththz",
            "t_count": 29,
            "error": 0.0007112554323265871
        }
    ]
}