{
    "seed": 356,
    "angles": [
        1.9701869407479542,
        1.474694662042082,
        4.744117295763255
    ],
    "data": [
        {
            "epsilon": 0.1,
            "time": 0.013640403747558594,
            "seqstr": "ythxththythththxththsx",
            "t_count": 8,
            "error": 0.008664044347431208
        },
        {
            "epsilon": 0.01,
            "time": 0.06090569496154785,
            "seqstr": "hythxththxththxththxththyththththththt",
            "t_count": 16,
            "error": 0.0011071654358652799
        },
        {
            "epsilon": 0.001,
            "time": 13.105581760406494,
            "seqstr": "hythththxththththththththxththythththxththxthyththythththththxthththxt",
            "t_count": 30,
            "error": 0.0009672420483310029
        }
    ]
}