{
    "seed": 432,
    "angles": [
        5.281204042119851,
        2.3685569461764557,
        4.958347294658875
    ],
    "data": [
        {
            "epsilon": 0.1,
            "time": 0.013627290725708008,
            "seqstr": "ythxthythththxththythth",
            "t_count": 9,
            "error": 0.021661660403962977
        },
        {
            "epsilon": 0.01,
            "time": 0.058979034423828125,
            "seqstr": "ythxthythththxththxthththxththxthyththyththyththtx",
            "t_count": 20,
            "error": 0.0018503278656449079
        },
        {
            "epsilon": 0.001,
            "time": 5.6588780879974365,
            "seqstr": "thxththythththyththythththxthththxththxththththththythtx",
            "t_count": 24,
            "error": 0.0006179829781272823
        }
    ]
}