{
    "seed": 34,
    "angles": [
        6.243866709294991,
        2.6508216163729545,
        3.3510011182463733
    ],
    "data": [
        {
            "epsilon": 0.1,
            "time": 0.013520240783691406,
            "seqstr": "hthxthththxthyththththz",
            "t_count": 9,
            "error": 0.027812644192438805
        },
        {
            "epsilon": 0.01,
            "time": 0.058377981185913086,
            "seqstr": "thxthyththyththythththththyththyththythththxthth",
            "t_count": 20,
            "error": 0.0018480431073707104
        },
        {
            "epsilon": 0.001,
            "time": 7.469534635543823,
            "seqstr": "shthxthththththythththxththyththythththxthythththxththxththxththsx",
            "t_count": 26,
            "error": 0.0008424452077559431
        }
    ]
}