{
    "seed": 86,
    "angles": [
        4.788404838676137,
        0.8022065625144272,
        4.668312393412654
    ],
    "data": [
        {
            "epsilon": 0.1,
            "time": 0.013351917266845703,
            "seqstr": "hythxththyththyththyththty",
            "t_count": 10,
            "error": 0.008289303157392607
        },
        {
            "epsilon": 0.01,
            "time": 0.06090283393859863,
            "seqstr": "hthxthyththththththythththththxththththththy",
            "t_count": 19,
            "error": 0.002373919074913102
        },
        {
            "epsilon": 0.001,
            "time": 51.56199789047241,
            "seqstr": "shyththththyththththxththythththxthyththyththythththyththththththyththy",
            "t_count": 29,
            "error": 0.0009554666452975428
        }
    ]
}