{
    "seed": 998,
    "angles": [
        2.613806278907436,
        1.3994073510620322,
        3.1255739599873564
    ],
    "data": [
        {
            "epsilon": 0.1,
            "time": 0.01172327995300293,
            "seqstr": "shxthththxthththythty",
            "t_count": 8,
            "error": 0.036973100378758825
        },
        {
            "epsilon": 0.01,
            "time": 0.05729818344116211,
            "seqstr": "thththxthththyththythththythththththxthththths",
            "t_count": 20,
            "error": 0.0031153140317712004
        },
        {
            "epsilon": 0.001,
            "time": 7.721356391906738,
            "seqstr": "shthththththxththxththxththxththththythththththththxththxt",
            "t_count": 25,
            "error": 0.0007652669941289273
        }
    ]
}