{
    "seed": 720,
    "angles": [
        5.351060632526911,
        1.4212444875041723,
        0.7938149133237395
    ],
    "data": [
        {
            "epsilon": 0.1,
            "time": 0.0117950439453125,
            "seqstr": "ythththxththythththththsx",
            "t_count": 10,
            "error": 0.02213076386630668
        },
        {
            "epsilon": 0.01,
            "time": 0.05874991416931152,
            "seqstr": "ythththxththythththxthythththyththyththythththy",
            "t_count": 19,
            "error": 0.0049907126072175735
        },
        {
            "epsilon": 0.001,
            "time": 7.564742088317871,
            "seqstr": "shthxthyththythththythththxthyththythththxththyththythththththxththyths",
            "t_count": 28,
            "error": 0.0006694904550193959
        }
    ]
}