{
    "seed": 37,
    "angles": [
        4.99335272658056,
        2.2853338695058834,
        4.464540830952302
    ],
    "data": [
        {
            "epsilon": 0.1,
            "time": 0.013315677642822266,
            "seqstr": "yththythththxththytht",
            "t_count": 9,
            "error": 0.014683785820291093
        },
        {
            "epsilon": 0.01,
            "time": 0.06030416488647461,
            "seqstr": "hthxthyththythththythththththxththxthyththththxthsx",
            "t_count": 20,
            "error": 0.003803063416323279
        },
        {
            "epsilon": 0.001,
            "time": 22.793696880340576,
            "seqstr": "yththththxthythththxthththththxthththxthththyththththththththxty",
            "t_count": 28,
            "error": 0.0006874360763009997
        }
    ]
}