{
    "seed": 277,
    "angles": [
        6.271064656008846,
        1.5355240611153045,
        1.3425362521141633
    ],
    "data": [
        {
            "epsilon": 0.1,
            "time": 0.01396799087524414,
            "seqstr": "ythxththththyththththxths",
            "t_count": 10,
            "error": 0.008423858170339762
        },
        {
            "epsilon": 0.01,
            "time": 0.058649301528930664,
            "seqstr": "yththxthththxththyththththyththyththyththtx",
            "t_count": 18,
            "error": 0.0023520439799717624
        },
        {
            "epsilon": 0.001,
            "time": 7.561366081237793,
            "seqstr": "ththththxththxthyththyththythththxththxththththththyththththxthz",
            "t_count": 27,
            "error": 0.0007938726690668312
        }
    ]
}