{
    "seed": 62,
    "angles": [
        1.322824240598317,
        0.7365863398311183,
        5.872682764321069
    ],
    "data": [
        {
            "epsilon": 0.1,
            "time": 0.013780355453491211,
            "seqstr": "ythxththththxthth",
            "t_count": 7,
            "error": 0.01947889048894504
        },
        {
            "epsilon": 0.01,
            "time": 0.056185245513916016,
            "seqstr": "shxthyththyththththythththythththythththththxtx",
            "t_count": 19,
            "error": 0.002378489723073057
        },
        {
            "epsilon": 0.001,
            "time": 14.980627059936523,
            "seqstr": "ythxthyththththyththththyththththxththxthththyththththxthythththsz",
            "t_count": 27,
            "error": 0.000631617727958541
        }
    ]
}