{
    "seed": 752,
    "angles": [
        3.6606662704660575,
        1.9326946433745018,
        0.8755450293442646
    ],
    "data": [
        {
            "epsilon": 0.1,
            "time": 0.013602256774902344,
            "seqstr": "thyththththxthythths",
            "t_count": 8,
            "error": 0.027551704894623406
        },
        {
            "epsilon": 0.01,
            "time": 0.05867791175842285,
            "seqstr": "shxthythththyththththththxththyththththyt",
            "t_count": 17,
            "error": 0.0011304243664683493
        },
        {
            "epsilon": 0.001,
            "time": 5.611868143081665,
            "seqstr": "thththxthththxthyththththththththxththxthththxthththththythththx",
            "t_count": 28,
            "error": 0.0006187856362423258
        }
    ]
}