{
    "seed": 30,
    "angles": [
        5.663969680120804,
        1.4035009028161087,
        2.820639361132412
    ],
    "data": [
        {
            "epsilon": 0.1,
            "time": 0.013562202453613281,
            "seqstr": "shthththythththyththyththsz",
            "t_count": 10,
            "error": 0.03315131642872664
        },
        {
            "epsilon": 0.01,
            "time": 0.05898761749267578,
            "seqstr": "thyththththxththththththxththxththxthththxthtz",
            "t_count": 20,
            "error": 0.0029720268037319703
        },
        {
            "epsilon": 0.001,
            "time": 7.693811893463135,
            "seqstr": "ythxththxththyththythththxthththythththxththththythththxthythththxthz",
            "t_count": 28,
            "error": 0.00047958836845206094
        }
    ]
}