{
    "seed": 185,
    "angles": [
        2.4380145145549177,
        0.9052179478416101,
        2.6815345044847216
    ],
    "data": [
        {
            "epsilon": 0.1,
            "time": 0.01136016845703125,
            "seqstr": "thyththththxthythty",
            "t_count": 8,
            "error": 0.022200231744600268
        },
        {
            "epsilon": 0.01,
            "time": 0.05830788612365723,
            "seqstr": "shythththythththythththththythththxthththsy",
            "t_count": 17,
            "error": 0.0039670117676246595
        },
        {
            "epsilon": 0.001,
            "time": 7.625834703445435,
            "seqstr": "hththythththxththxththxththxththththththththxthththththththyththsx",
            "t_count": 28,
            "error": 0.0007387104332200086
        }
    ]
}