{
    "seed": 79,
    "angles": [
        5.380456292790525,
        1.8267091413244545,
        2.9433720953339684
    ],
    "data": [
        {
            "epsilon": 0.1,
            "time": 0.013497591018676758,
            "seqstr": "hyththxthythththythththyths",
            "t_count": 10,
            "error": 0.036024398511101834
        },
        {
            "epsilon": 0.01,
            "time": 0.060779571533203125,
            "seqstr": "shthyththythththththyththththththththxthytht",
            "t_count": 19,
            "error": 0.0031027719063145575
        },
        {
            "epsilon": 0.001,
            "time": 5.734685659408569,
            "seqstr": "ththxththththxthyththythththxthyththyththyththththxthythththththth",
            "t_count": 28,
            "error": 0.00024360187026112507
        }
    ]
}