{
    "seed": 776,
    "angles": [
        4.653352862064823,
        0.9425406423066449,
        1.2153238416116299
    ],
    "data": [
        {
            "epsilon": 0.1,
            "time": 0.013878345489501953,
            "seqstr": "shthyththththxththxththxthz",
            "t_count": 10,
            "error": 0.026235004182955473
        },
        {
            "epsilon": 0.01,
            "time": 0.05958271026611328,
            "seqstr": "ythxthththxthyththyththththththxthththththsy",
            "t_count": 18,
            "error": 0.003934863650933059
        },
        {
            "epsilon": 0.001,
            "time": 7.650543212890625,
            "seqstr": "shthxthythththththxththxthththyththththxththxthththxths",
            "t_count": 22,
            "error": 0.0008955824362990969
        }
    ]
}