{
    "seed": 348,
    "angles": [
        4.701503396493266,
        0.8826526560748491,
        2.003702105568216
    ],
    "data": [
        {
            "epsilon": 0.1,
            "time": 0.014051437377929688,
            "seqstr": "hythxthththyththty",
            "t_count": 7,
            "error": 0.015605056928623658
        },
        {
            "epsilon": 0.01,
            "time": 0.05679941177368164,
            "seqstr": "shxththxthththththxthththxthththththththythththy",
            "t_count": 20,
            "error": 0.00204228447099551
        },
        {
            "epsilon": 0.001,
            "time": 7.796643018722534,
            "seqstr": "shththththxthythththththxththththxththxthththythththyththyththythths",
            "t_count": 28,
            "error": 0.0007296038789501801
        }
    ]
}