{
    "seed": 440,
    "angles": [
        5.062137516082398,
        2.16514068092475,
        2.7989177201529722
    ],
    "data": [
        {
            "epsilon": 0.1,
            "time": 0.014047622680664062,
            "seqstr": "shythththxththxthyththythty",
            "t_count": 10,
            "error": 0.021064147316438325
        },
        {
            "epsilon": 0.01,
            "time": 0.05873584747314453,
            "seqstr": "hythxththyththyththythththththxthyththythththth",
            "t_count": 19,
            "error": 0.0034822525938050476
        },
        {
            "epsilon": 0.001,
            "time": 26.405293703079224,
            "seqstr": "ythxththththxththththxthyththyththythththththxththththxththz",
            "t_count": 25,
            "error": 0.0007227180413334994
        }
    ]
}