{
    "seed": 612,
    "angles": [
        2.402343296557847,
        1.0402339283906352,
        3.6647850152963732
    ],
    "data": [
        {
            "epsilon": 0.1,
            "time": 0.013837337493896484,
            "seqstr": "yththythththththt",
            "t_count": 8,
            "error": 0.03169244163790659
        },
        {
            "epsilon": 0.01,
            "time": 0.05965757369995117,
            "seqstr": "thythththythththxthyththththththththxththyththz",
            "t_count": 20,
            "error": 0.0009749368611357491
        },
        {
            "epsilon": 0.001,
            "time": 7.526288747787476,
            "seqstr": "shythththythththyththththxthththththxththththyththththththththyththths",
            "t_count": 30,
            "error": 0.000840299031529188
        }
    ]
}