{
    "seed": 173,
    "angles": [
        3.8045289524701733,
        0.9747611215247483,
        6.069477229306682
    ],
    "data": [
        {
            "epsilon": 0.1,
            "time": 0.01360630989074707,
            "seqstr": "thththxthyththythththtx",
            "t_count": 10,
            "error": 0.03235169690307018
        },
        {
            "epsilon": 0.01,
            "time": 0.05899357795715332,
            "seqstr": "shxthththththxththththththxththxththy",
            "t_count": 15,
            "error": 0.0033841576685522917
        },
        {
            "epsilon": 0.001,
            "time": 7.720186233520508,
            "seqstr": "thxththxththyththythththththxthththxthyththyththythththxthththxthtx",
            "t_count": 28,
            "error": 0.0006815925649671552
        }
    ]
}