{
    "seed": 586,
    "angles": [
        6.171628084395891,
        1.6198175860106665,
        4.818694091868229
    ],
    "data": [
        {
            "epsilon": 0.1,
            "time": 0.013634443283081055,
            "seqstr": "hthythththththythththxth",
            "t_count": 10,
            "error": 0.03454974043283031
        },
        {
            "epsilon": 0.01,
            "time": 0.06106066703796387,
            "seqstr": "hththxthththxthththyththythththththythththyth",
            "t_count": 19,
            "error": 0.0028740818244073303
        },
        {
            "epsilon": 0.001,
            "time": 22.68222451210022,
            "seqstr": "hythxthyththththyththththxththythththxththxthythththxththxthsx",
            "t_count": 24,
            "error": 0.0007691475477324038
        }
    ]
}