{
    "seed": 982,
    "angles": [
        4.166575714459352,
        1.3167746693586142,
        0.22912646038235707
    ],
    "data": [
        {
            "epsilon": 0.1,
            "time": 0.009032011032104492,
            "seqstr": "hththththxththxthththxths",
            "t_count": 10,
            "error": 0.038822338818223535
        },
        {
            "epsilon": 0.01,
            "time": 0.05594968795776367,
            "seqstr": "hythxthythththxthythththxththythththxththththxthth",
            "t_count": 20,
            "error": 0.00292747463530561
        },
        {
            "epsilon": 0.001,
            "time": 15.32595443725586,
            "seqstr": "shthxththththyththththththththxthththxththxththxthththxththththxt",
            "t_count": 28,
            "error": 0.0008690560520362667
        }
    ]
}