{
    "seed": 154,
    "angles": [
        0.034538514548497545,
        0.7087735716719895,
        2.7393046541641635
    ],
    "data": [
        {
            "epsilon": 0.1,
            "time": 0.013474464416503906,
            "seqstr": "ythythththxthyth",
            "t_count": 6,
            "error": 0.01720470440311518
        },
        {
            "epsilon": 0.01,
            "time": 0.058242082595825195,
            "seqstr": "thythththxthththxthythththxthththythththththxthy",
            "t_count": 20,
            "error": 0.0013951813430364947
        },
        {
            "epsilon": 0.001,
            "time": 7.592518329620361,
            "seqstr": "shththththyththythththththxththythththxthythththththyththththxthtx",
            "t_count": 28,
            "error": 0.00032044038236402745
        }
    ]
}