{
    "seed": 105,
    "angles": [
        3.4303418222595745,
        2.8940476357207223,
        4.156886948880025
    ],
    "data": [
        {
            "epsilon": 0.1,
            "time": 0.013456344604492188,
            "seqstr": "shththxthththxththths",
            "t_count": 8,
            "error": 0.005813454575784703
        },
        {
            "epsilon": 0.01,
            "time": 0.05902838706970215,
            "seqstr": "shthythththxththxthyththththththxthythththxththsz",
            "t_count": 19,
            "error": 0.0017933803751911568
        },
        {
            "epsilon": 0.001,
            "time": 22.831653833389282,
            "seqstr": "hythththxthythththxthththththyththyththythththththxthththytht",
            "t_count": 26,
            "error": 0.0007711243990085377
        }
    ]
}