{
    "seed": 856,
    "angles": [
        1.0558670404343964,
        0.4382375357075041,
        4.385149167842747
    ],
    "data": [
        {
            "epsilon": 0.1,
            "time": 0.013773202896118164,
            "seqstr": "ythythththxththythththsy",
            "t_count": 9,
            "error": 0.016945125961359185
        },
        {
            "epsilon": 0.01,
            "time": 0.0592188835144043,
            "seqstr": "shxthyththyththththyththththxththythththxththyths",
            "t_count": 19,
            "error": 0.0011247880338777277
        },
        {
            "epsilon": 0.001,
            "time": 7.568100214004517,
            "seqstr": "hythxthythththxththxththththththythththththxththxthththxthythths",
            "t_count": 26,
            "error": 0.0007865419844230779
        }
    ]
}