{
    "seed": 907,
    "angles": [
        4.252302670767042,
        2.5496486221434895,
        2.0996072152720355
    ],
    "data": [
        {
            "epsilon": 0.1,
            "time": 0.01677107810974121,
            "seqstr": "yththyththyt",
            "t_count": 5,
            "error": 0.024670797635096036
        },
        {
            "epsilon": 0.01,
            "time": 0.0908365249633789,
            "seqstr": "yththxthythththythththxthyththyththythththxthz",
            "t_count": 18,
            "error": 0.003584222943222705
        },
        {
            "epsilon": 0.001,
            "time": 91.90498423576355,
            "seqstr": "yththxththxthththyththyththyththththxththxththxthyththyththythththxthyth",
            "t_count": 29,
            "error": 0.0009515142204634516
        }
    ]
}