{
    "seed": 326,
    "angles": [
        4.63031828900516,
        1.9149390968695115,
        5.175018813712562
    ],
    "data": [
        {
            "epsilon": 0.1,
            "time": 0.011290788650512695,
            "seqstr": "yththxthththththxthths",
            "t_count": 9,
            "error": 0.048993028883936786
        },
        {
            "epsilon": 0.01,
            "time": 0.05857563018798828,
            "seqstr": "hthththxthythththxththththythththxththxththxththy",
            "t_count": 20,
            "error": 0.0026086525960583276
        },
        {
            "epsilon": 0.001,
            "time": 5.765065908432007,
            "seqstr": "hythythththxththxththxthyththththxthththxthththththythththyththththth",
            "t_count": 29,
            "error": 0.0005416755983879276
        }
    ]
}