{
    "seed": 301,
    "angles": [
        4.620702088655202,
        2.721074998806195,
        5.70025295273958
    ],
    "data": [
        {
            "epsilon": 0.1,
            "time": 0.01358938217163086,
            "seqstr": "hththxthththththxththx",
            "t_count": 9,
            "error": 0.019718127176990202
        },
        {
            "epsilon": 0.01,
            "time": 0.05860495567321777,
            "seqstr": "hythxththyththyththyththythththththththththxththx",
            "t_count": 20,
            "error": 0.0035265628837432054
        },
        {
            "epsilon": 0.001,
            "time": 7.593477725982666,
            "seqstr": "thththththxththththxthththththxththythththxthyththythththxththtz",
            "t_count": 28,
            "error": 0.0008745065736595879
        }
    ]
}