{
    "seed": 422,
    "angles": [
        0.781850561911535,
        0.9789362779512991,
        2.682782515869185
    ],
    "data": [
        {
            "epsilon": 0.1,
            "time": 0.013677597045898438,
            "seqstr": "shxthythththyththththxththsy",
            "t_count": 10,
            "error": 0.03240853241186468
        },
        {
            "epsilon": 0.01,
            "time": 0.061324357986450195,
            "seqstr": "shxthyththththxthythththyththyththythththxthththth",
            "t_count": 20,
            "error": 0.0037957178592756312
        },
        {
            "epsilon": 0.001,
            "time": 7.572143077850342,
            "seqstr": "hythththxthyththththythththththxththxthyththththxthththththththxthythty",
            "t_count": 30,
            "error": 0.0005558610188677951
        }
    ]
}