{
    "seed": 842,
    "angles": [
        1.0050201267201437,
        2.6210635680216257,
        1.6360405737594865
    ],
    "data": [
        {
            "epsilon": 0.1,
            "time": 0.013658285140991211,
            "seqstr": "ythxththyththththyththz",
            "t_count": 9,
            "error": 0.045061638870099674
        },
        {
            "epsilon": 0.01,
            "time": 0.061380624771118164,
            "seqstr": "yththxththxthththxththxththththythththxthythths",
            "t_count": 19,
            "error": 0.0025366737405537157
        },
        {
            "epsilon": 0.001,
            "time": 7.541919231414795,
            "seqstr": "shxthththxthyththythththththxthththxthththyththththxththththxththythth",
            "t_count": 29,
            "error": 0.0008617634617686432
        }
    ]
}