{
    "seed": 896,
    "angles": [
        1.462929223358623,
        2.9148148079595293,
        3.9649643651143602
    ],
    "data": [
        {
            "epsilon": 0.1,
            "time": 0.013940095901489258,
            "seqstr": "hththyththththxththxthtz",
            "t_count": 10,
            "error": 0.025211191765270365
        },
        {
            "epsilon": 0.01,
            "time": 0.05885004997253418,
            "seqstr": "ththxthythththxthththxththththxththxthththths",
            "t_count": 19,
            "error": 0.0019927656941687837
        },
        {
            "epsilon": 0.001,
            "time": 7.5679121017456055,
            "seqstr": "hythythththxththxthththththyththththththxththythththxththththxty",
            "t_count": 27,
            "error": 0.0007981380702900959
        }
    ]
}