{
    "seed": 295,
    "angles": [
        5.376562620224094,
        1.8732741896071072,
        5.251488515281614
    ],
    "data": [
        {
            "epsilon": 0.1,
            "time": 0.013586997985839844,
            "seqstr": "yththythththyththyththyt",
            "t_count": 10,
            "error": 0.016944525714032068
        },
        {
            "epsilon": 0.01,
            "time": 0.06048846244812012,
            "seqstr": "hthxthththththththythththxththxthththxtx",
            "t_count": 17,
            "error": 0.0005310497289653944
        },
        {
            "epsilon": 0.001,
            "time": 7.712870836257935,
            "seqstr": "hthxthththththththythththxththxthththxtx",
            "t_count": 17,
            "error": 0.0005310497312650761
        }
    ]
}