{
    "seed": 430,
    "angles": [
        1.9888553453283357,
        1.1350116683806206,
        0.07606930777656284
    ],
    "data": [
        {
            "epsilon": 0.1,
            "time": 0.01335287094116211,
            "seqstr": "shthththxthththththtx",
            "t_count": 9,
            "error": 0.016178461184964337
        },
        {
            "epsilon": 0.01,
            "time": 0.05868220329284668,
            "seqstr": "hythxthththxththxthyththyththththththththththsz",
            "t_count": 19,
            "error": 0.002928858385249471
        },
        {
            "epsilon": 0.001,
            "time": 15.111300230026245,
            "seqstr": "shythththxththxthythththxthththyththththxththxththxtx",
            "t_count": 21,
            "error": 0.0008602121174634696
        }
    ]
}