{
    "seed": 727,
    "angles": [
        1.1940010117641542,
        0.6499017962945128,
        3.456069464963738
    ],
    "data": [
        {
            "epsilon": 0.1,
            "time": 0.013835668563842773,
            "seqstr": "shthxththyththththxthththsx",
            "t_count": 10,
            "error": 0.022602417660834696
        },
        {
            "epsilon": 0.01,
            "time": 0.0612945556640625,
            "seqstr": "shthxththxththythththyththyththythththxththxththsx",
            "t_count": 19,
            "error": 0.001614027131799706
        },
        {
            "epsilon": 0.001,
            "time": 15.197383880615234,
            "seqstr": "shxththxththythththxthyththyththythththyththththxththxthththxthththsx",
            "t_count": 27,
            "error": 0.0004827909196411133
        }
    ]
}