{
    "seed": 499,
    "angles": [
        4.411729736685571,
        0.8998819369485914,
        2.3235361380252844
    ],
    "data": [
        {
            "epsilon": 0.1,
            "time": 0.01143646240234375,
            "seqstr": "shyththyththththt",
            "t_count": 7,
            "error": 0.03184159244675063
        },
        {
            "epsilon": 0.01,
            "time": 0.05848217010498047,
            "seqstr": "shxthththxthyththththththxththxthththythththxthty",
            "t_count": 20,
            "error": 0.001935887708210454
        },
        {
            "epsilon": 0.001,
            "time": 15.114731073379517,
            "seqstr": "shthythththxthththxthththththxththxthythththththxthththththxthythththxthz",
            "t_count": 30,
            "error": 0.0007198922194492205
        }
    ]
}