{
    "seed": 187,
    "angles": [
        4.477953102244701,
        1.253158986784195,
        2.745235036228296
    ],
    "data": [
        {
            "epsilon": 0.1,
            "time": 0.013985395431518555,
            "seqstr": "shyththththththththy",
            "t_count": 8,
            "error": 0.04980079025833298
        },
        {
            "epsilon": 0.01,
            "time": 0.058338165283203125,
            "seqstr": "hyththxthththythththththxththxththxthyththththxthsz",
            "t_count": 20,
            "error": 0.004418700346661665
        },
        {
            "epsilon": 0.001,
            "time": 15.26779317855835,
            "seqstr": "shyththththxthyththththxthththththxthythththxthyththythththththth",
            "t_count": 27,
            "error": 0.0009982506707548132
        }
    ]
}