{
    "seed": 742,
    "angles": [
        3.078661665930891,
        0.43462148922362603,
        1.7841247171774288
    ],
    "data": [
        {
            "epsilon": 0.1,
            "time": 0.014169454574584961,
            "seqstr": "hthxthythththxththxthththz",
            "t_count": 10,
            "error": 0.0166098260589443
        },
        {
            "epsilon": 0.01,
            "time": 0.05681657791137695,
            "seqstr": "hthythththythththythththxthththyththththxthytht",
            "t_count": 20,
            "error": 0.0029548021699436207
        },
        {
            "epsilon": 0.001,
            "time": 7.569030523300171,
            "seqstr": "thxththththxththyththythththxthththxthythththythththththythty",
            "t_count": 26,
            "error": 0.0007313076654627636
        }
    ]
}