{
    "seed": 910,
    "angles": [
        2.659841075016706,
        2.087283386095215,
        5.499865418226403
    ],
    "data": [
        {
            "epsilon": 0.1,
            "time": 0.00897836685180664,
            "seqstr": "hyththxthyththththththxthy",
            "t_count": 10,
            "error": 0.0337682224443793
        },
        {
            "epsilon": 0.01,
            "time": 0.054437875747680664,
            "seqstr": "shthththyththththththxththxththxthththxthythththsx",
            "t_count": 20,
            "error": 0.0019135630507969206
        },
        {
            "epsilon": 0.001,
            "time": 7.5591630935668945,
            "seqstr": "thththththxthththththththxththththyththythththththxththxty",
            "t_count": 26,
            "error": 0.00082660093640794
        }
    ]
}