{
    "seed": 476,
    "angles": [
        5.382497559293061,
        2.1238010418052387,
        3.721586537261765
    ],
    "data": [
        {
            "epsilon": 0.1,
            "time": 0.013801097869873047,
            "seqstr": "hythyththththxthythty",
            "t_count": 8,
            "error": 0.02904900715740895
        },
        {
            "epsilon": 0.01,
            "time": 0.06140756607055664,
            "seqstr": "hyththxththythththththythththththxththththxths",
            "t_count": 19,
            "error": 0.0020342762296503758
        },
        {
            "epsilon": 0.001,
            "time": 30.260655879974365,
            "seqstr": "shththththyththythththythththththythththththyththyththyththsz",
            "t_count": 25,
            "error": 0.0007642567479427561
        }
    ]
}