{
    "seed": 683,
    "angles": [
        4.259644660979726,
        0.1962123640427628,
        3.2350999969356335
    ],
    "data": [
        {
            "epsilon": 0.1,
            "time": 0.014005422592163086,
            "seqstr": "hththththxththythththxths",
            "t_count": 10,
            "error": 0.01055754688574295
        },
        {
            "epsilon": 0.01,
            "time": 0.05927777290344238,
            "seqstr": "thxththththxthyththythththththythththththxthsz",
            "t_count": 19,
            "error": 0.003689271740172393
        },
        {
            "epsilon": 0.001,
            "time": 7.601561784744263,
            "seqstr": "shxththththyththyththyththythththxthythththththyththythththythththths",
            "t_count": 28,
            "error": 0.0007570028703881864
        }
    ]
}