{
    "seed": 861,
    "angles": [
        0.6226868960226568,
        0.603103955984745,
        1.2605814692249533
    ],
    "data": [
        {
            "epsilon": 0.1,
            "time": 0.014014720916748047,
            "seqstr": "thxthththyththythththsz",
            "t_count": 9,
            "error": 0.03774162726214645
        },
        {
            "epsilon": 0.01,
            "time": 0.05970883369445801,
            "seqstr": "shthyththyththththththythththyththththyththththsz",
            "t_count": 20,
            "error": 0.005387934247036547
        },
        {
            "epsilon": 0.001,
            "time": 15.302306413650513,
            "seqstr": "ththythththxththththxththththythththththxththxthththththxthty",
            "t_count": 27,
            "error": 0.000539761445528937
        }
    ]
}