{
    "seed": 643,
    "angles": [
        1.9626549624819294,
        0.8769599775157269,
        3.44500321613948
    ],
    "data": [
        {
            "epsilon": 0.1,
            "time": 0.013834714889526367,
            "seqstr": "thxthythththxthththyt",
            "t_count": 9,
            "error": 0.02851446671056924
        },
        {
            "epsilon": 0.01,
            "time": 0.06105947494506836,
            "seqstr": "thththththxththxthythththxththxthyththththxthyth",
            "t_count": 20,
            "error": 0.00236127724248115
        },
        {
            "epsilon": 0.001,
            "time": 7.578417778015137,
            "seqstr": "hththxththythththyththyththythththyththththxththxththyththths",
            "t_count": 25,
            "error": 0.0009278391247890569
        }
    ]
}