{
    "seed": 718,
    "angles": [
        5.240335076956679,
        0.9782363157511875,
        1.755517920559159
    ],
    "data": [
        {
            "epsilon": 0.1,
            "time": 0.01374959945678711,
            "seqstr": "hyththythththxththyththtz",
            "t_count": 10,
            "error": 0.03906253840724888
        },
        {
            "epsilon": 0.01,
            "time": 0.06074333190917969,
            "seqstr": "shththyththythththxththyththyththththyththththxthsz",
            "t_count": 20,
            "error": 0.004460716357493841
        },
        {
            "epsilon": 0.001,
            "time": 22.73688006401062,
            "seqstr": "ththxthththththxthyththythththyththythththxthththththththxt",
            "t_count": 26,
            "error": 0.0007025692871263775
        }
    ]
}