{
    "seed": 148,
    "angles": [
        0.2593449829892882,
        2.9832279525655507,
        4.93254720643794
    ],
    "data": [
        {
            "epsilon": 0.1,
            "time": 0.013599395751953125,
            "seqstr": "shythththththyththththtx",
            "t_count": 10,
            "error": 0.03360698806559989
        },
        {
            "epsilon": 0.01,
            "time": 0.059113264083862305,
            "seqstr": "shthyththththyththyththththxthththxththxththxths",
            "t_count": 19,
            "error": 0.0040500336009401585
        },
        {
            "epsilon": 0.001,
            "time": 7.634600639343262,
            "seqstr": "ythxththththythththththxththythththxthythththxththxthz",
            "t_count": 22,
            "error": 0.0006287531311187242
        }
    ]
}