{
    "seed": 870,
    "angles": [
        4.200493681085718,
        0.7523531756542451,
        5.4224871271569475
    ],
    "data": [
        {
            "epsilon": 0.1,
            "time": 0.014253854751586914,
            "seqstr": "yththxththththxththxtht",
            "t_count": 10,
            "error": 0.01709742266072968
        },
        {
            "epsilon": 0.01,
            "time": 0.05871224403381348,
            "seqstr": "shythththxththththththythththythththxthyththtx",
            "t_count": 19,
            "error": 0.0041932187003787275
        },
        {
            "epsilon": 0.001,
            "time": 15.313783884048462,
            "seqstr": "shthththxththxthyththththxththxthyththththythththythththyththtz",
            "t_count": 26,
            "error": 0.0006740778318877732
        }
    ]
}