{
    "seed": 887,
    "angles": [
        3.6498527743553524,
        2.7093432762634113,
        5.913204131811015
    ],
    "data": [
        {
            "epsilon": 0.1,
            "time": 0.013881921768188477,
            "seqstr": "hthththxththxththxththy",
            "t_count": 9,
            "error": 0.02443747228651486
        },
        {
            "epsilon": 0.01,
            "time": 0.06150197982788086,
            "seqstr": "ththxthththxththyththththththxththththththth",
            "t_count": 20,
            "error": 0.0022076270736440047
        },
        {
            "epsilon": 0.001,
            "time": 7.592519044876099,
            "seqstr": "shythththxthththxthythththxthththxthyththththxthththththxththythththsz",
            "t_count": 28,
            "error": 0.0004954464181627919
        }
    ]
}