{
    "seed": 244,
    "angles": [
        2.125356253165598,
        2.10963100439486,
        0.47026207144918253
    ],
    "data": [
        {
            "epsilon": 0.1,
            "time": 0.013678312301635742,
            "seqstr": "hythxthythththythththythths",
            "t_count": 10,
            "error": 0.03958314593512202
        },
        {
            "epsilon": 0.01,
            "time": 0.059058189392089844,
            "seqstr": "shthxthythththththththyththththththththyththyths",
            "t_count": 20,
            "error": 0.0007915137146551508
        },
        {
            "epsilon": 0.001,
            "time": 7.615727186203003,
            "seqstr": "shthxthythththththththyththththththththyththyths",
            "t_count": 20,
            "error": 0.0007915137163383404
        }
    ]
}