{
    "seed": 569,
    "angles": [
        4.509832516417948,
        1.5334167348599559,
        0.8825347088643856
    ],
    "data": [
        {
            "epsilon": 0.1,
            "time": 0.011478662490844727,
            "seqstr": "thxthythththththythth",
            "t_count": 9,
            "error": 0.021085521556957844
        },
        {
            "epsilon": 0.01,
            "time": 0.05687284469604492,
            "seqstr": "shxthyththyththythththththxththxthytht",
            "t_count": 15,
            "error": 0.0024319954681933684
        },
        {
            "epsilon": 0.001,
            "time": 15.173704385757446,
            "seqstr": "ththyththythththththththththxththththxthyththyththythththsz",
            "t_count": 25,
            "error": 0.0009166040408771695
        }
    ]
}