{
    "seed": 26,
    "angles": [
        5.25374974983979,
        0.9183761291157566,
        3.5109772515666853
    ],
    "data": [
        {
            "epsilon": 0.1,
            "time": 0.013585805892944336,
            "seqstr": "shxththxththxththxthyththty",
            "t_count": 10,
            "error": 0.028186080686932697
        },
        {
            "epsilon": 0.01,
            "time": 0.05627703666687012,
            "seqstr": "shxththththththxthththyththythththythththxthth",
            "t_count": 19,
            "error": 0.0034195599085397902
        },
        {
            "epsilon": 0.001,
            "time": 7.7067365646362305,
            "seqstr": "hthythththxthththxththxthththththththyththythththththththxth",
            "t_count": 26,
            "error": 0.0005762589766707375
        }
    ]
}