{
    "seed": 714,
    "angles": [
        3.346299807455379,
        2.4522119236648265,
        1.4069201450143112
    ],
    "data": [
        {
            "epsilon": 0.1,
            "time": 0.013694524765014648,
            "seqstr": "thxththythththyththyththsz",
            "t_count": 10,
            "error": 0.03583882590610339
        },
        {
            "epsilon": 0.01,
            "time": 0.061348915100097656,
            "seqstr": "hythxthththxthththththxththththxthththyththythty",
            "t_count": 20,
            "error": 0.0037059209850480303
        },
        {
            "epsilon": 0.001,
            "time": 7.597890138626099,
            "seqstr": "shyththythththythththxthththxththythththyththythththythththyths",
            "t_count": 25,
            "error": 0.00043834225743355487
        }
    ]
}