{
    "seed": 98,
    "angles": [
        4.586181036506989,
        1.0008096777847928,
        0.43196155861634544
    ],
    "data": [
        {
            "epsilon": 0.1,
            "time": 0.013507604598999023,
            "seqstr": "shxthththththxthyththths",
            "t_count": 9,
            "error": 0.04077739551856272
        },
        {
            "epsilon": 0.01,
            "time": 0.059569358825683594,
            "seqstr": "ththxththxththththththyththyththththxththxthth",
            "t_count": 20,
            "error": 0.004613807259123127
        },
        {
            "epsilon": 0.001,
            "time": 15.164665699005127,
            "seqstr": "hththyththyththththththxthththyththyththththxththththththxths",
            "t_count": 26,
            "error": 0.0008069339629350017
        }
    ]
}