{
    "seed": 533,
    "angles": [
        1.6507244978898683,
        2.588223786482413,
        3.9417869799713015
    ],
    "data": [
        {
            "epsilon": 0.1,
            "time": 0.011434793472290039,
            "seqstr": "shththyththththyththththsy",
            "t_count": 10,
            "error": 0.04053550996863534
        },
        {
            "epsilon": 0.01,
            "time": 0.05883359909057617,
            "seqstr": "yththxththththythththythththxthththxththyththth",
            "t_count": 20,
            "error": 0.002052876237478949
        },
        {
            "epsilon": 0.001,
            "time": 7.586899518966675,
            "seqstr": "shththxthythththththyththyththyththththxthththxthyththythththxthsx",
            "t_count": 26,
            "error": 0.0009985781277254814
        }
    ]
}