{
    "seed": 229,
    "angles": [
        5.017332938347925,
        2.0494135139259217,
        1.3097260672389206
    ],
    "data": [
        {
            "epsilon": 0.1,
            "time": 0.011241912841796875,
            "seqstr": "hththxthththththt",
            "t_count": 8,
            "error": 0.04018396730194133
        },
        {
            "epsilon": 0.01,
            "time": 0.05857253074645996,
            "seqstr": "hythythththxthythththththythththyththyththyththyth",
            "t_count": 20,
            "error": 0.0035223789558775235
        },
        {
            "epsilon": 0.001,
            "time": 7.619622230529785,
            "seqstr": "hythythththyththythththththxthyththththththxthyththythththyththyt",
            "t_count": 27,
            "error": 0.0008689014583243798
        }
    ]
}