{
    "seed": 890,
    "angles": [
        0.6235476488654519,
        2.6874920968701037,
        0.8154515914704219
    ],
    "data": [
        {
            "epsilon": 0.1,
            "time": 0.013661861419677734,
            "seqstr": "shythththyththythththththsz",
            "t_count": 10,
            "error": 0.039341304819614675
        },
        {
            "epsilon": 0.01,
            "time": 0.05868268013000488,
            "seqstr": "shxththxththxththythththxthththththxththyththtx",
            "t_count": 19,
            "error": 0.001500831526696577
        },
        {
            "epsilon": 0.001,
            "time": 22.95851492881775,
            "seqstr": "hyththxthyththythththxththyththyththththxththxthythththththty",
            "t_count": 25,
            "error": 0.00038316170296932053
        }
    ]
}