{
    "seed": 130,
    "angles": [
        4.291236219619057,
        2.5195022585774565,
        2.294373954903831
    ],
    "data": [
        {
            "epsilon": 0.1,
            "time": 0.013635396957397461,
            "seqstr": "shthythththyththyththththz",
            "t_count": 10,
            "error": 0.01788868259606683
        },
        {
            "epsilon": 0.01,
            "time": 0.060129404067993164,
            "seqstr": "thxththththththxththythththyththythththtx",
            "t_count": 18,
            "error": 0.002804942742160943
        },
        {
            "epsilon": 0.001,
            "time": 30.443872213363647,
            "seqstr": "thythththythththythththxthththythththyththththxthyththththyththy",
            "t_count": 27,
            "error": 0.0006329285302968452
        }
    ]
}