{
    "seed": 768,
    "angles": [
        2.429720452894788,
        1.0846334055489901,
        0.8509745414956922
    ],
    "data": [
        {
            "epsilon": 0.1,
            "time": 0.014070510864257812,
            "seqstr": "ythxththxththththxthththx",
            "t_count": 10,
            "error": 0.03744196216154388
        },
        {
            "epsilon": 0.01,
            "time": 0.0614469051361084,
            "seqstr": "shththyththythththythththththxthththythththtx",
            "t_count": 19,
            "error": 0.002201541447005843
        },
        {
            "epsilon": 0.001,
            "time": 7.657564401626587,
            "seqstr": "thxthythththythththxthyththththythththxthththythththxthyththyt",
            "t_count": 26,
            "error": 0.0004062898813864903
        }
    ]
}