{
    "seed": 92,
    "angles": [
        1.906226554490683,
        1.1123952503974626,
        4.941019290295617
    ],
    "data": [
        {
            "epsilon": 0.1,
            "time": 0.01358342170715332,
            "seqstr": "hththxthththththty",
            "t_count": 8,
            "error": 0.030065643483518676
        },
        {
            "epsilon": 0.01,
            "time": 0.05950355529785156,
            "seqstr": "yththyththyththythththyththyththththxthththththsy",
            "t_count": 20,
            "error": 0.003979572913552582
        },
        {
            "epsilon": 0.001,
            "time": 7.601012706756592,
            "seqstr": "thxthyththythththyththyththththxthththththxthyththythththytht",
            "t_count": 26,
            "error": 0.0006403286760818951
        }
    ]
}