{
    "seed": 994,
    "angles": [
        3.4069624713536673,
        1.0183880901563138,
        5.943695099267426
    ],
    "data": [
        {
            "epsilon": 0.1,
            "time": 0.011954307556152344,
            "seqstr": "yththththxththxthththth",
            "t_count": 10,
            "error": 0.03852368469907342
        },
        {
            "epsilon": 0.01,
            "time": 0.05728864669799805,
            "seqstr": "hythythththxthththxthythththththythththxththxthsx",
            "t_count": 19,
            "error": 0.005547915380163854
        },
        {
            "epsilon": 0.001,
            "time": 45.48376989364624,
            "seqstr": "shxththxthththxthththxththxththxthythththxthyththththxththththxththxty",
            "t_count": 28,
            "error": 0.0004784518740447341
        }
    ]
}