{
    "seed": 406,
    "angles": [
        4.3997975465724215,
        1.0578680187738208,
        5.042526086196373
    ],
    "data": [
        {
            "epsilon": 0.1,
            "time": 0.011504411697387695,
            "seqstr": "hththxththyththythththsz",
            "t_count": 9,
            "error": 0.014383952505544953
        },
        {
            "epsilon": 0.01,
            "time": 0.05881190299987793,
            "seqstr": "shthxthththththxthythththythththxthththythththt",
            "t_count": 20,
            "error": 0.00269330747757439
        },
        {
            "epsilon": 0.001,
            "time": 7.604398012161255,
            "seqstr": "yththxthyththyththythththxththythththxthyththyththythththythththththx",
            "t_count": 28,
            "error": 0.0007109461742054421
        }
    ]
}