{
    "seed": 917,
    "angles": [
        5.744377662439221,
        1.76578156417908,
        0.5244508990180812
    ],
    "data": [
        {
            "epsilon": 0.1,
            "time": 0.011875152587890625,
            "seqstr": "hththththyththyththythty",
            "t_count": 10,
            "error": 0.012696283540597108
        },
        {
            "epsilon": 0.01,
            "time": 0.05437207221984863,
            "seqstr": "hyththxththththxthththxthyththyththyththththththsy",
            "t_count": 20,
            "error": 0.0019231100926694836
        },
        {
            "epsilon": 0.001,
            "time": 7.56798791885376,
            "seqstr": "shthxthththxthyththyththththththththxththxththththxthythththty",
            "t_count": 26,
            "error": 0.0006707521051373058
        }
    ]
}