{
    "seed": 353,
    "angles": [
        2.7964117558659636,
        2.0006237229597352,
        0.605308678797579
    ],
    "data": [
        {
            "epsilon": 0.1,
            "time": 0.013709783554077148,
            "seqstr": "hthxthththxthythththytht",
            "t_count": 10,
            "error": 0.05214330157539723
        },
        {
            "epsilon": 0.01,
            "time": 0.06063723564147949,
            "seqstr": "hythxthththxthththythththyththththythththxththxthy",
            "t_count": 20,
            "error": 0.0025772952165828067
        },
        {
            "epsilon": 0.001,
            "time": 7.674311637878418,
            "seqstr": "ythxthththxthyththythththxththththxthththythththythththxththxththxthz",
            "t_count": 28,
            "error": 0.0009126736083465033
        }
    ]
}