{
    "seed": 540,
    "angles": [
        0.20784473868065945,
        1.6886978351089195,
        0.8355446708828351
    ],
    "data": [
        {
            "epsilon": 0.1,
            "time": 0.014043092727661133,
            "seqstr": "shxthththxthththxthththtx",
            "t_count": 10,
            "error": 0.012488412857475806
        },
        {
            "epsilon": 0.01,
            "time": 0.05711102485656738,
            "seqstr": "ythxththxththxththxththxthythththththththythththy",
            "t_count": 20,
            "error": 0.0027675455599882686
        },
        {
            "epsilon": 0.001,
            "time": 7.594514846801758,
            "seqstr": "hythythththxthyththyththythththxththththxthththththththxthyth",
            "t_count": 25,
            "error": 0.0008872439480737099
        }
    ]
}