{
    "seed": 63,
    "angles": [
        2.9622878570345206,
        1.9826495524632801,
        0.945827713816425
    ],
    "data": [
        {
            "epsilon": 0.1,
            "time": 0.013607025146484375,
            "seqstr": "shyththyththyththythtx",
            "t_count": 8,
            "error": 0.03654316058652063
        },
        {
            "epsilon": 0.01,
            "time": 0.05625796318054199,
            "seqstr": "hthxththththxththxththxththxththxthyththyththththsz",
            "t_count": 20,
            "error": 0.00102720158700079
        },
        {
            "epsilon": 0.001,
            "time": 15.121456861495972,
            "seqstr": "hthxthththxthythththththythththxthyththythththxththxththththxthythth",
            "t_count": 28,
            "error": 0.0009744211004464616
        }
    ]
}