{
    "seed": 938,
    "angles": [
        0.2975446900939782,
        0.7388529405648896,
        4.305441527933573
    ],
    "data": [
        {
            "epsilon": 0.1,
            "time": 0.011804819107055664,
            "seqstr": "hythyththththxthththyththsz",
            "t_count": 10,
            "error": 0.03325469397798312
        },
        {
            "epsilon": 0.01,
            "time": 0.05927896499633789,
            "seqstr": "yththythththythththxththyththyththyththththxththz",
            "t_count": 20,
            "error": 0.004183745168222855
        },
        {
            "epsilon": 0.001,
            "time": 7.582821369171143,
            "seqstr": "shxthththythththththythththxththxthththyththythththxththththxthththth",
            "t_count": 29,
            "error": 0.0008134389169479825
        }
    ]
}