{
    "seed": 552,
    "angles": [
        1.674391608864429,
        0.1886119541797784,
        2.1683295400616185
    ],
    "data": [
        {
            "epsilon": 0.1,
            "time": 0.013701677322387695,
            "seqstr": "shyththythththththyththsx",
            "t_count": 9,
            "error": 0.028454643406308315
        },
        {
            "epsilon": 0.01,
            "time": 0.06169390678405762,
            "seqstr": "hththththythththxththththxththxththththyththz",
            "t_count": 19,
            "error": 0.0015405553874509868
        },
        {
            "epsilon": 0.001,
            "time": 7.566633939743042,
            "seqstr": "ythyththththythththththththxththythththyththythththxththythththththyths",
            "t_count": 30,
            "error": 0.0006955547055603982
        }
    ]
}