{
    "seed": 115,
    "angles": [
        4.698278353945964,
        1.230512952541165,
        5.776311918810488
    ],
    "data": [
        {
            "epsilon": 0.1,
            "time": 0.014186859130859375,
            "seqstr": "shthxthththththththxththy",
            "t_count": 10,
            "error": 0.03717630538721866
        },
        {
            "epsilon": 0.01,
            "time": 0.05857682228088379,
            "seqstr": "hthxthyththththxthyththththxthththxththxththty",
            "t_count": 19,
            "error": 0.005244594901356759
        },
        {
            "epsilon": 0.001,
            "time": 15.222504138946533,
            "seqstr": "shxthththxthyththyththththythththththxthththyththththxtht",
            "t_count": 24,
            "error": 0.0008393467580062173
        }
    ]
}