{
    "seed": 913,
    "angles": [
        2.549650659622321,
        0.8903381275880908,
        3.9021832071438016
    ],
    "data": [
        {
            "epsilon": 0.1,
            "time": 0.011977434158325195,
            "seqstr": "shththxththththxththty",
            "t_count": 9,
            "error": 0.02338736738765562
        },
        {
            "epsilon": 0.01,
            "time": 0.05733847618103027,
            "seqstr": "hthxththxththththxththyththththxththxthyths",
            "t_count": 17,
            "error": 0.0045441371949957125
        },
        {
            "epsilon": 0.001,
            "time": 7.5958898067474365,
            "seqstr": "ythththxthythththythththxthythththxthththythththxthyththththththy",
            "t_count": 27,
            "error": 0.0007619980927255309
        }
    ]
}