{
    "seed": 894,
    "angles": [
        2.7845922925589655,
        1.2762327969034204,
        4.472693433350086
    ],
    "data": [
        {
            "epsilon": 0.1,
            "time": 0.011502504348754883,
            "seqstr": "shthththxthththththxththz",
            "t_count": 10,
            "error": 0.039897067745529924
        },
        {
            "epsilon": 0.01,
            "time": 0.05911588668823242,
            "seqstr": "hththxththythththyththththxthyththththyththth",
            "t_count": 19,
            "error": 0.0032557611446001056
        },
        {
            "epsilon": 0.001,
            "time": 45.629377603530884,
            "seqstr": "hththxththyththththyththythththxththyththththyththythththxththyt",
            "t_count": 27,
            "error": 0.0008842789403548183
        }
    ]
}