{
    "seed": 951,
    "angles": [
        0.15062283862392167,
        2.3650670924034816,
        3.724569789698662
    ],
    "data": [
        {
            "epsilon": 0.1,
            "time": 0.00905609130859375,
            "seqstr": "shththxthththxththxthyththsx",
            "t_count": 10,
            "error": 0.029281497745097244
        },
        {
            "epsilon": 0.01,
            "time": 0.056664228439331055,
            "seqstr": "hththththxththythththththxthythththththxththsy",
            "t_count": 19,
            "error": 0.004278755374439094
        },
        {
            "epsilon": 0.001,
            "time": 7.698507308959961,
            "seqstr": "ththyththyththththththxththythththxththththxththythththxththxth",
            "t_count": 27,
            "error": 0.0004685394870113525
        }
    ]
}