{
    "seed": 193,
    "angles": [
        4.46706801214937,
        2.4660793849091536,
        5.042245470563984
    ],
    "data": [
        {
            "epsilon": 0.1,
            "time": 0.013509988784790039,
            "seqstr": "thxthththxthythththxthths",
            "t_count": 10,
            "error": 0.04632283485794349
        },
        {
            "epsilon": 0.01,
            "time": 0.05883336067199707,
            "seqstr": "thxthythththxththxthythththththxthythththsz",
            "t_count": 17,
            "error": 0.0020218161995828945
        },
        {
            "epsilon": 0.001,
            "time": 7.558464288711548,
            "seqstr": "shthythththxththyththythththythththythththyththththxththxthyththyththytht",
            "t_count": 30,
            "error": 0.0008567760006260452
        }
    ]
}