{
    "seed": 534,
    "angles": [
        1.2675601553180673,
        1.3520365830649534,
        3.9782243963726605
    ],
    "data": [
        {
            "epsilon": 0.1,
            "time": 0.01376199722290039,
            "seqstr": "hththxththxththxthths",
            "t_count": 8,
            "error": 0.03320538919527707
        },
        {
            "epsilon": 0.01,
            "time": 0.06145477294921875,
            "seqstr": "ythxththxthththxthythththththxththythththyththy",
            "t_count": 19,
            "error": 0.004241189117381439
        },
        {
            "epsilon": 0.001,
            "time": 7.6282312870025635,
            "seqstr": "ythyththththythththxththyththyththythththxththththxthththxthyt",
            "t_count": 26,
            "error": 0.00029823636613904043
        }
    ]
}