{
    "seed": 755,
    "angles": [
        1.7458365451778057,
        0.5150311827880728,
        5.700281280766917
    ],
    "data": [
        {
            "epsilon": 0.1,
            "time": 0.011144161224365234,
            "seqstr": "shththxthththxthythththtz",
            "t_count": 10,
            "error": 0.020440879273197484
        },
        {
            "epsilon": 0.01,
            "time": 0.05785369873046875,
            "seqstr": "hythththxthythththththythththxththththxthytht",
            "t_count": 19,
            "error": 0.0013993955101848743
        },
        {
            "epsilon": 0.001,
            "time": 13.185378074645996,
            "seqstr": "hythxththxththxththyththythththxththxthththxththxththxthyththyththyththththsz",
            "t_count": 30,
            "error": 0.0007350808915043429
        }
    ]
}