{
    "seed": 832,
    "angles": [
        4.919220012525837,
        1.76799181958652,
        0.2060082304797417
    ],
    "data": [
        {
            "epsilon": 0.1,
            "time": 0.013914823532104492,
            "seqstr": "thxththththyththythththsz",
            "t_count": 10,
            "error": 0.05432115440656773
        },
        {
            "epsilon": 0.01,
            "time": 0.06158781051635742,
            "seqstr": "thxththythththxthythththxththxththxthththyththtx",
            "t_count": 20,
            "error": 0.0046007056058657595
        },
        {
            "epsilon": 0.001,
            "time": 5.5241241455078125,
            "seqstr": "hththxththththyththythththththyththythththxthththyththythththththxththsy",
            "t_count": 30,
            "error": 0.0006671851938425858
        }
    ]
}