{
    "seed": 880,
    "angles": [
        0.14024986688115382,
        2.1262075847820188,
        5.950791029783378
    ],
    "data": [
        {
            "epsilon": 0.1,
            "time": 0.01416015625,
            "seqstr": "thxthyththyththththythtx",
            "t_count": 10,
            "error": 0.042940071791007166
        },
        {
            "epsilon": 0.01,
            "time": 0.05911564826965332,
            "seqstr": "shxthththxthththxththththxthththyththththxthyththsz",
            "t_count": 20,
            "error": 0.004025630856388226
        },
        {
            "epsilon": 0.001,
            "time": 7.569751977920532,
            "seqstr": "thxthyththyththythththxthythththyththythththxthyththtz",
            "t_count": 22,
            "error": 0.0006247746350863409
        }
    ]
}