{
    "seed": 573,
    "angles": [
        2.128556426823013,
        1.904287869617872,
        0.10751230648371868
    ],
    "data": [
        {
            "epsilon": 0.1,
            "time": 0.011519670486450195,
            "seqstr": "hthxthyththyththththths",
            "t_count": 9,
            "error": 0.013111273461166273
        },
        {
            "epsilon": 0.01,
            "time": 0.05676889419555664,
            "seqstr": "ythththththyththythththxththxthyththyththythththz",
            "t_count": 20,
            "error": 0.0029012574159604627
        },
        {
            "epsilon": 0.001,
            "time": 22.903981685638428,
            "seqstr": "thththyththythththythththxththyththyththththxththxththx",
            "t_count": 23,
            "error": 0.0009562523367031555
        }
    ]
}