{
    "seed": 770,
    "angles": [
        5.574546460240047,
        0.5680810886133861,
        4.881203188262296
    ],
    "data": [
        {
            "epsilon": 0.1,
            "time": 0.014043807983398438,
            "seqstr": "hythxththththththththxty",
            "t_count": 10,
            "error": 0.0179679869438928
        },
        {
            "epsilon": 0.01,
            "time": 0.061251163482666016,
            "seqstr": "shthyththththththxththyththththxththxththyt",
            "t_count": 18,
            "error": 0.0031874642307984356
        },
        {
            "epsilon": 0.001,
            "time": 15.229705333709717,
            "seqstr": "hyththyththythththththxthyththththxththththxththxththythththxthththsy",
            "t_count": 28,
            "error": 0.0008903613416226505
        }
    ]
}