{
    "seed": 284,
    "angles": [
        2.8280204262401174,
        0.8825834204131812,
        2.813037887145434
    ],
    "data": [
        {
            "epsilon": 0.1,
            "time": 0.013411283493041992,
            "seqstr": "hthxththxththx",
            "t_count": 5,
            "error": 0.040248795789526254
        },
        {
            "epsilon": 0.01,
            "time": 0.06061601638793945,
            "seqstr": "hthxthththyththththxththththththxththxththtx",
            "t_count": 19,
            "error": 0.003917390608748521
        },
        {
            "epsilon": 0.001,
            "time": 30.336214065551758,
            "seqstr": "shxthththxththxthyththththththxthythththxthththxththxthththythth",
            "t_count": 26,
            "error": 0.0009854022182974838
        }
    ]
}