{
    "seed": 802,
    "angles": [
        3.460808186571988,
        0.9149338936796595,
        6.253950529728549
    ],
    "data": [
        {
            "epsilon": 0.1,
            "time": 0.013393640518188477,
            "seqstr": "yththxththxthththythththz",
            "t_count": 10,
            "error": 0.04296953049179513
        },
        {
            "epsilon": 0.01,
            "time": 0.05981254577636719,
            "seqstr": "thththththxththxthyththththththxthththythty",
            "t_count": 19,
            "error": 0.0027672046572937087
        },
        {
            "epsilon": 0.001,
            "time": 7.685366630554199,
            "seqstr": "thxththxththxththyththythththxththyththththxththxthyththyths",
            "t_count": 24,
            "error": 0.00022059059558534209
        }
    ]
}