{
    "seed": 614,
    "angles": [
        2.8129470690778318,
        1.851230041368557,
        0.43246350871558015
    ],
    "data": [
        {
            "epsilon": 0.1,
            "time": 0.014099597930908203,
            "seqstr": "hthththxthyththththythths",
            "t_count": 10,
            "error": 0.02854496774129709
        },
        {
            "epsilon": 0.01,
            "time": 0.05822134017944336,
            "seqstr": "hththxthythththxthythththxthththyththythththththsy",
            "t_count": 20,
            "error": 0.003418231820605902
        },
        {
            "epsilon": 0.001,
            "time": 7.6741578578948975,
            "seqstr": "ythxthyththyththththththxththythththythththxththyththththxthththyt",
            "t_count": 28,
            "error": 0.000675115473676309
        }
    ]
}