{
    "seed": 818,
    "angles": [
        5.757201684287835,
        1.7409236292139827,
        5.277018203309536
    ],
    "data": [
        {
            "epsilon": 0.1,
            "time": 0.011404037475585938,
            "seqstr": "thxthyththyththyththththsx",
            "t_count": 10,
            "error": 0.011329423861006981
        },
        {
            "epsilon": 0.01,
            "time": 0.05877566337585449,
            "seqstr": "hythythththyththyththyththththththyththyththth",
            "t_count": 19,
            "error": 0.0029238117134513875
        },
        {
            "epsilon": 0.001,
            "time": 20.6681866645813,
            "seqstr": "shxththththxththththththththxthththxthththxthththythththxththtx",
            "t_count": 27,
            "error": 0.000956819006133865
        }
    ]
}