{
    "seed": 855,
    "angles": [
        5.376495316643416,
        1.4904849040901262,
        0.0268369013242431
    ],
    "data": [
        {
            "epsilon": 0.1,
            "time": 0.011497974395751953,
            "seqstr": "shthththythththththt",
            "t_count": 9,
            "error": 0.04666661789696896
        },
        {
            "epsilon": 0.01,
            "time": 0.05889725685119629,
            "seqstr": "shxthththxththththxthththythththythththxty",
            "t_count": 17,
            "error": 0.003811977573965044
        },
        {
            "epsilon": 0.001,
            "time": 22.6642849445343,
            "seqstr": "shththxththththththxththxthththxththythththxthythththxthythththx",
            "t_count": 26,
            "error": 0.000920272213191213
        }
    ]
}