{
    "seed": 555,
    "angles": [
        4.336501398323465,
        0.7769385153988577,
        0.30594737881703793
    ],
    "data": [
        {
            "epsilon": 0.1,
            "time": 0.014116048812866211,
            "seqstr": "shxththyththththxthththxthz",
            "t_count": 10,
            "error": 0.011699503593347062
        },
        {
            "epsilon": 0.01,
            "time": 0.05666637420654297,
            "seqstr": "shyththththythththxthyththththxththxththxththxthtz",
            "t_count": 20,
            "error": 0.003198420602432819
        },
        {
            "epsilon": 0.001,
            "time": 7.566280126571655,
            "seqstr": "shythththththxthythththxthththxththythththththththththytht",
            "t_count": 25,
            "error": 0.0007786742998688104
        }
    ]
}