{
    "seed": 673,
    "angles": [
        4.211423390353706,
        1.6676838134717322,
        1.6780454489168424
    ],
    "data": [
        {
            "epsilon": 0.1,
            "time": 0.013814210891723633,
            "seqstr": "ythythththththxthththxths",
            "t_count": 10,
            "error": 0.036379320670476355
        },
        {
            "epsilon": 0.01,
            "time": 0.06105613708496094,
            "seqstr": "ththxththththyththththxththxthththxthyththths",
            "t_count": 19,
            "error": 0.004615479792974642
        },
        {
            "epsilon": 0.001,
            "time": 15.305688858032227,
            "seqstr": "thththxththththxthththththththxththththythththyththththththxthz",
            "t_count": 28,
            "error": 0.0008371176361982242
        }
    ]
}