{
    "seed": 464,
    "angles": [
        6.0783367516057965,
        2.3217932898325473,
        1.1251329048615233
    ],
    "data": [
        {
            "epsilon": 0.1,
            "time": 0.01400303840637207,
            "seqstr": "ythththxththxththxthsz",
            "t_count": 8,
            "error": 0.03219709680123269
        },
        {
            "epsilon": 0.01,
            "time": 0.058717966079711914,
            "seqstr": "shxththththyththythththxththythththxthythththyth",
            "t_count": 19,
            "error": 0.003228507103335495
        },
        {
            "epsilon": 0.001,
            "time": 5.633006572723389,
            "seqstr": "shxththxthththxththxththxthyththyththththxthththxththththxththxty",
            "t_count": 26,
            "error": 0.0006414260712839214
        }
    ]
}