{
    "seed": 789,
    "angles": [
        3.3003803898123456,
        1.775022819776341,
        4.06169666185907
    ],
    "data": [
        {
            "epsilon": 0.1,
            "time": 0.014051198959350586,
            "seqstr": "shyththythththxthththxthyths",
            "t_count": 10,
            "error": 0.021338021807279162
        },
        {
            "epsilon": 0.01,
            "time": 0.0611882209777832,
            "seqstr": "shyththththththyththththththythththxthsx",
            "t_count": 16,
            "error": 0.0019233439591736165
        },
        {
            "epsilon": 0.001,
            "time": 15.018464088439941,
            "seqstr": "hththythththththxththththxthththxththththyththyththththythththththtz",
            "t_count": 30,
            "error": 0.0008714589841499183
        }
    ]
}