{
    "seed": 123,
    "angles": [
        5.002743508652609,
        1.6322003115672732,
        0.7957830580359326
    ],
    "data": [
        {
            "epsilon": 0.1,
            "time": 0.013527631759643555,
            "seqstr": "hthththththxthththxtht",
            "t_count": 10,
            "error": 0.03453658864685943
        },
        {
            "epsilon": 0.01,
            "time": 0.058104515075683594,
            "seqstr": "ththythththththxthththythththxthththththththsx",
            "t_count": 20,
            "error": 0.0035511374025923165
        },
        {
            "epsilon": 0.001,
            "time": 22.837571620941162,
            "seqstr": "hythththththththxththyththythththyththythththththxthtx",
            "t_count": 23,
            "error": 0.0008971204226377478
        }
    ]
}