{
    "seed": 144,
    "angles": [
        3.2003905226230787,
        2.026367168877848,
        1.2686562021064631
    ],
    "data": [
        {
            "epsilon": 0.1,
            "time": 0.011687994003295898,
            "seqstr": "thththththththxththtz",
            "t_count": 10,
            "error": 0.04820272354044467
        },
        {
            "epsilon": 0.01,
            "time": 0.058917999267578125,
            "seqstr": "ythxthythththxthythththythththththyththythththxthy",
            "t_count": 20,
            "error": 0.0037963455330404607
        },
        {
            "epsilon": 0.001,
            "time": 22.94052505493164,
            "seqstr": "ythxththxththyththyththyththyththyththyththththxththythththyththths",
            "t_count": 27,
            "error": 0.0009471203431996992
        }
    ]
}