{
    "seed": 170,
    "angles": [
        2.007209223485363,
        1.335850231104106,
        2.285929081095637
    ],
    "data": [
        {
            "epsilon": 0.1,
            "time": 0.013624906539916992,
            "seqstr": "thythththxthythththxtht",
            "t_count": 10,
            "error": 0.026469329059521735
        },
        {
            "epsilon": 0.01,
            "time": 0.06072258949279785,
            "seqstr": "shyththththxthththythththxthythththxth",
            "t_count": 15,
            "error": 0.002550402774607399
        },
        {
            "epsilon": 0.001,
            "time": 15.259493827819824,
            "seqstr": "thxththxththxththythththxthythththxthythththyththythththxthyththz",
            "t_count": 26,
            "error": 0.000572490839982039
        }
    ]
}