{
    "seed": 654,
    "angles": [
        5.00610269085053,
        1.026152402837491,
        3.2397068590515747
    ],
    "data": [
        {
            "epsilon": 0.1,
            "time": 0.01151418685913086,
            "seqstr": "hyththxththxththxthththxth",
            "t_count": 10,
            "error": 0.03544399157665267
        },
        {
            "epsilon": 0.01,
            "time": 0.0586397647857666,
            "seqstr": "thxthyththththththxththxthythththththythththyth",
            "t_count": 20,
            "error": 0.0019372667740794704
        },
        {
            "epsilon": 0.001,
            "time": 15.366855144500732,
            "seqstr": "shxththththxthythththyththythththxthythththxththxththxthythththyt",
            "t_count": 26,
            "error": 0.0003872249360741172
        }
    ]
}