{
    "seed": 627,
    "angles": [
        2.461170300060398,
        2.565726552495385,
        5.996924220932163
    ],
    "data": [
        {
            "epsilon": 0.1,
            "time": 0.013721704483032227,
            "seqstr": "ythxthyththththxthythththsx",
            "t_count": 10,
            "error": 0.0377576224054012
        },
        {
            "epsilon": 0.01,
            "time": 0.05608725547790527,
            "seqstr": "thththxthythththththyththythththxththxththxth",
            "t_count": 19,
            "error": 0.003397235106823661
        },
        {
            "epsilon": 0.001,
            "time": 7.543784856796265,
            "seqstr": "hyththxththxthththxththxththxthththxththxththxththththxthyththththththsz",
            "t_count": 29,
            "error": 0.0005084686575039435
        }
    ]
}