{
    "seed": 18,
    "angles": [
        5.581900267297334,
        0.7100466253776282,
        1.780663980341103
    ],
    "data": [
        {
            "epsilon": 0.1,
            "time": 0.011003732681274414,
            "seqstr": "shththxththththxthtz",
            "t_count": 8,
            "error": 0.05277244733793301
        },
        {
            "epsilon": 0.01,
            "time": 0.0558779239654541,
            "seqstr": "yththththxthyththythththxthythththxthththxthyththz",
            "t_count": 20,
            "error": 0.0029533667372230545
        },
        {
            "epsilon": 0.001,
            "time": 23.21084213256836,
            "seqstr": "ththxththththththththxththxththxththxththyththththythththththxththth",
            "t_count": 30,
            "error": 0.0004969439071483485
        }
    ]
}