{
    "seed": 382,
    "angles": [
        2.0472597227776825,
        2.3226158528225556,
        4.821136473016644
    ],
    "data": [
        {
            "epsilon": 0.1,
            "time": 0.013653755187988281,
            "seqstr": "hthxthythththythththths",
            "t_count": 9,
            "error": 0.017450407643751525
        },
        {
            "epsilon": 0.01,
            "time": 0.05839180946350098,
            "seqstr": "hthxthythththythththththxththyththyththyththythth",
            "t_count": 20,
            "error": 0.006088988980766359
        },
        {
            "epsilon": 0.001,
            "time": 20.676673412322998,
            "seqstr": "hythxthththxththyththythththxththythththththxthththxththythththxthyths",
            "t_count": 28,
            "error": 0.0004183387525253709
        }
    ]
}