{
    "seed": 341,
    "angles": [
        3.0593948420263937,
        1.5878249251246606,
        3.830996098976069
    ],
    "data": [
        {
            "epsilon": 0.1,
            "time": 0.013548135757446289,
            "seqstr": "hthxththxthyththyththythth",
            "t_count": 10,
            "error": 0.04462385004062126
        },
        {
            "epsilon": 0.01,
            "time": 0.06095123291015625,
            "seqstr": "hythththxthythththxththththythththxththyththyth",
            "t_count": 19,
            "error": 0.0037341270757039165
        },
        {
            "epsilon": 0.001,
            "time": 7.605467796325684,
            "seqstr": "shthththththxthythththxthyththyththththxththththxthyth",
            "t_count": 22,
            "error": 0.0009202408238707766
        }
    ]
}