{
    "seed": 444,
    "angles": [
        2.5644316963908205,
        1.478345413938439,
        1.7782747474926266
    ],
    "data": [
        {
            "epsilon": 0.1,
            "time": 0.011380672454833984,
            "seqstr": "ythythththxthththxththxthz",
            "t_count": 10,
            "error": 0.040786938175480875
        },
        {
            "epsilon": 0.01,
            "time": 0.05856442451477051,
            "seqstr": "thxththythththythththththxththxththththxthththsx",
            "t_count": 20,
            "error": 0.003846825138202413
        },
        {
            "epsilon": 0.001,
            "time": 34.22341990470886,
            "seqstr": "ythththththththxththythththxththxthththththxthyththththththxththtz",
            "t_count": 29,
            "error": 0.0006919350142535258
        }
    ]
}