{
    "seed": 829,
    "angles": [
        1.6396216877061427,
        1.704422282446501,
        3.756426064994443
    ],
    "data": [
        {
            "epsilon": 0.1,
            "time": 0.014008760452270508,
            "seqstr": "shxthyththythththththxthsx",
            "t_count": 9,
            "error": 0.00651521085844092
        },
        {
            "epsilon": 0.01,
            "time": 0.05943489074707031,
            "seqstr": "shththxthyththyththththththxthyththththxthythththsx",
            "t_count": 20,
            "error": 0.0019155125644799791
        },
        {
            "epsilon": 0.001,
            "time": 7.572530269622803,
            "seqstr": "thxthythththxththxththxthyththyththythththxththxthththythththsx",
            "t_count": 25,
            "error": 0.0007921396974494033
        }
    ]
}