{
    "seed": 428,
    "angles": [
        6.061553483593331,
        2.2658368979556,
        0.7577933711406839
    ],
    "data": [
        {
            "epsilon": 0.1,
            "time": 0.013728141784667969,
            "seqstr": "hthxthththxththththythth",
            "t_count": 10,
            "error": 0.009823766111312002
        },
        {
            "epsilon": 0.01,
            "time": 0.06103706359863281,
            "seqstr": "hththyththththxththyththththththxththxthtx",
            "t_count": 18,
            "error": 0.002310243380501984
        },
        {
            "epsilon": 0.001,
            "time": 13.305498600006104,
            "seqstr": "hythyththythththxththythththythththththththxthththxthsx",
            "t_count": 22,
            "error": 0.0009531141450636517
        }
    ]
}