{
    "seed": 459,
    "angles": [
        3.8441158264488386,
        2.0840272963182933,
        0.9863535149529579
    ],
    "data": [
        {
            "epsilon": 0.1,
            "time": 0.013640403747558594,
            "seqstr": "hythxththxthyththythththsy",
            "t_count": 9,
            "error": 0.029911969364242737
        },
        {
            "epsilon": 0.01,
            "time": 0.06032681465148926,
            "seqstr": "ththythththxththththxthyththththxththxthththxthsz",
            "t_count": 20,
            "error": 0.003113594888609106
        },
        {
            "epsilon": 0.001,
            "time": 35.92994809150696,
            "seqstr": "shththxthththththxthththxththxththythththyththththyththythths",
            "t_count": 25,
            "error": 0.0006352011973171087
        }
    ]
}