{
    "seed": 571,
    "angles": [
        2.0828900005731423,
        0.9759077815743223,
        2.4670289948235062
    ],
    "data": [
        {
            "epsilon": 0.1,
            "time": 0.013817071914672852,
            "seqstr": "hythththxthththythththtx",
            "t_count": 10,
            "error": 0.034879231830014276
        },
        {
            "epsilon": 0.01,
            "time": 0.060961008071899414,
            "seqstr": "shxthththxthyththythththththxththythththththxthz",
            "t_count": 19,
            "error": 0.004695283155626407
        },
        {
            "epsilon": 0.001,
            "time": 7.5788679122924805,
            "seqstr": "hththyththththxththxththythththththththththththxththyththyththty",
            "t_count": 28,
            "error": 0.000787472323393143
        }
    ]
}