{
    "seed": 158,
    "angles": [
        3.5902514252575575,
        1.3336784455049489,
        6.056217248951956
    ],
    "data": [
        {
            "epsilon": 0.1,
            "time": 0.01371145248413086,
            "seqstr": "shythththxthyththyth",
            "t_count": 7,
            "error": 0.05177329810561212
        },
        {
            "epsilon": 0.01,
            "time": 0.058983802795410156,
            "seqstr": "thxththyththththxththxththxththxthythththz",
            "t_count": 17,
            "error": 0.0023944083604342664
        },
        {
            "epsilon": 0.001,
            "time": 7.614384412765503,
            "seqstr": "hthythththxththxththththxthythththththththyththyththythththythththsy",
            "t_count": 28,
            "error": 0.0008435634642024547
        }
    ]
}