{
    "seed": 212,
    "angles": [
        0.6219240557528143,
        2.108037273859751,
        2.97121549356622
    ],
    "data": [
        {
            "epsilon": 0.1,
            "time": 0.014000654220581055,
            "seqstr": "shthththththythththyththy",
            "t_count": 10,
            "error": 0.053605958163080225
        },
        {
            "epsilon": 0.01,
            "time": 0.06110572814941406,
            "seqstr": "hthxthththyththyththththxthththththththxththy",
            "t_count": 19,
            "error": 0.0018661893918711665
        },
        {
            "epsilon": 0.001,
            "time": 15.318762302398682,
            "seqstr": "hyththxththththyththythththththththththththxthththxthth",
            "t_count": 24,
            "error": 0.0008508725565873405
        }
    ]
}