{
    "seed": 660,
    "angles": [
        2.1997423293262557,
        1.6143087488862469,
        3.0155020241759107
    ],
    "data": [
        {
            "epsilon": 0.1,
            "time": 0.013565301895141602,
            "seqstr": "shxthythththththxthytht",
            "t_count": 9,
            "error": 0.015817227955639442
        },
        {
            "epsilon": 0.01,
            "time": 0.06089591979980469,
            "seqstr": "shyththththththththththyththththththxthththyths",
            "t_count": 20,
            "error": 0.0031625609704145725
        },
        {
            "epsilon": 0.001,
            "time": 7.588358640670776,
            "seqstr": "hythxththththxththythththxthythththxthththyththththythththyththz",
            "t_count": 26,
            "error": 0.0009416294489080954
        }
    ]
}