{
    "seed": 762,
    "angles": [
        0.30629750100057995,
        2.4115090389355087,
        0.20881971499697727
    ],
    "data": [
        {
            "epsilon": 0.1,
            "time": 0.011545181274414062,
            "seqstr": "ythxthththyththththty",
            "t_count": 9,
            "error": 0.02568701293183552
        },
        {
            "epsilon": 0.01,
            "time": 0.058834075927734375,
            "seqstr": "yththththththxthththththththythththyththyththy",
            "t_count": 20,
            "error": 0.0028217142407637066
        },
        {
            "epsilon": 0.001,
            "time": 15.165403842926025,
            "seqstr": "hythththththththxththxthththxththththththxththxththxththththxththsz",
            "t_count": 28,
            "error": 0.0008762470805659967
        }
    ]
}