{
    "seed": 846,
    "angles": [
        4.711761650858673,
        2.1871053745496494,
        3.0574568614816773
    ],
    "data": [
        {
            "epsilon": 0.1,
            "time": 0.013866662979125977,
            "seqstr": "hyththxthythththththths",
            "t_count": 9,
            "error": 0.02803232276805643
        },
        {
            "epsilon": 0.01,
            "time": 0.05887246131896973,
            "seqstr": "yththythththxththxththxththyththythththythththth",
            "t_count": 20,
            "error": 0.0019811129840369827
        },
        {
            "epsilon": 0.001,
            "time": 15.229784965515137,
            "seqstr": "hythyththththththththxthththxththxthththythththyththththxthththx",
            "t_count": 27,
            "error": 0.0005191927401652245
        }
    ]
}