{
    "seed": 389,
    "angles": [
        0.49112699201703114,
        0.7514466209414535,
        1.4206711343265912
    ],
    "data": [
        {
            "epsilon": 0.1,
            "time": 0.011353254318237305,
            "seqstr": "ythththythththxththxthsz",
            "t_count": 9,
            "error": 0.012490550671634185
        },
        {
            "epsilon": 0.01,
            "time": 0.05669999122619629,
            "seqstr": "shythththxthththxthythththxthythththththyththths",
            "t_count": 19,
            "error": 0.0025857896191118666
        },
        {
            "epsilon": 0.001,
            "time": 7.650996208190918,
            "seqstr": "hythththxthththxththxthythththxththxthththxthythththxththythththth",
            "t_count": 27,
            "error": 0.0006004848514065105
        }
    ]
}