{
    "seed": 710,
    "angles": [
        3.206909111831335,
        1.9489301224489648,
        2.7116488781507346
    ],
    "data": [
        {
            "epsilon": 0.1,
            "time": 0.013584613800048828,
            "seqstr": "ythxththththththxththx",
            "t_count": 9,
            "error": 0.027459844175749197
        },
        {
            "epsilon": 0.01,
            "time": 0.061012983322143555,
            "seqstr": "shxthththxthththythththththyththththxthy",
            "t_count": 16,
            "error": 0.0023302248567457083
        },
        {
            "epsilon": 0.001,
            "time": 7.523505449295044,
            "seqstr": "hythxthythththxththythththththxththxththththxthththxthythththxththyt",
            "t_count": 28,
            "error": 0.0003260305785698354
        }
    ]
}