{
    "seed": 826,
    "angles": [
        3.56174002298925,
        2.8290263948133627,
        2.7124661522213405
    ],
    "data": [
        {
            "epsilon": 0.1,
            "time": 0.011523246765136719,
            "seqstr": "shththxthththxththth",
            "t_count": 8,
            "error": 0.037408319192483684
        },
        {
            "epsilon": 0.01,
            "time": 0.05636739730834961,
            "seqstr": "hyththyththththxththyththththxthythththxthyt",
            "t_count": 18,
            "error": 0.0026072777650329552
        },
        {
            "epsilon": 0.001,
            "time": 7.562279224395752,
            "seqstr": "ythxthyththyththythththxththxththththyththththththththxths",
            "t_count": 24,
            "error": 0.00075966402136577
        }
    ]
}