{
    "seed": 102,
    "angles": [
        2.283967471911769,
        1.67405573252836,
        2.067914237829651
    ],
    "data": [
        {
            "epsilon": 0.1,
            "time": 0.013832807540893555,
            "seqstr": "shyththythththxththththxthsz",
            "t_count": 10,
            "error": 0.04331256011883756
        },
        {
            "epsilon": 0.01,
            "time": 0.05633902549743652,
            "seqstr": "shxthythththxthththyththththththythththxthythtx",
            "t_count": 19,
            "error": 0.002462430399285582
        },
        {
            "epsilon": 0.001,
            "time": 7.602866172790527,
            "seqstr": "shxthththxththxththxththxththxthyththyththththxthyththththxthyt",
            "t_count": 25,
            "error": 0.0007872918373333415
        }
    ]
}