{
    "seed": 537,
    "angles": [
        4.340881967314333,
        1.1828854605793788,
        1.396460645483124
    ],
    "data": [
        {
            "epsilon": 0.1,
            "time": 0.014041423797607422,
            "seqstr": "shththxthththththththx",
            "t_count": 9,
            "error": 0.03340399774076069
        },
        {
            "epsilon": 0.01,
            "time": 0.06082034111022949,
            "seqstr": "hythyththyththythththththyththththythththththtx",
            "t_count": 20,
            "error": 0.004135556345010366
        },
        {
            "epsilon": 0.001,
            "time": 7.545711040496826,
            "seqstr": "hththxthththththxththxthththythththxthththththxthththththxththxththtx",
            "t_count": 30,
            "error": 0.0005152895553782575
        }
    ]
}