{
    "seed": 645,
    "angles": [
        0.8125659539403469,
        1.7878411494019233,
        5.544637613901356
    ],
    "data": [
        {
            "epsilon": 0.1,
            "time": 0.013725519180297852,
            "seqstr": "hythxthththythththths",
            "t_count": 8,
            "error": 0.007962769914209675
        },
        {
            "epsilon": 0.01,
            "time": 0.06101870536804199,
            "seqstr": "hyththththxthythththxththxththxthththththxthythth",
            "t_count": 20,
            "error": 0.0015554394905767167
        },
        {
            "epsilon": 0.001,
            "time": 15.322193622589111,
            "seqstr": "ythyththththxthththxthththxththththxthythththythththxththx",
            "t_count": 24,
            "error": 0.0006860464134005416
        }
    ]
}