{
    "seed": 56,
    "angles": [
        5.511324367720832,
        2.2462290920255965,
        6.07924001102446
    ],
    "data": [
        {
            "epsilon": 0.1,
            "time": 0.011220216751098633,
            "seqstr": "shxththythththththxthththx",
            "t_count": 10,
            "error": 0.02806467807117609
        },
        {
            "epsilon": 0.01,
            "time": 0.05824446678161621,
            "seqstr": "thyththyththththththxththxthththxthththyththyt",
            "t_count": 20,
            "error": 0.002969277436879913
        },
        {
            "epsilon": 0.001,
            "time": 20.93865418434143,
            "seqstr": "thxththythththxthyththththxththxththththyththththththyt",
            "t_count": 24,
            "error": 0.0008427180406710198
        }
    ]
}