{
    "seed": 418,
    "angles": [
        0.3020755993063373,
        2.1257699604233387,
        1.4529893021413258
    ],
    "data": [
        {
            "epsilon": 0.1,
            "time": 0.011346101760864258,
            "seqstr": "thxthththxthyththythths",
            "t_count": 9,
            "error": 0.03853606838755403
        },
        {
            "epsilon": 0.01,
            "time": 0.05873250961303711,
            "seqstr": "shxthythththyththththxthththxthyththyththththsz",
            "t_count": 18,
            "error": 0.004223352242038834
        },
        {
            "epsilon": 0.001,
            "time": 15.280483961105347,
            "seqstr": "hthxthythththxththththxthththxththxthththththyththyththyththyths",
            "t_count": 26,
            "error": 0.0009809670972933402
        }
    ]
}