{
    "seed": 806,
    "angles": [
        2.5820019089500796,
        0.705387354790948,
        2.1278760546572055
    ],
    "data": [
        {
            "epsilon": 0.1,
            "time": 0.013508319854736328,
            "seqstr": "hthxththththxthyththtz",
            "t_count": 9,
            "error": 0.04278729719216225
        },
        {
            "epsilon": 0.01,
            "time": 0.060828208923339844,
            "seqstr": "thththxthyththythththyththythththxththxthyththsz",
            "t_count": 19,
            "error": 0.0012711922568141801
        },
        {
            "epsilon": 0.001,
            "time": 7.568716764450073,
            "seqstr": "hthxththxthyththththxththxththxththxththththxththyththththxthththz",
            "t_count": 27,
            "error": 0.0005323359931684139
        }
    ]
}