{
    "seed": 344,
    "angles": [
        2.3210602329709875,
        1.5812854764622277,
        3.370064884958496
    ],
    "data": [
        {
            "epsilon": 0.1,
            "time": 0.014093160629272461,
            "seqstr": "shyththththyththththyth",
            "t_count": 9,
            "error": 0.013012444195925003
        },
        {
            "epsilon": 0.01,
            "time": 0.06112384796142578,
            "seqstr": "thxththxththththxththyththththyththyththyththz",
            "t_count": 19,
            "error": 0.003455307700229324
        },
        {
            "epsilon": 0.001,
            "time": 7.747478723526001,
            "seqstr": "thxththththxththxthththxththxthythththxththythththythththxththsx",
            "t_count": 26,
            "error": 0.0009275317742849106
        }
    ]
}