{
    "seed": 677,
    "angles": [
        5.913035936240997,
        0.7745760547673805,
        2.729146496203863
    ],
    "data": [
        {
            "epsilon": 0.1,
            "time": 0.015615463256835938,
            "seqstr": "hyththxththxththththythths",
            "t_count": 10,
            "error": 0.038921754067957406
        },
        {
            "epsilon": 0.01,
            "time": 0.06369948387145996,
            "seqstr": "hythxththxththyththyththythththythththththyththty",
            "t_count": 20,
            "error": 0.002383833852162577
        },
        {
            "epsilon": 0.001,
            "time": 15.442972898483276,
            "seqstr": "ythxthyththyththyththththyththythththxththxthththththythththththy",
            "t_count": 27,
            "error": 0.0005812788470362595
        }
    ]
}