{
    "seed": 88,
    "angles": [
        0.3415908837086157,
        2.0850307243289232,
        0.36381240696615436
    ],
    "data": [
        {
            "epsilon": 0.1,
            "time": 0.013630867004394531,
            "seqstr": "shthythththyththythththz",
            "t_count": 9,
            "error": 0.021496933544230903
        },
        {
            "epsilon": 0.01,
            "time": 0.05896878242492676,
            "seqstr": "thxthyththyththththxththyththythththththxthyths",
            "t_count": 19,
            "error": 0.0010879670119164383
        },
        {
            "epsilon": 0.001,
            "time": 22.75184726715088,
            "seqstr": "shththththththxthththxththxthththththyththththxththythththxtx",
            "t_count": 26,
            "error": 0.00099629002522559
        }
    ]
}