{
    "seed": 306,
    "angles": [
        1.3629721815136406,
        1.0854944404690043,
        5.572660389644448
    ],
    "data": [
        {
            "epsilon": 0.1,
            "time": 0.013576984405517578,
            "seqstr": "ythththythththxthththths",
            "t_count": 10,
            "error": 0.02742852546080201
        },
        {
            "epsilon": 0.01,
            "time": 0.06124615669250488,
            "seqstr": "shxthththxthyththththyththththxthththxththxthyths",
            "t_count": 19,
            "error": 0.0015057625989846472
        },
        {
            "epsilon": 0.001,
            "time": 15.163633346557617,
            "seqstr": "shxththththyththththxththxthththththxththxthythththxthththyththththytht",
            "t_count": 30,
            "error": 0.0008272509724637026
        }
    ]
}