{
    "seed": 807,
    "angles": [
        5.170508793769702,
        1.8831774941213892,
        4.277234147741382
    ],
    "data": [
        {
            "epsilon": 0.1,
            "time": 0.013820886611938477,
            "seqstr": "hthththththththy",
            "t_count": 7,
            "error": 0.02536656019147892
        },
        {
            "epsilon": 0.01,
            "time": 0.06151294708251953,
            "seqstr": "shththxthyththythththyththththththxthththxthththsy",
            "t_count": 20,
            "error": 0.0014357043112355782
        },
        {
            "epsilon": 0.001,
            "time": 15.162930011749268,
            "seqstr": "shxththyththththxthythththxthythththththxththxththyththththythths",
            "t_count": 26,
            "error": 0.0009583095382426824
        }
    ]
}