{
    "seed": 127,
    "angles": [
        5.07940430672951,
        0.9531740590279761,
        0.8523962228206523
    ],
    "data": [
        {
            "epsilon": 0.1,
            "time": 0.013465166091918945,
            "seqstr": "hththxththththxththxth",
            "t_count": 9,
            "error": 0.025031845756841965
        },
        {
            "epsilon": 0.01,
            "time": 0.060575008392333984,
            "seqstr": "yththyththyththythththxthththxththxthththxthytht",
            "t_count": 20,
            "error": 0.0016458437144221522
        },
        {
            "epsilon": 0.001,
            "time": 7.612045049667358,
            "seqstr": "hyththththththxththyththythththxththythththththththththththththx",
            "t_count": 28,
            "error": 0.0009211515623827111
        }
    ]
}