{
    "seed": 448,
    "angles": [
        6.228724134705796,
        1.5644132828525616,
        5.541902326935525
    ],
    "data": [
        {
            "epsilon": 0.1,
            "time": 0.01391911506652832,
            "seqstr": "hthxththyththyththyththyth",
            "t_count": 10,
            "error": 0.016204679052249864
        },
        {
            "epsilon": 0.01,
            "time": 0.05910682678222656,
            "seqstr": "hyththxththththxththxthyththththxthythththxth",
            "t_count": 18,
            "error": 0.001993289037704923
        },
        {
            "epsilon": 0.001,
            "time": 30.4601047039032,
            "seqstr": "hythththththythththxthyththyththythththththxththxththxththxththththxthz",
            "t_count": 29,
            "error": 0.0007099439948333984
        }
    ]
}