{
    "seed": 218,
    "angles": [
        2.253740557971639,
        1.4207845533808674,
        2.806733755660905
    ],
    "data": [
        {
            "epsilon": 0.1,
            "time": 0.01117849349975586,
            "seqstr": "thythththythththyththtx",
            "t_count": 10,
            "error": 0.040786411962083956
        },
        {
            "epsilon": 0.01,
            "time": 0.058351755142211914,
            "seqstr": "hythxthyththyththythththxththxththxththythththxthtz",
            "t_count": 20,
            "error": 0.00203118783815145
        },
        {
            "epsilon": 0.001,
            "time": 7.628911972045898,
            "seqstr": "shxththxththxthythththxthyththththyththththththxthythththxththththz",
            "t_count": 27,
            "error": 0.0005927641557035333
        }
    ]
}