{
    "seed": 114,
    "angles": [
        2.9256502039587593,
        1.167543638425987,
        1.1473792016459594
    ],
    "data": [
        {
            "epsilon": 0.1,
            "time": 0.01381373405456543,
            "seqstr": "ythyththththththxthy",
            "t_count": 8,
            "error": 0.050071001548277184
        },
        {
            "epsilon": 0.01,
            "time": 0.05846261978149414,
            "seqstr": "yththythththththythththththxththyththythththxthz",
            "t_count": 20,
            "error": 0.004341193937828151
        },
        {
            "epsilon": 0.001,
            "time": 7.621514320373535,
            "seqstr": "hyththyththththththyththythththththththxthththythth",
            "t_count": 22,
            "error": 0.0007732560129166654
        }
    ]
}