{
    "seed": 674,
    "angles": [
        1.0502599166046043,
        1.3744742897904316,
        1.7252347272627002
    ],
    "data": [
        {
            "epsilon": 0.1,
            "time": 0.013036966323852539,
            "seqstr": "hyththxththxththxththxththz",
            "t_count": 10,
            "error": 0.04638246162644777
        },
        {
            "epsilon": 0.01,
            "time": 0.06056976318359375,
            "seqstr": "ythxthththththxthththxthththxththyththythththz",
            "t_count": 19,
            "error": 0.001413771747788006
        },
        {
            "epsilon": 0.001,
            "time": 7.644143104553223,
            "seqstr": "shthththxthththyththyththththththythththxthththxththyththythth",
            "t_count": 26,
            "error": 0.0008256803994686274
        }
    ]
}