{
    "seed": 572,
    "angles": [
        5.732439404034,
        1.0705341527756367,
        2.677775505814698
    ],
    "data": [
        {
            "epsilon": 0.1,
            "time": 0.014096260070800781,
            "seqstr": "shxthththxththyththththxthy",
            "t_count": 10,
            "error": 0.026033441991591473
        },
        {
            "epsilon": 0.01,
            "time": 0.056734323501586914,
            "seqstr": "shthxththyththyththththththxththththththxthyththsx",
            "t_count": 20,
            "error": 0.0008663092407235195
        },
        {
            "epsilon": 0.001,
            "time": 7.556224584579468,
            "seqstr": "thththththxthththxthththththyththythththyththththththyththsx",
            "t_count": 26,
            "error": 0.000819500047870406
        }
    ]
}