{
    "seed": 0,
    "angles": [
        4.025326354359265,
        2.417498286124156,
        4.9416872746156395
    ],
    "data": [
        {
            "epsilon": 0.1,
            "time": 0.013726234436035156,
            "seqstr": "ythththxththyththththyth",
            "t_count": 10,
            "error": 0.03950132095124093
        },
        {
            "epsilon": 0.01,
            "time": 0.08728885650634766,
            "seqstr": "ythxththythththxththxththyththythththxthths",
            "t_count": 17,
            "error": 0.0038063093130730635
        },
        {
            "epsilon": 0.001,
            "time": 9.07280445098877,
            "seqstr": "hythxththxththththxthythththththxthyththyththythththxthththxthyththythththy",
            "t_count": 30,
            "error": 0.0005986554145465837
        }
    ]
}