{
    "seed": 958,
    "angles": [
        3.1453323702716327,
        0.39659088370266465,
        2.0114809364358166
    ],
    "data": [
        {
            "epsilon": 0.1,
            "time": 0.011798620223999023,
            "seqstr": "shththxthththththxththsz",
            "t_count": 9,
            "error": 0.02767151004950457
        },
        {
            "epsilon": 0.01,
            "time": 0.059149742126464844,
            "seqstr": "yththxthththxthythththyththththththythththsy",
            "t_count": 18,
            "error": 0.004439337553489194
        },
        {
            "epsilon": 0.001,
            "time": 7.604605436325073,
            "seqstr": "thththxthyththyththththythththxthththxthythththxthththxthythth",
            "t_count": 26,
            "error": 0.0007688684237432234
        }
    ]
}