{
    "seed": 196,
    "angles": [
        2.421280845040105,
        1.703631992271286,
        3.227339661285768
    ],
    "data": [
        {
            "epsilon": 0.1,
            "time": 0.013520240783691406,
            "seqstr": "hythththththythththxthz",
            "t_count": 9,
            "error": 0.03659582417376829
        },
        {
            "epsilon": 0.01,
            "time": 0.058864593505859375,
            "seqstr": "shththyththyththththxththyththththxththythththxty",
            "t_count": 20,
            "error": 0.003312924186887123
        },
        {
            "epsilon": 0.001,
            "time": 7.628103494644165,
            "seqstr": "hyththxththythththxthythththythththythththyththththyththththx",
            "t_count": 25,
            "error": 0.0007365690934111657
        }
    ]
}