{
    "seed": 911,
    "angles": [
        2.092971815193623,
        1.2804066936923546,
        2.903433537862428
    ],
    "data": [
        {
            "epsilon": 0.1,
            "time": 0.011661052703857422,
            "seqstr": "hythyththththththxthyth",
            "t_count": 9,
            "error": 0.039176447703878146
        },
        {
            "epsilon": 0.01,
            "time": 0.05721640586853027,
            "seqstr": "ththxthththththxthththxththththxthyththththsz",
            "t_count": 19,
            "error": 0.0021921988860663347
        },
        {
            "epsilon": 0.001,
            "time": 15.278818845748901,
            "seqstr": "hthththxthththxthththththxthyththyththththythththxththxththyth",
            "t_count": 26,
            "error": 0.0008547004532969599
        }
    ]
}