{
    "seed": 266,
    "angles": [
        6.254835868278779,
        0.971167662489322,
        5.267433158580093
    ],
    "data": [
        {
            "epsilon": 0.1,
            "time": 0.012146472930908203,
            "seqstr": "hythththyththththxththx",
            "t_count": 9,
            "error": 0.04158736369695505
        },
        {
            "epsilon": 0.01,
            "time": 0.05889487266540527,
            "seqstr": "shythththyththththxthyththththyththyththththxthths",
            "t_count": 20,
            "error": 0.0020291299658801
        },
        {
            "epsilon": 0.001,
            "time": 7.688563346862793,
            "seqstr": "shththxthythththththxthythththxththxthththththxtht",
            "t_count": 21,
            "error": 0.0006472080304304766
        }
    ]
}