{
    "seed": 224,
    "angles": [
        2.5270003510535792,
        1.678032798509723,
        5.073451174324779
    ],
    "data": [
        {
            "epsilon": 0.1,
            "time": 0.01361703872680664,
            "seqstr": "thxththxthythththyththtz",
            "t_count": 10,
            "error": 0.047802560748676656
        },
        {
            "epsilon": 0.01,
            "time": 0.05900096893310547,
            "seqstr": "ythxththythththxthththxththxththxththxththththxt",
            "t_count": 20,
            "error": 0.0007884513278658066
        },
        {
            "epsilon": 0.001,
            "time": 7.6108880043029785,
            "seqstr": "ythxththythththxthththxththxththxththxththththxt",
            "t_count": 20,
            "error": 0.000788451328429049
        }
    ]
}