{
    "seed": 380,
    "angles": [
        3.17046859101358,
        1.7627177063656307,
        5.703006310087338
    ],
    "data": [
        {
            "epsilon": 0.1,
            "time": 0.014033079147338867,
            "seqstr": "ththththththythththx",
            "t_count": 9,
            "error": 0.037896217759521136
        },
        {
            "epsilon": 0.01,
            "time": 0.057605743408203125,
            "seqstr": "thththxththxththxththxthththththththththsx",
            "t_count": 18,
            "error": 0.0035613850644674767
        },
        {
            "epsilon": 0.001,
            "time": 7.680741786956787,
            "seqstr": "hythyththythththxththththxthyththththxthththththxththyt",
            "t_count": 23,
            "error": 0.0004961953394271503
        }
    ]
}