{
    "seed": 517,
    "angles": [
        3.86000012777669,
        2.3532158458275676,
        2.39811047895617
    ],
    "data": [
        {
            "epsilon": 0.1,
            "time": 0.013884544372558594,
            "seqstr": "yththththyththyththyththy",
            "t_count": 10,
            "error": 0.0371148635671348
        },
        {
            "epsilon": 0.01,
            "time": 0.05927729606628418,
            "seqstr": "hththththxthythththxththyththththxthyththththsx",
            "t_count": 19,
            "error": 0.002891527658296244
        },
        {
            "epsilon": 0.001,
            "time": 7.587332725524902,
            "seqstr": "shxthththxththththxthyththththththththxththththyththyths",
            "t_count": 23,
            "error": 0.0008614694567217217
        }
    ]
}