{
    "seed": 450,
    "angles": [
        1.7384240251877898,
        0.13367360136415787,
        0.2168369758234494
    ],
    "data": [
        {
            "epsilon": 0.1,
            "time": 0.013529062271118164,
            "seqstr": "shththythththythth",
            "t_count": 7,
            "error": 0.01088592761123303
        },
        {
            "epsilon": 0.01,
            "time": 0.05923175811767578,
            "seqstr": "thththxthththxthththththythththththththxththx",
            "t_count": 20,
            "error": 0.002711338371361666
        },
        {
            "epsilon": 0.001,
            "time": 7.686777353286743,
            "seqstr": "hythythththxthththxththxththythththththxthyththththxthththththtx",
            "t_count": 27,
            "error": 0.000671786348780006
        }
    ]
}