{
    "seed": 342,
    "angles": [
        3.5156843401523767,
        0.31501824787494914,
        3.9587856097079506
    ],
    "data": [
        {
            "epsilon": 0.1,
            "time": 0.011338949203491211,
            "seqstr": "hththxthyththyththththyths",
            "t_count": 10,
            "error": 0.042791964761397405
        },
        {
            "epsilon": 0.01,
            "time": 0.056568145751953125,
            "seqstr": "shxththyththythththxththxththxththxthythththththth",
            "t_count": 20,
            "error": 0.002146117889977855
        },
        {
            "epsilon": 0.001,
            "time": 7.609777927398682,
            "seqstr": "hththxthyththyththyththyththththththxththxthththththyththsz",
            "t_count": 24,
            "error": 0.0004422293285086813
        }
    ]
}