{
    "seed": 823,
    "angles": [
        2.735656969957171,
        1.4398315268546933,
        1.7579143512298057
    ],
    "data": [
        {
            "epsilon": 0.1,
            "time": 0.013904333114624023,
            "seqstr": "shthththyththythths",
            "t_count": 7,
            "error": 0.04403794456777573
        },
        {
            "epsilon": 0.01,
            "time": 0.05905938148498535,
            "seqstr": "shxthythththththyththyththythththythththxththxththy",
            "t_count": 20,
            "error": 0.004040711466769857
        },
        {
            "epsilon": 0.001,
            "time": 15.27377438545227,
            "seqstr": "hthththyththththxthyththththythththththxththththyththtz",
            "t_count": 24,
            "error": 0.0005383363520637022
        }
    ]
}