{
    "seed": 446,
    "angles": [
        6.06771875802803,
        1.4805683630176865,
        3.9472542784653317
    ],
    "data": [
        {
            "epsilon": 0.1,
            "time": 0.013628721237182617,
            "seqstr": "shythththxthththxthththtx",
            "t_count": 10,
            "error": 0.03154105308746218
        },
        {
            "epsilon": 0.01,
            "time": 0.05913519859313965,
            "seqstr": "thxthththththxththxthththththythththythththth",
            "t_count": 20,
            "error": 0.002642705672606744
        },
        {
            "epsilon": 0.001,
            "time": 22.94135594367981,
            "seqstr": "ythththththxththxthththyththyththththxththththththxthththxthththythty",
            "t_count": 30,
            "error": 0.0008892042253456493
        }
    ]
}