{
    "seed": 470,
    "angles": [
        6.061485632387568,
        0.7448791286187514,
        3.343281425843154
    ],
    "data": [
        {
            "epsilon": 0.1,
            "time": 0.01161813735961914,
            "seqstr": "shxthththxththththxththsx",
            "t_count": 9,
            "error": 0.03718729377013457
        },
        {
            "epsilon": 0.01,
            "time": 0.057540178298950195,
            "seqstr": "hththxthyththththxththxthythththxththththyththtz",
            "t_count": 20,
            "error": 0.0038530753133595814
        },
        {
            "epsilon": 0.001,
            "time": 7.574182987213135,
            "seqstr": "thxththxththxththythththyththththxthyththththththxthththx",
            "t_count": 24,
            "error": 0.0009621724373167792
        }
    ]
}