{
    "seed": 409,
    "angles": [
        3.984642787698095,
        1.8289444706871945,
        2.0581402664706
    ],
    "data": [
        {
            "epsilon": 0.1,
            "time": 0.01120615005493164,
            "seqstr": "ythththxththxthythththxt",
            "t_count": 10,
            "error": 0.006703062780373688
        },
        {
            "epsilon": 0.01,
            "time": 0.05677175521850586,
            "seqstr": "ythxththythththythththxthyththyththythththththty",
            "t_count": 20,
            "error": 0.0025064845961988848
        },
        {
            "epsilon": 0.001,
            "time": 7.578675031661987,
            "seqstr": "hythythththxthythththththxthththxthythththythththththxththxthyththsz",
            "t_count": 27,
            "error": 0.0007798192256633366
        }
    ]
}