{
    "seed": 867,
    "angles": [
        1.525795777171199,
        1.0166502366153167,
        6.169230463032835
    ],
    "data": [
        {
            "epsilon": 0.1,
            "time": 0.011290788650512695,
            "seqstr": "shxthythththxthththxththxthy",
            "t_count": 10,
            "error": 0.019390261511698224
        },
        {
            "epsilon": 0.01,
            "time": 0.05847764015197754,
            "seqstr": "hythxththyththththyththththxththththxththxththty",
            "t_count": 20,
            "error": 0.002319162736315875
        },
        {
            "epsilon": 0.001,
            "time": 7.574739694595337,
            "seqstr": "ththxththythththyththththythththxthththxththththyththythththxththty",
            "t_count": 29,
            "error": 0.0007779149582115028
        }
    ]
}