{
    "seed": 619,
    "angles": [
        2.7112231880781064,
        2.9663775742089604,
        4.681687117961037
    ],
    "data": [
        {
            "epsilon": 0.1,
            "time": 0.014101505279541016,
            "seqstr": "thxthythththxththxththxthz",
            "t_count": 10,
            "error": 0.02340238057078838
        },
        {
            "epsilon": 0.01,
            "time": 0.058783531188964844,
            "seqstr": "thxththxthththyththythththththththxth",
            "t_count": 16,
            "error": 0.0012058496101655827
        },
        {
            "epsilon": 0.001,
            "time": 7.528085231781006,
            "seqstr": "ythxththyththyththyththththththyththythththththythththxththxthz",
            "t_count": 26,
            "error": 0.0009811553648811262
        }
    ]
}