{
    "seed": 374,
    "angles": [
        3.618345372445387,
        1.2431761479203969,
        4.575416820756477
    ],
    "data": [
        {
            "epsilon": 0.1,
            "time": 0.013447761535644531,
            "seqstr": "hyththxththththththyththsz",
            "t_count": 10,
            "error": 0.009653382087548347
        },
        {
            "epsilon": 0.01,
            "time": 0.06052708625793457,
            "seqstr": "shthythththxthyththththxththxththythththythththxthy",
            "t_count": 20,
            "error": 0.005044635268488093
        },
        {
            "epsilon": 0.001,
            "time": 7.610866546630859,
            "seqstr": "hthxthththththxthythththythththththththththxthyththyththythththz",
            "t_count": 27,
            "error": 0.0008628040559551029
        }
    ]
}