{
    "seed": 594,
    "angles": [
        2.4970469326983977,
        2.3037851700345153,
        1.1388991020251371
    ],
    "data": [
        {
            "epsilon": 0.1,
            "time": 0.013709068298339844,
            "seqstr": "hythththxthythththxththsx",
            "t_count": 9,
            "error": 0.04336002081928035
        },
        {
            "epsilon": 0.01,
            "time": 0.05886340141296387,
            "seqstr": "hythxththththxththyththththythththththththyththz",
            "t_count": 20,
            "error": 0.001880012751696236
        },
        {
            "epsilon": 0.001,
            "time": 7.577807188034058,
            "seqstr": "shxththththxthththxthyththththththththythththxthythththxthythththtz",
            "t_count": 28,
            "error": 0.0007085912751297754
        }
    ]
}