{
    "seed": 918,
    "angles": [
        2.1839155946074396,
        1.6073700957314974,
        4.777754326590484
    ],
    "data": [
        {
            "epsilon": 0.1,
            "time": 0.01183629035949707,
            "seqstr": "ythxthththththxthththtx",
            "t_count": 10,
            "error": 0.03987819399839547
        },
        {
            "epsilon": 0.01,
            "time": 0.05826377868652344,
            "seqstr": "yththythththxthththththxththythththxthy",
            "t_count": 16,
            "error": 0.003467877109794703
        },
        {
            "epsilon": 0.001,
            "time": 45.584075927734375,
            "seqstr": "hthththxththxthththxthththxthyththththythththxththyththththxthththythty",
            "t_count": 30,
            "error": 0.000842985260759514
        }
    ]
}