{
    "seed": 113,
    "angles": [
        2.6104744529727295,
        1.8479385207786885,
        1.666996003129766
    ],
    "data": [
        {
            "epsilon": 0.1,
            "time": 0.013478755950927734,
            "seqstr": "thxththyththythththxthsx",
            "t_count": 9,
            "error": 0.026280995875539642
        },
        {
            "epsilon": 0.01,
            "time": 0.06081843376159668,
            "seqstr": "thxththxthythththxthththxthyththythththx",
            "t_count": 16,
            "error": 0.003439533674417128
        },
        {
            "epsilon": 0.001,
            "time": 15.33324146270752,
            "seqstr": "hththxthththythththyththyththththxththxthyththththythththxththz",
            "t_count": 26,
            "error": 0.0003297569247368974
        }
    ]
}