{
    "seed": 52,
    "angles": [
        0.6982649022102798,
        0.44344353245588236,
        5.489714067495109
    ],
    "data": [
        {
            "epsilon": 0.1,
            "time": 0.013282299041748047,
            "seqstr": "hythythththxthyththtx",
            "t_count": 8,
            "error": 0.0259091922435575
        },
        {
            "epsilon": 0.01,
            "time": 0.058512210845947266,
            "seqstr": "hythththyththththyththththyththyththththththyths",
            "t_count": 20,
            "error": 0.0012723184254368896
        },
        {
            "epsilon": 0.001,
            "time": 7.718684673309326,
            "seqstr": "shthththyththththxthyththththththyththythththxththththththththxthtz",
            "t_count": 29,
            "error": 0.0006260677322528175
        }
    ]
}