{
    "seed": 766,
    "angles": [
        0.2423052914043522,
        2.792847434301068,
        3.0711610215516227
    ],
    "data": [
        {
            "epsilon": 0.1,
            "time": 0.01431131362915039,
            "seqstr": "ththxththxthththththxthsz",
            "t_count": 10,
            "error": 0.04242039618478269
        },
        {
            "epsilon": 0.01,
            "time": 0.05866503715515137,
            "seqstr": "hythyththththxththxthythththththxththyththththxty",
            "t_count": 20,
            "error": 0.00117186738838191
        },
        {
            "epsilon": 0.001,
            "time": 7.683711767196655,
            "seqstr": "hythxthththththythththythththxththththxthythththththxthyt",
            "t_count": 24,
            "error": 0.0009090039256859924
        }
    ]
}