{
    "seed": 186,
    "angles": [
        6.043056143797689,
        2.1264638846999313,
        4.36311833872066
    ],
    "data": [
        {
            "epsilon": 0.1,
            "time": 0.011287927627563477,
            "seqstr": "thxthththxththxthththths",
            "t_count": 10,
            "error": 0.028411769719643563
        },
        {
            "epsilon": 0.01,
            "time": 0.05628156661987305,
            "seqstr": "hyththythththththththxththththxththyththythtx",
            "t_count": 19,
            "error": 0.002123062916530299
        },
        {
            "epsilon": 0.001,
            "time": 7.70922064781189,
            "seqstr": "shxththythththyththththxthyththththythththxthyththythththxthththththththsx",
            "t_count": 30,
            "error": 0.0005140032534069592
        }
    ]
}