{
    "seed": 372,
    "angles": [
        0.5717824144501265,
        0.8309344191428352,
        1.3001936202759037
    ],
    "data": [
        {
            "epsilon": 0.1,
            "time": 0.013710975646972656,
            "seqstr": "hthythththxththytht",
            "t_count": 8,
            "error": 0.01700067214403521
        },
        {
            "epsilon": 0.01,
            "time": 0.05921673774719238,
            "seqstr": "shthyththyththththththxththxththththxththythththsz",
            "t_count": 20,
            "error": 0.002469717442748191
        },
        {
            "epsilon": 0.001,
            "time": 7.530682802200317,
            "seqstr": "ththththxththxthyththththyththththxthyththythththththxthythththty",
            "t_count": 28,
            "error": 0.0009541499731205046
        }
    ]
}