{
    "seed": 110,
    "angles": [
        3.350377945513605,
        1.5719099804183805,
        5.897299058072797
    ],
    "data": [
        {
            "epsilon": 0.1,
            "time": 0.013794183731079102,
            "seqstr": "hthxthththythththxththth",
            "t_count": 10,
            "error": 0.014389265856487156
        },
        {
            "epsilon": 0.01,
            "time": 0.058444976806640625,
            "seqstr": "ythythththxthyththththxththththththythththxththsy",
            "t_count": 20,
            "error": 0.003350410251993194
        },
        {
            "epsilon": 0.001,
            "time": 7.572263717651367,
            "seqstr": "thxththxthththththxthththththxthyththythththythththththxththxthththsx",
            "t_count": 29,
            "error": 0.0007907543863656093
        }
    ]
}