{
    "seed": 128,
    "angles": [
        2.601793901060949,
        1.249909056255263,
        3.5038761923688697
    ],
    "data": [
        {
            "epsilon": 0.1,
            "time": 0.013533353805541992,
            "seqstr": "hthxthyththththxthyththty",
            "t_count": 10,
            "error": 0.024766739044814516
        },
        {
            "epsilon": 0.01,
            "time": 0.06047248840332031,
            "seqstr": "ththyththyththythththxthythththxthyththty",
            "t_count": 17,
            "error": 0.0019907652414919903
        },
        {
            "epsilon": 0.001,
            "time": 15.191132068634033,
            "seqstr": "hyththythththxththxththythththxthththxththxththxththxththxththththth",
            "t_count": 28,
            "error": 0.0009423100641685952
        }
    ]
}