{
    "seed": 220,
    "angles": [
        1.179244871252143,
        1.325637335890488,
        4.815160939999049
    ],
    "data": [
        {
            "epsilon": 0.1,
            "time": 0.01360177993774414,
            "seqstr": "hythythththythththxththty",
            "t_count": 10,
            "error": 0.028803459134209786
        },
        {
            "epsilon": 0.01,
            "time": 0.05895423889160156,
            "seqstr": "ythythththxthththxthththyththththythththxththyt",
            "t_count": 20,
            "error": 0.0014262995660818405
        },
        {
            "epsilon": 0.001,
            "time": 15.300851345062256,
            "seqstr": "thxththyththythththxthyththyththythththxthththythththxththxththythththxths",
            "t_count": 30,
            "error": 0.0004936980896437535
        }
    ]
}