{
    "seed": 117,
    "angles": [
        5.850086127416635,
        2.8318603084799,
        2.5495366941455337
    ],
    "data": [
        {
            "epsilon": 0.1,
            "time": 0.013547658920288086,
            "seqstr": "yththxthththyththyththyt",
            "t_count": 10,
            "error": 0.04854763617281764
        },
        {
            "epsilon": 0.01,
            "time": 0.06200742721557617,
            "seqstr": "shythththththththththyththththththththxththyths",
            "t_count": 20,
            "error": 0.004407158235649225
        },
        {
            "epsilon": 0.001,
            "time": 15.251802444458008,
            "seqstr": "ythththththythththxththxththththyththththxththyththththxthythththththz",
            "t_count": 30,
            "error": 0.0007454347015356285
        }
    ]
}