{
    "seed": 468,
    "angles": [
        2.1480676045403078,
        0.8717894143394666,
        0.30120812442203704
    ],
    "data": [
        {
            "epsilon": 0.1,
            "time": 0.013699769973754883,
            "seqstr": "shyththththythththxths",
            "t_count": 8,
            "error": 0.021252214204196263
        },
        {
            "epsilon": 0.01,
            "time": 0.05980849266052246,
            "seqstr": "hyththyththththythththththythththythththxththxthsx",
            "t_count": 20,
            "error": 0.0038205532157263625
        },
        {
            "epsilon": 0.001,
            "time": 20.81440544128418,
            "seqstr": "shxthththythththyththththythththththxththththxththththththththxthyt",
            "t_count": 29,
            "error": 0.0008107776281170165
        }
    ]
}