{
    "seed": 973,
    "angles": [
        1.0765838106242427,
        2.326849951787671,
        2.4136947930513086
    ],
    "data": [
        {
            "epsilon": 0.1,
            "time": 0.011773109436035156,
            "seqstr": "yththxththththxththxthyt",
            "t_count": 10,
            "error": 0.03994022555547483
        },
        {
            "epsilon": 0.01,
            "time": 0.057497501373291016,
            "seqstr": "shthththyththththxthyththythththxththxthththtx",
            "t_count": 19,
            "error": 0.004191491570560782
        },
        {
            "epsilon": 0.001,
            "time": 5.773473739624023,
            "seqstr": "shththxththxththththxthththythththxthyththththxthththxththxthsz",
            "t_count": 25,
            "error": 0.0006712659106963951
        }
    ]
}