{
    "seed": 112,
    "angles": [
        1.9864637468377886,
        1.2086838908781161,
        5.410152836167532
    ],
    "data": [
        {
            "epsilon": 0.1,
            "time": 0.013321638107299805,
            "seqstr": "shthythththyththththxthyth",
            "t_count": 10,
            "error": 0.016790064635051796
        },
        {
            "epsilon": 0.01,
            "time": 0.05853629112243652,
            "seqstr": "shxththththththxthththythththththythththxt",
            "t_count": 18,
            "error": 0.006199748937495979
        },
        {
            "epsilon": 0.001,
            "time": 7.618617057800293,
            "seqstr": "ythythththxththxthththxththxthththythththxthththyththythththtz",
            "t_count": 26,
            "error": 0.0004199888708531996
        }
    ]
}