{
    "seed": 583,
    "angles": [
        3.9023112226263077,
        1.3428221746514533,
        1.058235288534072
    ],
    "data": [
        {
            "epsilon": 0.1,
            "time": 0.01132345199584961,
            "seqstr": "hthxththxththxththxthty",
            "t_count": 9,
            "error": 0.04557674782416132
        },
        {
            "epsilon": 0.01,
            "time": 0.05967235565185547,
            "seqstr": "hthxththxthththyththththxththththththxththxthsx",
            "t_count": 19,
            "error": 0.003063741363144311
        },
        {
            "epsilon": 0.001,
            "time": 7.583268880844116,
            "seqstr": "ythyththththxththyththththxthythththxthththxthythththyththththththxthths",
            "t_count": 30,
            "error": 0.000601284887011238
        }
    ]
}