{
    "seed": 452,
    "angles": [
        5.172546229729043,
        2.134841284658234,
        4.159633993833352
    ],
    "data": [
        {
            "epsilon": 0.1,
            "time": 0.014099597930908203,
            "seqstr": "shththxthththythththxthth",
            "t_count": 10,
            "error": 0.02284772619812552
        },
        {
            "epsilon": 0.01,
            "time": 0.05656933784484863,
            "seqstr": "hyththththyththyththththyththththythththythtx",
            "t_count": 19,
            "error": 0.004988898263683471
        },
        {
            "epsilon": 0.001,
            "time": 7.565943241119385,
            "seqstr": "thxthythththyththyththththththyththththththththththththxthyththy",
            "t_count": 28,
            "error": 0.0007990354560804887
        }
    ]
}