{
    "seed": 538,
    "angles": [
        2.2214916208608297,
        2.501945385810449,
        4.811465424527261
    ],
    "data": [
        {
            "epsilon": 0.1,
            "time": 0.011367082595825195,
            "seqstr": "hythththxthththxthyththsx",
            "t_count": 9,
            "error": 0.009986487832762113
        },
        {
            "epsilon": 0.01,
            "time": 0.058896541595458984,
            "seqstr": "shthxthththyththythththxthththththythththththyths",
            "t_count": 20,
            "error": 0.0012979758399285979
        },
        {
            "epsilon": 0.001,
            "time": 7.55924654006958,
            "seqstr": "hyththyththththythththxthththxthythththxththyththythththxthythths",
            "t_count": 26,
            "error": 0.000606989146219088
        }
    ]
}