{
    "seed": 797,
    "angles": [
        2.7792828986532436,
        0.4556801624192272,
        2.812206959137387
    ],
    "data": [
        {
            "epsilon": 0.1,
            "time": 0.013706207275390625,
            "seqstr": "ythythththythththxththsx",
            "t_count": 9,
            "error": 0.041575034397677596
        },
        {
            "epsilon": 0.01,
            "time": 0.061183929443359375,
            "seqstr": "ythxththxthyththythththyththythththxththxththththz",
            "t_count": 20,
            "error": 0.005347328194916512
        },
        {
            "epsilon": 0.001,
            "time": 7.587006330490112,
            "seqstr": "thyththythththyththththththyththththxththxththythththtz",
            "t_count": 24,
            "error": 0.00027667683586427494
        }
    ]
}