{
    "seed": 580,
    "angles": [
        5.533015268817794,
        1.7159711849017623,
        4.389914096887923
    ],
    "data": [
        {
            "epsilon": 0.1,
            "time": 0.013406991958618164,
            "seqstr": "hythxththythththxththth",
            "t_count": 9,
            "error": 0.03918761015544495
        },
        {
            "epsilon": 0.01,
            "time": 0.06063723564147949,
            "seqstr": "shththxththxththxthyththththythththxthththxthththsz",
            "t_count": 20,
            "error": 0.0038799386315568167
        },
        {
            "epsilon": 0.001,
            "time": 15.121395587921143,
            "seqstr": "thththththxththththththxthththththxththxththxthththxthythththxthy",
            "t_count": 28,
            "error": 0.0009890336370950335
        }
    ]
}