{
    "seed": 180,
    "angles": [
        5.300048115443488,
        1.9019270020997892,
        3.200550776073043
    ],
    "data": [
        {
            "epsilon": 0.1,
            "time": 0.011239290237426758,
            "seqstr": "ythxththththxthyththtz",
            "t_count": 9,
            "error": 0.024545165336032824
        },
        {
            "epsilon": 0.01,
            "time": 0.05619192123413086,
            "seqstr": "thxththxthythththyththythththyththththyththyththsx",
            "t_count": 20,
            "error": 0.001216698198942755
        },
        {
            "epsilon": 0.001,
            "time": 7.590616226196289,
            "seqstr": "hyththththxthythththxthththththythththxthyththyththyththyththyths",
            "t_count": 26,
            "error": 0.0006054671655183581
        }
    ]
}