{
    "seed": 940,
    "angles": [
        1.882172891097711,
        1.3647951537742593,
        2.411043029644384
    ],
    "data": [
        {
            "epsilon": 0.1,
            "time": 0.011885881423950195,
            "seqstr": "hththththythththxthyththz",
            "t_count": 10,
            "error": 0.012415319403632403
        },
        {
            "epsilon": 0.01,
            "time": 0.05713391304016113,
            "seqstr": "hythxthththththththyththththththxtx",
            "t_count": 15,
            "error": 0.0024084727884563168
        },
        {
            "epsilon": 0.001,
            "time": 7.561827898025513,
            "seqstr": "shxththxthyththythththythththxthythththxththththxththxththxththxthythths",
            "t_count": 28,
            "error": 0.0007307773590154199
        }
    ]
}