{
    "seed": 862,
    "angles": [
        0.25225126256121744,
        0.888678434377351,
        0.11421847630724535
    ],
    "data": [
        {
            "epsilon": 0.1,
            "time": 0.014015436172485352,
            "seqstr": "ythyththythththythththth",
            "t_count": 10,
            "error": 0.033207890586338405
        },
        {
            "epsilon": 0.01,
            "time": 0.05906844139099121,
            "seqstr": "hthththyththththythththyththythththxthththsx",
            "t_count": 18,
            "error": 0.003811528019499394
        },
        {
            "epsilon": 0.001,
            "time": 7.560837507247925,
            "seqstr": "hthxthththythththyththythththxththxththxthththyththyththththxththz",
            "t_count": 27,
            "error": 0.0008155017378155618
        }
    ]
}