{
    "seed": 384,
    "angles": [
        4.186287947899801,
        0.5988957410713662,
        6.095294153762962
    ],
    "data": [
        {
            "epsilon": 0.1,
            "time": 0.011291027069091797,
            "seqstr": "ythththxthythththththxty",
            "t_count": 10,
            "error": 0.02530703356599188
        },
        {
            "epsilon": 0.01,
            "time": 0.05834650993347168,
            "seqstr": "thxththxththxthththyththythththyththyththythththsy",
            "t_count": 20,
            "error": 0.001185278190290571
        },
        {
            "epsilon": 0.001,
            "time": 7.621021747589111,
            "seqstr": "shththxththythththythththxthyththththxthythththxthththz",
            "t_count": 22,
            "error": 0.0007434993169753553
        }
    ]
}