{
    "seed": 390,
    "angles": [
        3.434036436055372,
        2.4497240985219477,
        3.039871774991523
    ],
    "data": [
        {
            "epsilon": 0.1,
            "time": 0.011544466018676758,
            "seqstr": "thxththythththyththythth",
            "t_count": 10,
            "error": 0.009134956523317039
        },
        {
            "epsilon": 0.01,
            "time": 0.05874800682067871,
            "seqstr": "shythththxthththththththythththththxththyththy",
            "t_count": 19,
            "error": 0.004151295980111066
        },
        {
            "epsilon": 0.001,
            "time": 15.311758995056152,
            "seqstr": "thythththythththxthththxthththththyththyththththyththththsz",
            "t_count": 25,
            "error": 0.0002763087301059233
        }
    ]
}