{
    "seed": 590,
    "angles": [
        4.291543959385186,
        1.8308637728277295,
        5.104388779402846
    ],
    "data": [
        {
            "epsilon": 0.1,
            "time": 0.013526439666748047,
            "seqstr": "hththththxthyththththyth",
            "t_count": 10,
            "error": 0.017038201236942378
        },
        {
            "epsilon": 0.01,
            "time": 0.060662269592285156,
            "seqstr": "thxththththththxthyththythththxthththyththtx",
            "t_count": 19,
            "error": 0.0007914552631779921
        },
        {
            "epsilon": 0.001,
            "time": 7.607670783996582,
            "seqstr": "thxththththththxthyththythththxthththyththtx",
            "t_count": 19,
            "error": 0.0007914552644404776
        }
    ]
}