{
    "seed": 156,
    "angles": [
        0.6611556172601389,
        2.7958471068045427,
        4.620476207651463
    ],
    "data": [
        {
            "epsilon": 0.1,
            "time": 0.011026620864868164,
            "seqstr": "ththyththythththyththths",
            "t_count": 10,
            "error": 0.03800448318935547
        },
        {
            "epsilon": 0.01,
            "time": 0.05597400665283203,
            "seqstr": "shxthyththythththythththxthythththxththththxththy",
            "t_count": 19,
            "error": 0.0025462242741996956
        },
        {
            "epsilon": 0.001,
            "time": 5.650402784347534,
            "seqstr": "shxthththythththxthythththththxthyththyththththxththththxths",
            "t_count": 24,
            "error": 0.000687692111928199
        }
    ]
}