{
    "seed": 125,
    "angles": [
        2.4417893252985543,
        0.4013082492338793,
        4.921390101455448
    ],
    "data": [
        {
            "epsilon": 0.1,
            "time": 0.013837337493896484,
            "seqstr": "ythyththththxthythththths",
            "t_count": 10,
            "error": 0.03582725589857238
        },
        {
            "epsilon": 0.01,
            "time": 0.05616450309753418,
            "seqstr": "shxththythththththxthththxththxththxththxththxthths",
            "t_count": 20,
            "error": 0.002052873427843132
        },
        {
            "epsilon": 0.001,
            "time": 23.163658380508423,
            "seqstr": "shxththxthththxthththxthththththththxthythththxthththxthththxthththyththy",
            "t_count": 30,
            "error": 0.000820130091444139
        }
    ]
}