{
    "seed": 642,
    "angles": [
        3.669904276083522,
        1.5293836486300143,
        5.226736841927223
    ],
    "data": [
        {
            "epsilon": 0.1,
            "time": 0.014035224914550781,
            "seqstr": "shthththxthyththythththxths",
            "t_count": 10,
            "error": 0.04693722765946385
        },
        {
            "epsilon": 0.01,
            "time": 0.05887770652770996,
            "seqstr": "hyththththxththxththxththththxththxththyththyththsx",
            "t_count": 20,
            "error": 0.0028046245974064172
        },
        {
            "epsilon": 0.001,
            "time": 7.533381223678589,
            "seqstr": "hythxththththxththththxththyththththythththxththythththtz",
            "t_count": 24,
            "error": 0.0008890578370412213
        }
    ]
}