{
    "seed": 885,
    "angles": [
        1.8154247177934124,
        2.0531137762153238,
        1.5407606305302126
    ],
    "data": [
        {
            "epsilon": 0.1,
            "time": 0.013773441314697266,
            "seqstr": "hythxthththxththxththxththsy",
            "t_count": 10,
            "error": 0.04169224740001048
        },
        {
            "epsilon": 0.01,
            "time": 0.05940985679626465,
            "seqstr": "thythththxththththththyththththxthyththththxths",
            "t_count": 20,
            "error": 0.0024976026216527187
        },
        {
            "epsilon": 0.001,
            "time": 7.570046663284302,
            "seqstr": "shxthththxththththxththxthththythththxthyththythththxththththty",
            "t_count": 26,
            "error": 0.0006704345370485799
        }
    ]
}