{
    "seed": 11,
    "angles": [
        3.4627526149801326,
        2.7045963305503657,
        2.5812503491058942
    ],
    "data": [
        {
            "epsilon": 0.1,
            "time": 0.012936830520629883,
            "seqstr": "hythyththythththythththtx",
            "t_count": 10,
            "error": 0.027076570167674386
        },
        {
            "epsilon": 0.01,
            "time": 0.06058907508850098,
            "seqstr": "hyththxththththththxththththxthythththythth",
            "t_count": 18,
            "error": 0.003391949530461808
        },
        {
            "epsilon": 0.001,
            "time": 7.478899002075195,
            "seqstr": "hthyththythththyththththythththyththththththxthththxththsz",
            "t_count": 24,
            "error": 0.0006163765236356765
        }
    ]
}