{
    "seed": 315,
    "angles": [
        4.4608637067308905,
        1.5342522972739319,
        5.873698451252527
    ],
    "data": [
        {
            "epsilon": 0.1,
            "time": 0.011453866958618164,
            "seqstr": "hyththththxthythththxty",
            "t_count": 9,
            "error": 0.03036185446875803
        },
        {
            "epsilon": 0.01,
            "time": 0.056302785873413086,
            "seqstr": "hythththythththxthththxththxthththyththththythths",
            "t_count": 20,
            "error": 0.002332215144206265
        },
        {
            "epsilon": 0.001,
            "time": 22.917589902877808,
            "seqstr": "ythxthththxthythththxththththyththththxthythththythththyt",
            "t_count": 24,
            "error": 0.0003544790620249572
        }
    ]
}