{
    "seed": 402,
    "angles": [
        0.14376373708652324,
        1.5681039631906768,
        0.2298649331827236
    ],
    "data": [
        {
            "epsilon": 0.1,
            "time": 0.013926982879638672,
            "seqstr": "hyththyththththxththtz",
            "t_count": 9,
            "error": 0.02265236236030185
        },
        {
            "epsilon": 0.01,
            "time": 0.05613517761230469,
            "seqstr": "yththxthythththxthththxththththxththxthththththsz",
            "t_count": 20,
            "error": 0.0015617076878333151
        },
        {
            "epsilon": 0.001,
            "time": 7.687809467315674,
            "seqstr": "shxthththythththythththythththxthythththththxththxthyththththxththxththxths",
            "t_count": 30,
            "error": 0.0005135820337736142
        }
    ]
}