{
    "seed": 808,
    "angles": [
        3.4007132280297965,
        2.4134971329789514,
        4.475520196197566
    ],
    "data": [
        {
            "epsilon": 0.1,
            "time": 0.01359701156616211,
            "seqstr": "shyththythththythththxths",
            "t_count": 9,
            "error": 0.03632581242323783
        },
        {
            "epsilon": 0.01,
            "time": 0.06075596809387207,
            "seqstr": "thththththxthythththxththththxththxththththtz",
            "t_count": 20,
            "error": 0.0021369348519725603
        },
        {
            "epsilon": 0.001,
            "time": 7.5143821239471436,
            "seqstr": "shxththxthyththththxthythththyththythththththxththyththyththyththyt",
            "t_count": 27,
            "error": 0.00040538944035583814
        }
    ]
}