{
    "seed": 524,
    "angles": [
        4.02894362904758,
        1.6101154156079778,
        2.7219753326528373
    ],
    "data": [
        {
            "epsilon": 0.1,
            "time": 0.011464595794677734,
            "seqstr": "ythxthyththythththythths",
            "t_count": 9,
            "error": 0.017009133918908667
        },
        {
            "epsilon": 0.01,
            "time": 0.05706214904785156,
            "seqstr": "shththxthththxththyththththxththxthyththythththxthz",
            "t_count": 20,
            "error": 0.002223849221160402
        },
        {
            "epsilon": 0.001,
            "time": 7.6438117027282715,
            "seqstr": "ythxthyththththththxthyththythththxthyththyththyththyththththsz",
            "t_count": 25,
            "error": 0.0007608662481978745
        }
    ]
}