{
    "seed": 566,
    "angles": [
        5.085209762986171,
        0.8256065297340331,
        0.7059201013266012
    ],
    "data": [
        {
            "epsilon": 0.1,
            "time": 0.014074325561523438,
            "seqstr": "hththythththxthththtz",
            "t_count": 9,
            "error": 0.04408270950909171
        },
        {
            "epsilon": 0.01,
            "time": 0.05898475646972656,
            "seqstr": "hththxthythththxththxthythththythththyththz",
            "t_count": 17,
            "error": 0.0036417167162705725
        },
        {
            "epsilon": 0.001,
            "time": 7.563112020492554,
            "seqstr": "thxthththxthythththxthythththythththyththththxththxthththsz",
            "t_count": 24,
            "error": 0.00033416864117799257
        }
    ]
}