{
    "seed": 978,
    "angles": [
        5.328692817701569,
        1.3324576145951383,
        5.995298501085575
    ],
    "data": [
        {
            "epsilon": 0.1,
            "time": 0.011836767196655273,
            "seqstr": "hyththththxththxthththxthsx",
            "t_count": 10,
            "error": 0.0340291727428002
        },
        {
            "epsilon": 0.01,
            "time": 0.05970287322998047,
            "seqstr": "thythththyththythththxththxththththyththththyths",
            "t_count": 20,
            "error": 0.003522184685545441
        },
        {
            "epsilon": 0.001,
            "time": 5.733541250228882,
            "seqstr": "hththththyththythththxthyththththththxthththxthythththyththty",
            "t_count": 26,
            "error": 0.0005384819750071163
        }
    ]
}