{
    "seed": 143,
    "angles": [
        2.5469627859198223,
        0.14905945517026625,
        0.9297895761659314
    ],
    "data": [
        {
            "epsilon": 0.1,
            "time": 0.01343226432800293,
            "seqstr": "yththxthythththyththt",
            "t_count": 9,
            "error": 0.03126881995379297
        },
        {
            "epsilon": 0.01,
            "time": 0.05847978591918945,
            "seqstr": "shthxthththyththythththththxththythththxthythththsz",
            "t_count": 20,
            "error": 0.001905572863793283
        },
        {
            "epsilon": 0.001,
            "time": 7.707492351531982,
            "seqstr": "hthxthythththththxthththxththththxththththxththythththxthyth",
            "t_count": 25,
            "error": 0.0009735101059469947
        }
    ]
}