{
    "seed": 771,
    "angles": [
        2.3047694823655585,
        1.3772573859839476,
        2.967642014310205
    ],
    "data": [
        {
            "epsilon": 0.1,
            "time": 0.011635541915893555,
            "seqstr": "ythyththththxthththythths",
            "t_count": 10,
            "error": 0.025742058330540336
        },
        {
            "epsilon": 0.01,
            "time": 0.05908679962158203,
            "seqstr": "ythxththxththxthyththththththththxthythththtz",
            "t_count": 19,
            "error": 0.003924299710180912
        },
        {
            "epsilon": 0.001,
            "time": 15.266871213912964,
            "seqstr": "hythxthththxthyththththxththythththththxthythththththththththxththxths",
            "t_count": 29,
            "error": 0.000526023373368568
        }
    ]
}