{
    "seed": 308,
    "angles": [
        4.813892707106167,
        1.8012255936161214,
        2.850369833022344
    ],
    "data": [
        {
            "epsilon": 0.1,
            "time": 0.013519287109375,
            "seqstr": "shxthththyththyththththyth",
            "t_count": 10,
            "error": 0.0202652327572921
        },
        {
            "epsilon": 0.01,
            "time": 0.05867195129394531,
            "seqstr": "shthththxthththththxthyththythththxththxththxththsy",
            "t_count": 20,
            "error": 0.0022805555064119827
        },
        {
            "epsilon": 0.001,
            "time": 15.226576566696167,
            "seqstr": "hthththththxththyththythththxththxththxthththxththxththythththyththy",
            "t_count": 28,
            "error": 0.0009021810296409082
        }
    ]
}