{
    "seed": 895,
    "angles": [
        4.890770232196086,
        0.6302206389021161,
        1.2104291427995664
    ],
    "data": [
        {
            "epsilon": 0.1,
            "time": 0.011406183242797852,
            "seqstr": "shxththythththxthththxththx",
            "t_count": 10,
            "error": 0.02450106084828456
        },
        {
            "epsilon": 0.01,
            "time": 0.05666327476501465,
            "seqstr": "shthxthyththththththxththyththythththxthththxthth",
            "t_count": 20,
            "error": 0.0032389220395780704
        },
        {
            "epsilon": 0.001,
            "time": 30.247148275375366,
            "seqstr": "hythththxthyththththxthyththythththythththxthyththththxthththxthsx",
            "t_count": 26,
            "error": 0.0007725404599039027
        }
    ]
}