{
    "seed": 194,
    "angles": [
        3.9200618250349635,
        1.2887768579772134,
        0.4937924684679249
    ],
    "data": [
        {
            "epsilon": 0.1,
            "time": 0.01344919204711914,
            "seqstr": "yththythththxthythththty",
            "t_count": 10,
            "error": 0.032974905545825065
        },
        {
            "epsilon": 0.01,
            "time": 0.05910778045654297,
            "seqstr": "shthxththythththxthyththythththxththythththththxthz",
            "t_count": 20,
            "error": 0.0025510745977939623
        },
        {
            "epsilon": 0.001,
            "time": 13.254355192184448,
            "seqstr": "ththththxththththythththththxthththyththththythththxthythththyththsx",
            "t_count": 29,
            "error": 0.0007816624636460918
        }
    ]
}