{
    "seed": 366,
    "angles": [
        4.1961764807350255,
        1.3488539064111733,
        0.7614116157026114
    ],
    "data": [
        {
            "epsilon": 0.1,
            "time": 0.013612031936645508,
            "seqstr": "ythxththxththxththxththy",
            "t_count": 9,
            "error": 0.046028511516824314
        },
        {
            "epsilon": 0.01,
            "time": 0.05899238586425781,
            "seqstr": "ythxththxthththyththththxththththththxthththsz",
            "t_count": 19,
            "error": 0.003775739354018361
        },
        {
            "epsilon": 0.001,
            "time": 7.622222661972046,
            "seqstr": "ythxthyththythththththxthythththythththththythththththxthththxty",
            "t_count": 27,
            "error": 0.0005464524892651042
        }
    ]
}