{
    "seed": 795,
    "angles": [
        1.3208623147195517,
        0.7101200166825625,
        5.125944801592678
    ],
    "data": [
        {
            "epsilon": 0.1,
            "time": 0.011632680892944336,
            "seqstr": "ythxththththxththxtx",
            "t_count": 8,
            "error": 0.027974510489988405
        },
        {
            "epsilon": 0.01,
            "time": 0.058302879333496094,
            "seqstr": "ythththxththyththththythththxthyththyththththz",
            "t_count": 19,
            "error": 0.003228277695311321
        },
        {
            "epsilon": 0.001,
            "time": 7.542375087738037,
            "seqstr": "hythxthththythththxththythththyththththxththyththththththsx",
            "t_count": 24,
            "error": 0.0008499409439743093
        }
    ]
}