{
    "seed": 748,
    "angles": [
        1.9465342878720824,
        1.4285606727582842,
        4.5650333537669985
    ],
    "data": [
        {
            "epsilon": 0.1,
            "time": 0.013750791549682617,
            "seqstr": "hththxththxththxththxththy",
            "t_count": 10,
            "error": 0.040361153524096964
        },
        {
            "epsilon": 0.01,
            "time": 0.0614778995513916,
            "seqstr": "shyththththxthththxthththxthyththythththythththyths",
            "t_count": 20,
            "error": 0.0034659827379383214
        },
        {
            "epsilon": 0.001,
            "time": 15.011077165603638,
            "seqstr": "shyththththththxthyththyththythththxthththyththththxththxthththththythths",
            "t_count": 30,
            "error": 0.0007508152841534233
        }
    ]
}