{
    "seed": 189,
    "angles": [
        1.0732793078023093,
        2.2320275971631705,
        1.6721122150771404
    ],
    "data": [
        {
            "epsilon": 0.1,
            "time": 0.013420343399047852,
            "seqstr": "hythxththxthththythththsy",
            "t_count": 9,
            "error": 0.02201696962703949
        },
        {
            "epsilon": 0.01,
            "time": 0.06104731559753418,
            "seqstr": "hythxththxthyththththxthyththyththththxths",
            "t_count": 16,
            "error": 0.002095824647422061
        },
        {
            "epsilon": 0.001,
            "time": 15.288906574249268,
            "seqstr": "hythththythththythththththythththythththththyththththythththththyths",
            "t_count": 29,
            "error": 0.0008553968434617044
        }
    ]
}