{
    "seed": 124,
    "angles": [
        3.5334095615789005,
        2.1025081948941695,
        2.6332118051940316
    ],
    "data": [
        {
            "epsilon": 0.1,
            "time": 0.013625860214233398,
            "seqstr": "hthxththxththxththythththz",
            "t_count": 10,
            "error": 0.009135593996806442
        },
        {
            "epsilon": 0.01,
            "time": 0.06071352958679199,
            "seqstr": "ththththxththythththththxththxthythththxthtz",
            "t_count": 19,
            "error": 0.0029200432706479435
        },
        {
            "epsilon": 0.001,
            "time": 7.655102252960205,
            "seqstr": "ythxthythththxthyththththxththxththththyththythththththxthyththy",
            "t_count": 26,
            "error": 0.0005695191147087487
        }
    ]
}