{
    "seed": 278,
    "angles": [
        6.244087590790384,
        2.1853290707362474,
        4.002535833677418
    ],
    "data": [
        {
            "epsilon": 0.1,
            "time": 0.01353764533996582,
            "seqstr": "shththxthyththththththtx",
            "t_count": 10,
            "error": 0.03179476486684989
        },
        {
            "epsilon": 0.01,
            "time": 0.06020951271057129,
            "seqstr": "ththythththxththxththxthythththxthythththxththths",
            "t_count": 20,
            "error": 0.0022550111836023103
        },
        {
            "epsilon": 0.001,
            "time": 7.560496091842651,
            "seqstr": "shyththyththythththyththythththxthythththxththxthyththththththxthththythtx",
            "t_count": 30,
            "error": 0.0008099161288598216
        }
    ]
}