{
    "seed": 96,
    "angles": [
        1.9549769014457121,
        1.7494441170705588,
        4.402907843981003
    ],
    "data": [
        {
            "epsilon": 0.1,
            "time": 0.013303279876708984,
            "seqstr": "shththxthyththththxthyththsx",
            "t_count": 10,
            "error": 0.03533412924181346
        },
        {
            "epsilon": 0.01,
            "time": 0.05876350402832031,
            "seqstr": "hthththxththxthththyththyththththyththyththth",
            "t_count": 19,
            "error": 0.0028636037584096213
        },
        {
            "epsilon": 0.001,
            "time": 15.252638339996338,
            "seqstr": "hththxthythththththxthththththythththyththththxthththxthththxththy",
            "t_count": 28,
            "error": 0.00037139977647376106
        }
    ]
}