{
    "seed": 398,
    "angles": [
        2.493748582412584,
        2.249961134008692,
        2.1170226764501088
    ],
    "data": [
        {
            "epsilon": 0.1,
            "time": 0.013823747634887695,
            "seqstr": "ythyththththythththxthyth",
            "t_count": 10,
            "error": 0.033492333240878566
        },
        {
            "epsilon": 0.01,
            "time": 0.059497833251953125,
            "seqstr": "thythththxthththyththythththththythththxththx",
            "t_count": 19,
            "error": 0.0016240785292323185
        },
        {
            "epsilon": 0.001,
            "time": 15.190553665161133,
            "seqstr": "shythththththxththythththythththyththththxththththththxthsz",
            "t_count": 24,
            "error": 0.000982542317818636
        }
    ]
}