{
    "seed": 97,
    "angles": [
        1.0529538075418463,
        0.9233106640567078,
        4.348154214950005
    ],
    "data": [
        {
            "epsilon": 0.1,
            "time": 0.013355016708374023,
            "seqstr": "shthythththxththyththythtx",
            "t_count": 10,
            "error": 0.01566700032691829
        },
        {
            "epsilon": 0.01,
            "time": 0.060620784759521484,
            "seqstr": "hththxththyththththxththxthththththyththythththx",
            "t_count": 20,
            "error": 0.0033737151461213275
        },
        {
            "epsilon": 0.001,
            "time": 22.707984685897827,
            "seqstr": "shththxththythththththththyththythththxthyththththththxththsz",
            "t_count": 25,
            "error": 0.000924798167799968
        }
    ]
}