{
    "seed": 793,
    "angles": [
        4.682360606083779,
        1.4906262954405203,
        0.37096542640647767
    ],
    "data": [
        {
            "epsilon": 0.1,
            "time": 0.014060258865356445,
            "seqstr": "shxthththxththyththz",
            "t_count": 7,
            "error": 0.0176254762960975
        },
        {
            "epsilon": 0.01,
            "time": 0.058733463287353516,
            "seqstr": "hthxththyththythththyththyththyththythththththy",
            "t_count": 19,
            "error": 0.0014445319999793506
        },
        {
            "epsilon": 0.001,
            "time": 7.5747129917144775,
            "seqstr": "hythxthyththythththxthyththyththythththxthythththxththxththyththy",
            "t_count": 25,
            "error": 0.00033102608912090087
        }
    ]
}