{
    "seed": 550,
    "angles": [
        0.6574256255340405,
        1.5906288082032283,
        2.6095610140181744
    ],
    "data": [
        {
            "epsilon": 0.1,
            "time": 0.014162540435791016,
            "seqstr": "thththyththththxththz",
            "t_count": 9,
            "error": 0.03570039067087791
        },
        {
            "epsilon": 0.01,
            "time": 0.05630350112915039,
            "seqstr": "hthxththththyththththxthththxththththxthyththtx",
            "t_count": 20,
            "error": 0.0034173054200075216
        },
        {
            "epsilon": 0.001,
            "time": 7.609753131866455,
            "seqstr": "ththxthththththyththythththythththythththxthyththythththsx",
            "t_count": 24,
            "error": 0.0009303588262209023
        }
    ]
}