{
    "seed": 930,
    "angles": [
        2.4802658663734363,
        1.229506466320226,
        5.417682388095806
    ],
    "data": [
        {
            "epsilon": 0.1,
            "time": 0.011953353881835938,
            "seqstr": "hthxthththxththyththythth",
            "t_count": 10,
            "error": 0.019932408035615322
        },
        {
            "epsilon": 0.01,
            "time": 0.05730557441711426,
            "seqstr": "shthxththxthththxthythththxthththththxththxthytht",
            "t_count": 20,
            "error": 0.0014769594504455352
        },
        {
            "epsilon": 0.001,
            "time": 15.222218036651611,
            "seqstr": "shxthththxthythththythththxththxththxthththxthythththythththxththsx",
            "t_count": 26,
            "error": 0.0007839677143525699
        }
    ]
}