{
    "seed": 535,
    "angles": [
        1.0670280326525559,
        0.3023262620115397,
        4.8327733877183565
    ],
    "data": [
        {
            "epsilon": 0.1,
            "time": 0.013671636581420898,
            "seqstr": "hthxththxthythththyt",
            "t_count": 8,
            "error": 0.03899654411850296
        },
        {
            "epsilon": 0.01,
            "time": 0.05900406837463379,
            "seqstr": "thxthythththxththththxththxththxththththty",
            "t_count": 18,
            "error": 0.002439942165840108
        },
        {
            "epsilon": 0.001,
            "time": 53.06261920928955,
            "seqstr": "hthythththththyththythththxthyththythththxththxththththxthythty",
            "t_count": 26,
            "error": 0.0008409037318112259
        }
    ]
}