{
    "seed": 926,
    "angles": [
        2.174906667723576,
        1.1342760482542034,
        2.782912247951262
    ],
    "data": [
        {
            "epsilon": 0.1,
            "time": 0.011734485626220703,
            "seqstr": "ththxthththththththxth",
            "t_count": 10,
            "error": 0.021863682153568705
        },
        {
            "epsilon": 0.01,
            "time": 0.05939173698425293,
            "seqstr": "hthxththththxththththxthythththththxthythththsy",
            "t_count": 19,
            "error": 0.004024669090585072
        },
        {
            "epsilon": 0.001,
            "time": 30.58542227745056,
            "seqstr": "hththxththththxththxththyththththththxththxthyththththythththxtx",
            "t_count": 27,
            "error": 0.0008710430553339401
        }
    ]
}