{
    "seed": 641,
    "angles": [
        5.06475248513765,
        0.3573408898014607,
        0.8354231183206666
    ],
    "data": [
        {
            "epsilon": 0.1,
            "time": 0.013581991195678711,
            "seqstr": "hthyththyththththythththz",
            "t_count": 10,
            "error": 0.051754896992066576
        },
        {
            "epsilon": 0.01,
            "time": 0.06139016151428223,
            "seqstr": "ththxththththxththythththxththththyththythththsx",
            "t_count": 20,
            "error": 0.002959320404256262
        },
        {
            "epsilon": 0.001,
            "time": 7.561923503875732,
            "seqstr": "hythythththxththxththththththxththxthyththythththyththththxthyththty",
            "t_count": 28,
            "error": 0.0007244942134382971
        }
    ]
}