{
    "seed": 286,
    "angles": [
        1.65207348804981,
        2.1336634869976216,
        3.3418467005578982
    ],
    "data": [
        {
            "epsilon": 0.1,
            "time": 0.013546228408813477,
            "seqstr": "thxthyththththyththsx",
            "t_count": 8,
            "error": 0.016006555808813275
        },
        {
            "epsilon": 0.01,
            "time": 0.06110215187072754,
            "seqstr": "thxththythththyththyththyththythththyththyththtz",
            "t_count": 20,
            "error": 0.003250597175312033
        },
        {
            "epsilon": 0.001,
            "time": 7.649700880050659,
            "seqstr": "hythxthththththththxththxthththxththyththythththththxthththththyt",
            "t_count": 28,
            "error": 0.0008029030039073565
        }
    ]
}