{
    "seed": 371,
    "angles": [
        4.050069436373107,
        0.8927048578803577,
        5.344000086640198
    ],
    "data": [
        {
            "epsilon": 0.1,
            "time": 0.01358485221862793,
            "seqstr": "hthxthththxthythththythths",
            "t_count": 10,
            "error": 0.03563492778218338
        },
        {
            "epsilon": 0.01,
            "time": 0.06146073341369629,
            "seqstr": "thxththxththththththxththxththxthththyththyths",
            "t_count": 19,
            "error": 0.004487874365007188
        },
        {
            "epsilon": 0.001,
            "time": 37.82550096511841,
            "seqstr": "yththxthythththyththyththththththxthththxththxthththththyththththyththz",
            "t_count": 30,
            "error": 0.0005261099495555973
        }
    ]
}