{
    "seed": 415,
    "angles": [
        0.8053417515641694,
        2.455561031708818,
        2.097633066086612
    ],
    "data": [
        {
            "epsilon": 0.1,
            "time": 0.013946533203125,
            "seqstr": "ththyththyththththxththy",
            "t_count": 10,
            "error": 0.03780879967826174
        },
        {
            "epsilon": 0.01,
            "time": 0.05928826332092285,
            "seqstr": "hythxththththxththxththythththxththythththyththths",
            "t_count": 20,
            "error": 0.003913030566994387
        },
        {
            "epsilon": 0.001,
            "time": 5.604674577713013,
            "seqstr": "thythththyththythththththxthththxthythththxththythththxthththxththxt",
            "t_count": 29,
            "error": 0.00014136247646645122
        }
    ]
}