{
    "seed": 14,
    "angles": [
        5.161295534874451,
        2.221264807731149,
        4.413301867128992
    ],
    "data": [
        {
            "epsilon": 0.1,
            "time": 0.01311182975769043,
            "seqstr": "hythyththythththxththxtht",
            "t_count": 10,
            "error": 0.011795222094433908
        },
        {
            "epsilon": 0.01,
            "time": 0.060437679290771484,
            "seqstr": "thyththththythththththxthyththyththththythty",
            "t_count": 19,
            "error": 0.0025933715725390025
        },
        {
            "epsilon": 0.001,
            "time": 35.997730016708374,
            "seqstr": "thxththxththththythththythththxthththythththxthththth",
            "t_count": 23,
            "error": 0.0008688910928549827
        }
    ]
}