{
    "seed": 545,
    "angles": [
        2.9273300045903463,
        0.8130204460661327,
        5.293256298157676
    ],
    "data": [
        {
            "epsilon": 0.1,
            "time": 0.013871192932128906,
            "seqstr": "shxthyththththxththxthyththy",
            "t_count": 10,
            "error": 0.014788020375514402
        },
        {
            "epsilon": 0.01,
            "time": 0.05693793296813965,
            "seqstr": "shthxththxthththththxththythththxthythththxththx",
            "t_count": 19,
            "error": 0.0031008168912201434
        },
        {
            "epsilon": 0.001,
            "time": 15.057312488555908,
            "seqstr": "shththththxthythththththxthythththththyththththxththxththththz",
            "t_count": 26,
            "error": 0.0009044222920304192
        }
    ]
}