{
    "seed": 317,
    "angles": [
        6.035951319212813,
        2.358301288613124,
        1.2342535850698404
    ],
    "data": [
        {
            "epsilon": 0.1,
            "time": 0.011302947998046875,
            "seqstr": "thxththththythththxty",
            "t_count": 9,
            "error": 0.020495503173843327
        },
        {
            "epsilon": 0.01,
            "time": 0.05860447883605957,
            "seqstr": "shthxthththththxththyththththxthyththyththththsx",
            "t_count": 19,
            "error": 0.004192504956510101
        },
        {
            "epsilon": 0.001,
            "time": 15.386895895004272,
            "seqstr": "yththxthththxthththyththyththththxththythththxththxththxthththxthythththz",
            "t_count": 30,
            "error": 0.00047493791521013227
        }
    ]
}