{
    "seed": 551,
    "angles": [
        2.138634722406315,
        1.888089774906017,
        4.703101545385325
    ],
    "data": [
        {
            "epsilon": 0.1,
            "time": 0.01370382308959961,
            "seqstr": "thyththththxththxththt",
            "t_count": 10,
            "error": 0.02409122552169234
        },
        {
            "epsilon": 0.01,
            "time": 0.06116032600402832,
            "seqstr": "thththyththththxthyththyththththxthththxt",
            "t_count": 18,
            "error": 0.0028048455578026693
        },
        {
            "epsilon": 0.001,
            "time": 7.623322248458862,
            "seqstr": "hyththyththththxththxthththxththxththththxththththxththththtx",
            "t_count": 26,
            "error": 0.0005515379130116329
        }
    ]
}