{
    "seed": 400,
    "angles": [
        4.049028725453778,
        1.7155916971909473,
        1.5005886928556196
    ],
    "data": [
        {
            "epsilon": 0.1,
            "time": 0.013556480407714844,
            "seqstr": "shththythththththxthths",
            "t_count": 9,
            "error": 0.019327728886934282
        },
        {
            "epsilon": 0.01,
            "time": 0.06070137023925781,
            "seqstr": "hththththththththththxthththxththxthththxthyth",
            "t_count": 20,
            "error": 0.0017422180533617055
        },
        {
            "epsilon": 0.001,
            "time": 15.170472860336304,
            "seqstr": "shythththyththththxthththxththxthyththththxthythththxthththththythtx",
            "t_count": 28,
            "error": 0.0004309624724725213
        }
    ]
}