{
    "seed": 626,
    "angles": [
        3.717548535509996,
        0.6995103618099151,
        5.752118486822816
    ],
    "data": [
        {
            "epsilon": 0.1,
            "time": 0.01352238655090332,
            "seqstr": "hthththththxthyththyt",
            "t_count": 9,
            "error": 0.039869719743454185
        },
        {
            "epsilon": 0.01,
            "time": 0.05861330032348633,
            "seqstr": "thxththythththxthyththythththxththxththythththxths",
            "t_count": 20,
            "error": 0.004566621372612075
        },
        {
            "epsilon": 0.001,
            "time": 13.164849758148193,
            "seqstr": "hythyththththyththyththththththyththyththththxthythththxththxththxt",
            "t_count": 28,
            "error": 0.0001329710932384972
        }
    ]
}