{
    "seed": 504,
    "angles": [
        5.622221385695424,
        2.668035168388678,
        2.068220385668985
    ],
    "data": [
        {
            "epsilon": 0.1,
            "time": 0.013982772827148438,
            "seqstr": "hythythththththththy",
            "t_count": 8,
            "error": 0.0236494716631516
        },
        {
            "epsilon": 0.01,
            "time": 0.0587923526763916,
            "seqstr": "hthxththththythththxthththythththxththththytht",
            "t_count": 20,
            "error": 0.0014248768259631725
        },
        {
            "epsilon": 0.001,
            "time": 7.618768215179443,
            "seqstr": "hthxthththththyththyththythththxthththxththththththythththythththxththz",
            "t_count": 30,
            "error": 0.0009882191533100283
        }
    ]
}