{
    "seed": 209,
    "angles": [
        1.3195049548621363,
        2.7063585448077987,
        2.651877025140772
    ],
    "data": [
        {
            "epsilon": 0.1,
            "time": 0.013832330703735352,
            "seqstr": "yththyththyththyths",
            "t_count": 7,
            "error": 0.04052877978988645
        },
        {
            "epsilon": 0.01,
            "time": 0.056308746337890625,
            "seqstr": "shxththththyththththythththththxthththxthythththx",
            "t_count": 20,
            "error": 0.0038395391559687664
        },
        {
            "epsilon": 0.001,
            "time": 13.401312589645386,
            "seqstr": "hthyththththxthyththythththxththxththxthththxthththxthyththythty",
            "t_count": 26,
            "error": 0.0006925340834404521
        }
    ]
}