{
    "seed": 197,
    "angles": [
        5.552606439025677,
        2.372409177927944,
        1.7308478771713656
    ],
    "data": [
        {
            "epsilon": 0.1,
            "time": 0.01381683349609375,
            "seqstr": "shxththyththyththythththz",
            "t_count": 9,
            "error": 0.045562523822944435
        },
        {
            "epsilon": 0.01,
            "time": 0.058280229568481445,
            "seqstr": "shththyththththxththththxththxththxththyththt",
            "t_count": 19,
            "error": 0.004455894502519205
        },
        {
            "epsilon": 0.001,
            "time": 13.343598365783691,
            "seqstr": "hthththththxthyththyththththxththxthythththxthththxththythththz",
            "t_count": 26,
            "error": 0.0007054022411297814
        }
    ]
}