{
    "seed": 414,
    "angles": [
        4.544521949936261,
        1.4863814582568977,
        1.4335411399135287
    ],
    "data": [
        {
            "epsilon": 0.1,
            "time": 0.013732433319091797,
            "seqstr": "hthththythththththxthyth",
            "t_count": 10,
            "error": 0.013902746640500471
        },
        {
            "epsilon": 0.01,
            "time": 0.06119704246520996,
            "seqstr": "shthyththththxththththxthyththythththyththz",
            "t_count": 17,
            "error": 0.002960681986474856
        },
        {
            "epsilon": 0.001,
            "time": 7.587971925735474,
            "seqstr": "shthythththxthththxththxthyththyththythththxththththxthythththyth",
            "t_count": 26,
            "error": 0.0008576024826089768
        }
    ]
}