{
    "seed": 754,
    "angles": [
        6.149357322193884,
        0.8223722174176005,
        1.6373032027897256
    ],
    "data": [
        {
            "epsilon": 0.1,
            "time": 0.013773679733276367,
            "seqstr": "shthxththyththyththyththtz",
            "t_count": 10,
            "error": 0.03060693518310242
        },
        {
            "epsilon": 0.01,
            "time": 0.06134366989135742,
            "seqstr": "hythxthththythththththxththxththyththththxthththy",
            "t_count": 20,
            "error": 0.0015440942599992478
        },
        {
            "epsilon": 0.001,
            "time": 13.41708779335022,
            "seqstr": "thththxthththxththythththxththxththxthyththyththyththythththyththytht",
            "t_count": 29,
            "error": 0.0008036810885379789
        }
    ]
}