{
    "seed": 328,
    "angles": [
        4.73292044885813,
        1.0336595235360504,
        2.5502883967979475
    ],
    "data": [
        {
            "epsilon": 0.1,
            "time": 0.013460874557495117,
            "seqstr": "hththxththththththththz",
            "t_count": 10,
            "error": 0.04486668179222544
        },
        {
            "epsilon": 0.01,
            "time": 0.06093239784240723,
            "seqstr": "shthxththththththythththxththxthythththxthythty",
            "t_count": 19,
            "error": 0.0010789333542818235
        },
        {
            "epsilon": 0.001,
            "time": 7.563270807266235,
            "seqstr": "hthththxthththxthththythththxthythththththththythththxththththxthsx",
            "t_count": 28,
            "error": 0.0009411447713677044
        }
    ]
}