{
    "seed": 689,
    "angles": [
        5.0745855897518535,
        1.222216465287003,
        5.143954506623021
    ],
    "data": [
        {
            "epsilon": 0.1,
            "time": 0.014744043350219727,
            "seqstr": "shythththxthyththththyththz",
            "t_count": 10,
            "error": 0.019533487593601333
        },
        {
            "epsilon": 0.01,
            "time": 0.05895805358886719,
            "seqstr": "ththxthythththxthythththyththyththththty",
            "t_count": 17,
            "error": 0.004616798257424101
        },
        {
            "epsilon": 0.001,
            "time": 7.5962958335876465,
            "seqstr": "hythxththxththxththththththxththythththyththththththxt",
            "t_count": 23,
            "error": 0.0005868758012277873
        }
    ]
}