{
    "seed": 150,
    "angles": [
        4.117744175548808,
        1.6515282211987765,
        2.881557959222339
    ],
    "data": [
        {
            "epsilon": 0.1,
            "time": 0.013481616973876953,
            "seqstr": "yththythththxthththxththy",
            "t_count": 10,
            "error": 0.04124244440352621
        },
        {
            "epsilon": 0.01,
            "time": 0.05915331840515137,
            "seqstr": "shxththythththththxthththxthththxthythththsy",
            "t_count": 17,
            "error": 0.0025710211287828834
        },
        {
            "epsilon": 0.001,
            "time": 15.37260103225708,
            "seqstr": "yththyththththythththxthyththththththythththythththxty",
            "t_count": 23,
            "error": 0.0007061503451650374
        }
    ]
}