{
    "seed": 42,
    "angles": [
        3.1553936964986766,
        0.7359062415687322,
        4.72121810785459
    ],
    "data": [
        {
            "epsilon": 0.1,
            "time": 0.013361930847167969,
            "seqstr": "shxthththyththyththyththth",
            "t_count": 10,
            "error": 0.019800686970700823
        },
        {
            "epsilon": 0.01,
            "time": 0.05852174758911133,
            "seqstr": "hthxthththththxthyththyththththththxthythththsz",
            "t_count": 19,
            "error": 0.004428206567465284
        },
        {
            "epsilon": 0.001,
            "time": 7.707386016845703,
            "seqstr": "shxthththththxththxthththththythththxthythththththxthyththththxththxthyths",
            "t_count": 30,
            "error": 0.0009705520697296293
        }
    ]
}