{
    "seed": 950,
    "angles": [
        2.3126357571048963,
        0.9400142376678098,
        3.7471763983396356
    ],
    "data": [
        {
            "epsilon": 0.1,
            "time": 0.011878252029418945,
            "seqstr": "ythxthththyththththxththsx",
            "t_count": 10,
            "error": 0.039233451670409675
        },
        {
            "epsilon": 0.01,
            "time": 0.057942867279052734,
            "seqstr": "shxththxthththxththxthyththythththxththththxthyththz",
            "t_count": 20,
            "error": 0.004186104439820715
        },
        {
            "epsilon": 0.001,
            "time": 7.6569647789001465,
            "seqstr": "shthxththxththxthythththxththxththxththththxththxththththxthththythty",
            "t_count": 28,
            "error": 0.0006755276957791221
        }
    ]
}