{
    "seed": 999,
    "angles": [
        4.252162312939316,
        2.2982480267691003,
        5.254518112920325
    ],
    "data": [
        {
            "epsilon": 0.1,
            "time": 0.011870384216308594,
            "seqstr": "shththxththxththyths",
            "t_count": 7,
            "error": 0.03130637429301174
        },
        {
            "epsilon": 0.01,
            "time": 0.05761528015136719,
            "seqstr": "hththxthththxthyththythththxththythththththththy",
            "t_count": 20,
            "error": 0.0020372438043265812
        },
        {
            "epsilon": 0.001,
            "time": 34.015360593795776,
            "seqstr": "thxthyththththxthythththxthththththxthththythththxthththyththythtx",
            "t_count": 28,
            "error": 0.0006620027738583489
        }
    ]
}