{
    "seed": 527,
    "angles": [
        0.35005948147226285,
        2.5878182916709456,
        1.9349811228495355
    ],
    "data": [
        {
            "epsilon": 0.1,
            "time": 0.011272907257080078,
            "seqstr": "thththxthththythty",
            "t_count": 8,
            "error": 0.03397114747858602
        },
        {
            "epsilon": 0.01,
            "time": 0.05805373191833496,
            "seqstr": "ythxththxththththxththxththythththythththxthyths",
            "t_count": 19,
            "error": 0.0030192651202884386
        },
        {
            "epsilon": 0.001,
            "time": 7.580645322799683,
            "seqstr": "hythxththythththyththththththxththxthyththythththxththyththththxththththsz",
            "t_count": 30,
            "error": 0.0009785986045278072
        }
    ]
}