{
    "seed": 352,
    "angles": [
        2.3045270460033924,
        0.7749885397738902,
        1.6136986344796798
    ],
    "data": [
        {
            "epsilon": 0.1,
            "time": 0.013527154922485352,
            "seqstr": "shththyththyththyththty",
            "t_count": 9,
            "error": 0.006014131963894586
        },
        {
            "epsilon": 0.01,
            "time": 0.059897661209106445,
            "seqstr": "ythyththththxthyththththththxthyththyththththty",
            "t_count": 20,
            "error": 0.004126394775385518
        },
        {
            "epsilon": 0.001,
            "time": 7.525290489196777,
            "seqstr": "hthxththxththththxththythththxththxthththythththxththththxththththsz",
            "t_count": 28,
            "error": 0.0007776723921347467
        }
    ]
}