{
    "seed": 2,
    "angles": [
        3.9135300516753313,
        0.5656017059471835,
        3.5954274576049823
    ],
    "data": [
        {
            "epsilon": 0.1,
            "time": 0.013317346572875977,
            "seqstr": "hyththxththththththsy",
            "t_count": 8,
            "error": 0.05465242479495395
        },
        {
            "epsilon": 0.01,
            "time": 0.05808091163635254,
            "seqstr": "ythxththththxthyththththxththythththyththththxthsz",
            "t_count": 20,
            "error": 0.002412112676718203
        },
        {
            "epsilon": 0.001,
            "time": 7.643444299697876,
            "seqstr": "hythththxthththxththxththththyththythththxthyththythththyththtz",
            "t_count": 26,
            "error": 0.0007432617193625825
        }
    ]
}