{
    "seed": 410,
    "angles": [
        0.42698675285179855,
        2.1797352213186247,
        3.5849312670967297
    ],
    "data": [
        {
            "epsilon": 0.1,
            "time": 0.013612747192382812,
            "seqstr": "shxthththythththythththxthz",
            "t_count": 10,
            "error": 0.03076740323414644
        },
        {
            "epsilon": 0.01,
            "time": 0.05964040756225586,
            "seqstr": "hythxthythththxthyththythththththythththththxththsz",
            "t_count": 20,
            "error": 0.002185589470126851
        },
        {
            "epsilon": 0.001,
            "time": 22.6573429107666,
            "seqstr": "shxththxthththxthyththyththythththxthththxthyththythththxthththxththxthz",
            "t_count": 28,
            "error": 0.0007342991710072818
        }
    ]
}