{
    "seed": 622,
    "angles": [
        2.6429342879231346,
        2.5392048949667427,
        1.8093519647295686
    ],
    "data": [
        {
            "epsilon": 0.1,
            "time": 0.013760089874267578,
            "seqstr": "thxthyththythththththty",
            "t_count": 10,
            "error": 0.01930924285005182
        },
        {
            "epsilon": 0.01,
            "time": 0.059319257736206055,
            "seqstr": "shyththythththththxththythththththythththyth",
            "t_count": 18,
            "error": 0.002704784376081629
        },
        {
            "epsilon": 0.001,
            "time": 7.591181993484497,
            "seqstr": "shthxthththxththxthythththxththththththythththththxthythththyththyths",
            "t_count": 28,
            "error": 0.000950277258811862
        }
    ]
}