{
    "seed": 169,
    "angles": [
        1.0541578410770738,
        2.0921093275339477,
        3.7214442378904473
    ],
    "data": [
        {
            "epsilon": 0.1,
            "time": 0.01363992691040039,
            "seqstr": "shxthththxthyththyththtz",
            "t_count": 9,
            "error": 0.0442555087548996
        },
        {
            "epsilon": 0.01,
            "time": 0.06065249443054199,
            "seqstr": "hthythththththxththythththxththythththxthz",
            "t_count": 17,
            "error": 0.0024260691293903074
        },
        {
            "epsilon": 0.001,
            "time": 7.758992671966553,
            "seqstr": "shythththythththththththththxththythththxththxthythththxthythththy",
            "t_count": 27,
            "error": 0.000824111222950282
        }
    ]
}