{
    "seed": 486,
    "angles": [
        6.1891171196900885,
        1.6328526716386231,
        4.00308057739999
    ],
    "data": [
        {
            "epsilon": 0.1,
            "time": 0.013611555099487305,
            "seqstr": "thththxthyththyththyththy",
            "t_count": 10,
            "error": 0.05157434794396372
        },
        {
            "epsilon": 0.01,
            "time": 0.06112408638000488,
            "seqstr": "shththythththythththyththththxththththxththxthsx",
            "t_count": 19,
            "error": 0.0023436780099274196
        },
        {
            "epsilon": 0.001,
            "time": 7.5811285972595215,
            "seqstr": "thththththxththxthththththxthththyththththththxththxththxty",
            "t_count": 26,
            "error": 0.0007442293106489315
        }
    ]
}