{
    "seed": 164,
    "angles": [
        4.4967337663343425,
        1.7543712056196346,
        0.38392791656641734
    ],
    "data": [
        {
            "epsilon": 0.1,
            "time": 0.013796329498291016,
            "seqstr": "shthxthyththythththxty",
            "t_count": 8,
            "error": 0.04737907224690461
        },
        {
            "epsilon": 0.01,
            "time": 0.05849266052246094,
            "seqstr": "thxthyththththxthythththxthyththyththththxthththy",
            "t_count": 20,
            "error": 0.00388191977819608
        },
        {
            "epsilon": 0.001,
            "time": 7.646847248077393,
            "seqstr": "shxthththyththththythththxthythththxththththththythththxththyththy",
            "t_count": 27,
            "error": 0.00027481540714267605
        }
    ]
}