{
    "seed": 171,
    "angles": [
        0.13603116855460673,
        0.6319556990258863,
        3.7648578133023367
    ],
    "data": [
        {
            "epsilon": 0.1,
            "time": 0.013446807861328125,
            "seqstr": "thythththththyththythtx",
            "t_count": 10,
            "error": 0.023240529599569643
        },
        {
            "epsilon": 0.01,
            "time": 0.05862832069396973,
            "seqstr": "hththyththyththythththxththxththyththythtx",
            "t_count": 17,
            "error": 0.0006210461050106732
        },
        {
            "epsilon": 0.001,
            "time": 7.757457971572876,
            "seqstr": "hththyththyththythththxththxththyththythtx",
            "t_count": 17,
            "error": 0.0006210461067983393
        }
    ]
}