{
    "seed": 23,
    "angles": [
        2.5428662349590674,
        1.829828696876381,
        5.8344561609606185
    ],
    "data": [
        {
            "epsilon": 0.1,
            "time": 0.013318538665771484,
            "seqstr": "ythththxththsy",
            "t_count": 5,
            "error": 0.024187483195896503
        },
        {
            "epsilon": 0.01,
            "time": 0.06061410903930664,
            "seqstr": "hthththxthyththyththththththth",
            "t_count": 13,
            "error": 0.0029025217462602558
        },
        {
            "epsilon": 0.001,
            "time": 15.14944076538086,
            "seqstr": "shxthythththxththythththxththythththxthythththythththxththxthththththxthsz",
            "t_count": 29,
            "error": 0.0008510654480344755
        }
    ]
}