{
    "seed": 876,
    "angles": [
        2.035442936068968,
        1.4321924002675603,
        1.7305158488816534
    ],
    "data": [
        {
            "epsilon": 0.1,
            "time": 0.014246940612792969,
            "seqstr": "shththxththxththxththyththy",
            "t_count": 10,
            "error": 0.025431858519948707
        },
        {
            "epsilon": 0.01,
            "time": 0.05874371528625488,
            "seqstr": "ythththththxthththxthyththththththththyt",
            "t_count": 18,
            "error": 0.0016459938832716111
        },
        {
            "epsilon": 0.001,
            "time": 48.95245361328125,
            "seqstr": "ththxthythththththxththythththythththththxthththythththththt",
            "t_count": 27,
            "error": 0.0007060782844880869
        }
    ]
}