{
    "seed": 620,
    "angles": [
        0.6430849322271808,
        0.7934067986906963,
        2.146867810546449
    ],
    "data": [
        {
            "epsilon": 0.1,
            "time": 0.014102935791015625,
            "seqstr": "thxththxththxththyththyt",
            "t_count": 10,
            "error": 0.03956115283186157
        },
        {
            "epsilon": 0.01,
            "time": 0.05901479721069336,
            "seqstr": "hythxththythththxththyththyththththththxththtx",
            "t_count": 19,
            "error": 0.003052353299899549
        },
        {
            "epsilon": 0.001,
            "time": 7.596903085708618,
            "seqstr": "ythxthththxthththththxththyththythththyththyththththxthythththxthyththyths",
            "t_count": 30,
            "error": 0.0007034858318205954
        }
    ]
}