{
    "seed": 693,
    "angles": [
        4.6665262286523355,
        1.3168263362271706,
        3.911167086039913
    ],
    "data": [
        {
            "epsilon": 0.1,
            "time": 0.013714790344238281,
            "seqstr": "hthyththththxthththxthtx",
            "t_count": 10,
            "error": 0.01800138547384139
        },
        {
            "epsilon": 0.01,
            "time": 0.058561086654663086,
            "seqstr": "shxththxththyththththxthyththythththxththxththxt",
            "t_count": 19,
            "error": 0.004597796923665482
        },
        {
            "epsilon": 0.001,
            "time": 7.5579071044921875,
            "seqstr": "hthyththyththyththyththythththxthythththththththythththythththsy",
            "t_count": 26,
            "error": 0.0008674425612925259
        }
    ]
}