{
    "seed": 47,
    "angles": [
        0.8101510010463651,
        1.834248581273992,
        4.05605333893328
    ],
    "data": [
        {
            "epsilon": 0.1,
            "time": 0.013263940811157227,
            "seqstr": "hthythththxththxthyththths",
            "t_count": 10,
            "error": 0.026978982045476697
        },
        {
            "epsilon": 0.01,
            "time": 0.06100773811340332,
            "seqstr": "thththyththythththythththythththxthththththy",
            "t_count": 19,
            "error": 0.0015686439630691758
        },
        {
            "epsilon": 0.001,
            "time": 7.590789556503296,
            "seqstr": "yththththxththxthththththxththyththththxththththxthththxthty",
            "t_count": 26,
            "error": 0.0006104243854891257
        }
    ]
}