{
    "seed": 233,
    "angles": [
        1.6865699378156043,
        1.5604041014206218,
        3.4815654391813724
    ],
    "data": [
        {
            "epsilon": 0.1,
            "time": 0.013978719711303711,
            "seqstr": "ththythththythths",
            "t_count": 7,
            "error": 0.023064710587656523
        },
        {
            "epsilon": 0.01,
            "time": 0.05614495277404785,
            "seqstr": "ththxthyththththyththyththyththythththxthths",
            "t_count": 18,
            "error": 0.0007952162197693325
        },
        {
            "epsilon": 0.001,
            "time": 7.614606857299805,
            "seqstr": "ythythththxthyththythththyththyththyththyththththxththxthythththy",
            "t_count": 26,
            "error": 0.0004965830033658283
        }
    ]
}