{
    "seed": 893,
    "angles": [
        1.733508264386285,
        2.4559676203285346,
        5.425341351029736
    ],
    "data": [
        {
            "epsilon": 0.1,
            "time": 0.011558771133422852,
            "seqstr": "thththxththththyth",
            "t_count": 8,
            "error": 0.023620751035852018
        },
        {
            "epsilon": 0.01,
            "time": 0.059128761291503906,
            "seqstr": "hythxththxthyththyththythththxththythththththyth",
            "t_count": 19,
            "error": 0.0022165849961275188
        },
        {
            "epsilon": 0.001,
            "time": 28.820116758346558,
            "seqstr": "yththththyththyththyththththxththththxththxthththxthyththththt",
            "t_count": 27,
            "error": 0.0007369173920659251
        }
    ]
}