{
    "seed": 376,
    "angles": [
        0.0019863880121473443,
        0.9686102611633643,
        6.249728279197666
    ],
    "data": [
        {
            "epsilon": 0.1,
            "time": 0.014052867889404297,
            "seqstr": "thththththxththththxthz",
            "t_count": 10,
            "error": 0.04022996550218164
        },
        {
            "epsilon": 0.01,
            "time": 0.056168556213378906,
            "seqstr": "hththxthythththxththyththyththththyththsz",
            "t_count": 16,
            "error": 0.0021779175082674517
        },
        {
            "epsilon": 0.001,
            "time": 7.621131181716919,
            "seqstr": "hyththythththththththyththythththxththxththththxthyths",
            "t_count": 22,
            "error": 0.0007689584666129174
        }
    ]
}