{
    "seed": 888,
    "angles": [
        4.4398796094664394,
        1.7676781943629263,
        0.6450350496144552
    ],
    "data": [
        {
            "epsilon": 0.1,
            "time": 0.013770103454589844,
            "seqstr": "yththxththxtht",
            "t_count": 6,
            "error": 0.029939708894317733
        },
        {
            "epsilon": 0.01,
            "time": 0.06299233436584473,
            "seqstr": "shxththxththyththththththththxthythththxthsz",
            "t_count": 17,
            "error": 0.0016445470913024956
        },
        {
            "epsilon": 0.001,
            "time": 30.341347455978394,
            "seqstr": "hythyththyththththxththyththyththyththththyththyththyththt",
            "t_count": 24,
            "error": 0.0009761914018658977
        }
    ]
}