{
    "seed": 902,
    "angles": [
        6.187829051184297,
        2.756027133429342,
        5.223753813347355
    ],
    "data": [
        {
            "epsilon": 0.1,
            "time": 0.013758420944213867,
            "seqstr": "shththththxththxthththyt",
            "t_count": 10,
            "error": 0.03857949489814101
        },
        {
            "epsilon": 0.01,
            "time": 0.05884146690368652,
            "seqstr": "shthyththththyththyththyththththyththyththththt",
            "t_count": 20,
            "error": 0.004363123665358776
        },
        {
            "epsilon": 0.001,
            "time": 67.90673327445984,
            "seqstr": "ththyththththxththththythththththxthththxthththxthyththththythththxth",
            "t_count": 30,
            "error": 0.0009681253643634276
        }
    ]
}