{
    "seed": 35,
    "angles": [
        4.725929075400327,
        1.5642182895228327,
        5.574354502756977
    ],
    "data": [
        {
            "epsilon": 0.1,
            "time": 0.013545751571655273,
            "seqstr": "ththxthyththyththyththyths",
            "t_count": 10,
            "error": 0.03447784313454499
        },
        {
            "epsilon": 0.01,
            "time": 0.058377742767333984,
            "seqstr": "hyththxththxththyththythththythththyththths",
            "t_count": 17,
            "error": 0.004003733460211393
        },
        {
            "epsilon": 0.001,
            "time": 15.368596315383911,
            "seqstr": "shxththyththyththththththxththththththythththxthyththththxththz",
            "t_count": 26,
            "error": 0.000691652088739031
        }
    ]
}