{
    "seed": 568,
    "angles": [
        6.2732077273161355,
        2.5159590219336057,
        2.2060108607529916
    ],
    "data": [
        {
            "epsilon": 0.1,
            "time": 0.011558055877685547,
            "seqstr": "thxththyththththththtz",
            "t_count": 10,
            "error": 0.015623692509730757
        },
        {
            "epsilon": 0.01,
            "time": 0.05818963050842285,
            "seqstr": "shthxththythththythththxthyththththythththxththy",
            "t_count": 19,
            "error": 0.0035025970869917685
        },
        {
            "epsilon": 0.001,
            "time": 7.615619897842407,
            "seqstr": "thxthythththyththythththythththththththxthythththxththxththyththsx",
            "t_count": 27,
            "error": 0.0007679499401594476
        }
    ]
}