{
    "seed": 679,
    "angles": [
        2.620586323036541,
        1.967187790746709,
        2.20905650760084
    ],
    "data": [
        {
            "epsilon": 0.1,
            "time": 0.011606931686401367,
            "seqstr": "hththxththyththththxthyth",
            "t_count": 10,
            "error": 0.039975074145321726
        },
        {
            "epsilon": 0.01,
            "time": 0.05755257606506348,
            "seqstr": "thyththththxthththththththxthyththththxththxtx",
            "t_count": 20,
            "error": 0.004336735948098555
        },
        {
            "epsilon": 0.001,
            "time": 7.700222969055176,
            "seqstr": "shthxththththxthththyththythththxththxththxthyththyththyththyththyththsz",
            "t_count": 28,
            "error": 0.0009824249715064987
        }
    ]
}