{
    "seed": 687,
    "angles": [
        2.072302116101806,
        1.93509881418163,
        2.582951136773273
    ],
    "data": [
        {
            "epsilon": 0.1,
            "time": 0.011153221130371094,
            "seqstr": "hththxthththththxthythty",
            "t_count": 10,
            "error": 0.005659975386888715
        },
        {
            "epsilon": 0.01,
            "time": 0.057639360427856445,
            "seqstr": "shthxthththththxthythththththththxthyththth",
            "t_count": 18,
            "error": 0.0006875381660869364
        },
        {
            "epsilon": 0.001,
            "time": 7.558095932006836,
            "seqstr": "hthxththththththxthyththythththththththxthythththththythththxthththxths",
            "t_count": 30,
            "error": 0.000590913021630693
        }
    ]
}