{
    "seed": 385,
    "angles": [
        2.960819056781963,
        0.6939049416045048,
        4.3263258140364815
    ],
    "data": [
        {
            "epsilon": 0.1,
            "time": 0.013671875,
            "seqstr": "ythythththxthythththxththsx",
            "t_count": 10,
            "error": 0.03314208504489717
        },
        {
            "epsilon": 0.01,
            "time": 0.061069488525390625,
            "seqstr": "hyththththxthythththxththythththyththththxthythth",
            "t_count": 20,
            "error": 0.004871951834608626
        },
        {
            "epsilon": 0.001,
            "time": 7.6655683517456055,
            "seqstr": "shxththththththxththyththythththththyththythththyththythththythth",
            "t_count": 27,
            "error": 0.0008066730915256938
        }
    ]
}