{
    "seed": 705,
    "angles": [
        1.7751215779614409,
        0.8423756426110017,
        4.0673440200698066
    ],
    "data": [
        {
            "epsilon": 0.1,
            "time": 0.013766765594482422,
            "seqstr": "hthxthththxthythththxththsy",
            "t_count": 10,
            "error": 0.015968715858955238
        },
        {
            "epsilon": 0.01,
            "time": 0.06130075454711914,
            "seqstr": "thxththxththyththththythththxthyththththxththy",
            "t_count": 19,
            "error": 0.0009537155035487586
        },
        {
            "epsilon": 0.001,
            "time": 5.568089485168457,
            "seqstr": "thxththxththyththththythththxthyththththxththy",
            "t_count": 19,
            "error": 0.0009537155041308101
        }
    ]
}