{
    "seed": 7,
    "angles": [
        6.0645095958837345,
        1.1060495830940695,
        3.5379630800549293
    ],
    "data": [
        {
            "epsilon": 0.1,
            "time": 0.012949228286743164,
            "seqstr": "shyththththththththxtht",
            "t_count": 10,
            "error": 0.042760358193018745
        },
        {
            "epsilon": 0.01,
            "time": 0.06053018569946289,
            "seqstr": "shththxthththththythththythththxththyththythththy",
            "t_count": 20,
            "error": 0.004782684510374691
        },
        {
            "epsilon": 0.001,
            "time": 7.671005010604858,
            "seqstr": "hththxthythththxththththththxthththththxththththththyththththxtx",
            "t_count": 28,
            "error": 0.0008332770526872281
        }
    ]
}