{
    "seed": 900,
    "angles": [
        4.907500075904055,
        2.9051342558848963,
        3.479099576584364
    ],
    "data": [
        {
            "epsilon": 0.1,
            "time": 0.013783454895019531,
            "seqstr": "shxthythththxthththyththsx",
            "t_count": 9,
            "error": 0.007849503545740467
        },
        {
            "epsilon": 0.01,
            "time": 0.05919671058654785,
            "seqstr": "shxthththththththththxthythththththththyths",
            "t_count": 18,
            "error": 0.003736034451135856
        },
        {
            "epsilon": 0.001,
            "time": 5.577198028564453,
            "seqstr": "shthxththxthythththxththxthyththythththythththththxththxththxthtx",
            "t_count": 26,
            "error": 0.0007667234523299371
        }
    ]
}