{
    "seed": 838,
    "angles": [
        5.880750033147585,
        0.3434930473956313,
        2.16642730480916
    ],
    "data": [
        {
            "epsilon": 0.1,
            "time": 0.013792991638183594,
            "seqstr": "ythyththththyththyththtz",
            "t_count": 10,
            "error": 0.03144957208535622
        },
        {
            "epsilon": 0.01,
            "time": 0.05931591987609863,
            "seqstr": "shyththththxthyththththythththxthyththththxththxt",
            "t_count": 20,
            "error": 0.0027086769811272907
        },
        {
            "epsilon": 0.001,
            "time": 20.909565210342407,
            "seqstr": "thxththxthththxththththththththxthththythththythththyththththsx",
            "t_count": 27,
            "error": 0.0005846860129913304
        }
    ]
}