{
    "seed": 541,
    "angles": [
        6.15057650320005,
        1.355523217034328,
        4.895559911366298
    ],
    "data": [
        {
            "epsilon": 0.1,
            "time": 0.013747215270996094,
            "seqstr": "ythththxthththxththxthsz",
            "t_count": 9,
            "error": 0.032647594106202514
        },
        {
            "epsilon": 0.01,
            "time": 0.05854654312133789,
            "seqstr": "shththththxthythththxththththththxthyththththxthsz",
            "t_count": 20,
            "error": 0.00317133464691573
        },
        {
            "epsilon": 0.001,
            "time": 30.311302661895752,
            "seqstr": "ythxthyththythththxththththxthythththxththththththxththxthz",
            "t_count": 24,
            "error": 0.0005094344980418219
        }
    ]
}