{
    "seed": 100,
    "angles": [
        4.751191235511716,
        1.2181930078303413,
        5.094646686894949
    ],
    "data": [
        {
            "epsilon": 0.1,
            "time": 0.013491392135620117,
            "seqstr": "thyththyththththythththx",
            "t_count": 10,
            "error": 0.038281894248963104
        },
        {
            "epsilon": 0.01,
            "time": 0.05898284912109375,
            "seqstr": "hthxthythththxththththxththyththththxththththyth",
            "t_count": 20,
            "error": 0.002529833986114982
        },
        {
            "epsilon": 0.001,
            "time": 26.409130096435547,
            "seqstr": "hythxththythththxthythththythththththxththththxththththxthythththyth",
            "t_count": 28,
            "error": 0.0005476184897878953
        }
    ]
}