{
    "seed": 294,
    "angles": [
        4.406309009471728,
        0.5242805493977781,
        5.565103917221858
    ],
    "data": [
        {
            "epsilon": 0.1,
            "time": 0.013805150985717773,
            "seqstr": "shxththyththththxthyththyth",
            "t_count": 10,
            "error": 0.043021348778944195
        },
        {
            "epsilon": 0.01,
            "time": 0.056255340576171875,
            "seqstr": "ythththxthythththxthythththththythththythththx",
            "t_count": 19,
            "error": 0.004679950429358344
        },
        {
            "epsilon": 0.001,
            "time": 18.761634826660156,
            "seqstr": "hthxthththththxthththythththythththxththyththththththythththxthththxthy",
            "t_count": 30,
            "error": 0.0008494589842749891
        }
    ]
}