{
    "seed": 558,
    "angles": [
        6.217933322929159,
        1.7425019515223568,
        3.755808113215448
    ],
    "data": [
        {
            "epsilon": 0.1,
            "time": 0.01393747329711914,
            "seqstr": "ythxththxthththxththytht",
            "t_count": 10,
            "error": 0.024299946577341122
        },
        {
            "epsilon": 0.01,
            "time": 0.058621883392333984,
            "seqstr": "shythththxththxththyththyththythththththxththxthtx",
            "t_count": 20,
            "error": 0.0022650412175087833
        },
        {
            "epsilon": 0.001,
            "time": 20.663652181625366,
            "seqstr": "hythththxththththxththythththxththythththyththythththxththxththxthths",
            "t_count": 28,
            "error": 0.0004873173475447887
        }
    ]
}