{
    "seed": 318,
    "angles": [
        2.915896298571268,
        1.6628519489893225,
        1.3264705736754117
    ],
    "data": [
        {
            "epsilon": 0.1,
            "time": 0.013541221618652344,
            "seqstr": "shththththth",
            "t_count": 5,
            "error": 0.035736565254232903
        },
        {
            "epsilon": 0.01,
            "time": 0.06083798408508301,
            "seqstr": "hythythththththxththxthyththththyththythththythth",
            "t_count": 20,
            "error": 0.0024634989937157253
        },
        {
            "epsilon": 0.001,
            "time": 22.930537462234497,
            "seqstr": "hththxththxththxthyththththththxthththththxththythththxththyths",
            "t_count": 26,
            "error": 0.000583247443195277
        }
    ]
}