{
    "seed": 531,
    "angles": [
        4.5474989905735335,
        1.3606714902681358,
        4.4194640847170845
    ],
    "data": [
        {
            "epsilon": 0.1,
            "time": 0.013669490814208984,
            "seqstr": "ththxthththxthyththyththz",
            "t_count": 10,
            "error": 0.034679406302904114
        },
        {
            "epsilon": 0.01,
            "time": 0.06140279769897461,
            "seqstr": "shxththxthythththxththxththththyththythththxththx",
            "t_count": 19,
            "error": 0.002549103364830123
        },
        {
            "epsilon": 0.001,
            "time": 7.571363925933838,
            "seqstr": "shthyththththxthythththythththxthyththththythththxththxththxthththxththxthy",
            "t_count": 30,
            "error": 0.0004383994524098468
        }
    ]
}