{
    "seed": 254,
    "angles": [
        5.617677918229317,
        2.24196160572342,
        0.48549510602035983
    ],
    "data": [
        {
            "epsilon": 0.1,
            "time": 0.013697147369384766,
            "seqstr": "yththxthththythththyththsx",
            "t_count": 10,
            "error": 0.023919326180512245
        },
        {
            "epsilon": 0.01,
            "time": 0.0590054988861084,
            "seqstr": "shxthyththyththththxththxththyththythththththt",
            "t_count": 19,
            "error": 0.0020658876877810376
        },
        {
            "epsilon": 0.001,
            "time": 15.193308115005493,
            "seqstr": "ythxththththxthththththththxthththythththxthyththththththythththythtx",
            "t_count": 30,
            "error": 0.0008840947615731908
        }
    ]
}