{
    "seed": 592,
    "angles": [
        3.183229535129919,
        0.6262094621425319,
        4.029341053719702
    ],
    "data": [
        {
            "epsilon": 0.1,
            "time": 0.013840675354003906,
            "seqstr": "thxththyththththththtx",
            "t_count": 10,
            "error": 0.01001116757754024
        },
        {
            "epsilon": 0.01,
            "time": 0.05923724174499512,
            "seqstr": "shyththththththxthththxththxthyththyththyththyt",
            "t_count": 19,
            "error": 0.0010212104747801078
        },
        {
            "epsilon": 0.001,
            "time": 7.568159103393555,
            "seqstr": "shthththxththxththxththythththythththyththththyththththxthyththths",
            "t_count": 27,
            "error": 0.00048266855654404046
        }
    ]
}