{
    "seed": 482,
    "angles": [
        6.137721040604054,
        1.9619089884238576,
        0.7644299567314246
    ],
    "data": [
        {
            "epsilon": 0.1,
            "time": 0.013652324676513672,
            "seqstr": "ythxthythththxththtx",
            "t_count": 8,
            "error": 0.014200859329351369
        },
        {
            "epsilon": 0.01,
            "time": 0.06124520301818848,
            "seqstr": "shyththththxthythththythththxththththththsx",
            "t_count": 17,
            "error": 0.003560128819405909
        },
        {
            "epsilon": 0.001,
            "time": 7.665201663970947,
            "seqstr": "hythththyththyththththxththythththxththththythththxthyththyththsx",
            "t_count": 26,
            "error": 0.0008070177037736057
        }
    ]
}