{
    "seed": 427,
    "angles": [
        3.9778107839802264,
        1.0035417199260541,
        5.967216574420618
    ],
    "data": [
        {
            "epsilon": 0.1,
            "time": 0.013616561889648438,
            "seqstr": "thythththththxthythththsx",
            "t_count": 10,
            "error": 0.02996721556612172
        },
        {
            "epsilon": 0.01,
            "time": 0.060858726501464844,
            "seqstr": "shththxththththyththththththxththyththththxththsx",
            "t_count": 20,
            "error": 0.00519969910630242
        },
        {
            "epsilon": 0.001,
            "time": 7.547415733337402,
            "seqstr": "shthxththythththththxthyththyththythththxththyththyththththsy",
            "t_count": 24,
            "error": 0.0006947807510805699
        }
    ]
}