{
    "seed": 509,
    "angles": [
        1.5944862170066116,
        0.6583806239133099,
        3.318106246941329
    ],
    "data": [
        {
            "epsilon": 0.1,
            "time": 0.011484146118164062,
            "seqstr": "shxthyththyththththxththxtx",
            "t_count": 10,
            "error": 0.018781439716394958
        },
        {
            "epsilon": 0.01,
            "time": 0.056568145751953125,
            "seqstr": "hythxthththxththxththyththythththxthththxthththy",
            "t_count": 19,
            "error": 0.002442598929210496
        },
        {
            "epsilon": 0.001,
            "time": 7.538070201873779,
            "seqstr": "shthyththththxthththththththththxththxthththththxthythththythththxththsz",
            "t_count": 30,
            "error": 0.0007350635451809514
        }
    ]
}