{
    "seed": 12,
    "angles": [
        5.577137557166054,
        1.080676534506916,
        4.751486889980715
    ],
    "data": [
        {
            "epsilon": 0.1,
            "time": 0.010506629943847656,
            "seqstr": "shyththththxththththyths",
            "t_count": 9,
            "error": 0.03789728253492672
        },
        {
            "epsilon": 0.01,
            "time": 0.05559563636779785,
            "seqstr": "ythxthththxthththxththththyththththxthyththtz",
            "t_count": 19,
            "error": 0.0021518080576254143
        },
        {
            "epsilon": 0.001,
            "time": 7.568565845489502,
            "seqstr": "ythyththythththththxththyththththythththyththththxtx",
            "t_count": 22,
            "error": 0.0009463233498737278
        }
    ]
}