{
    "seed": 957,
    "angles": [
        3.2179785707018205,
        0.32611754121565506,
        0.14140764301918507
    ],
    "data": [
        {
            "epsilon": 0.1,
            "time": 0.011974573135375977,
            "seqstr": "shththththxththxthththsz",
            "t_count": 9,
            "error": 0.017979953403189648
        },
        {
            "epsilon": 0.01,
            "time": 0.05741262435913086,
            "seqstr": "yththththxthththyththththxthyththththxthyththsz",
            "t_count": 19,
            "error": 0.0037949168383559283
        },
        {
            "epsilon": 0.001,
            "time": 7.595092535018921,
            "seqstr": "hythththythththxthththyththythththxthththxthyththythththxthyththsz",
            "t_count": 26,
            "error": 0.00029959496981416764
        }
    ]
}