{
    "seed": 230,
    "angles": [
        1.0945222211713954,
        2.790180076191098,
        0.9491392065904387
    ],
    "data": [
        {
            "epsilon": 0.1,
            "time": 0.013698339462280273,
            "seqstr": "hythxththyththythththththy",
            "t_count": 10,
            "error": 0.034105340858744705
        },
        {
            "epsilon": 0.01,
            "time": 0.06090283393859863,
            "seqstr": "shxththxthththxththththxthyththththxthththxtx",
            "t_count": 18,
            "error": 0.0031183090950987003
        },
        {
            "epsilon": 0.001,
            "time": 7.602625846862793,
            "seqstr": "hythxthththththththyththththththxthythththxthththythththyththty",
            "t_count": 27,
            "error": 0.0008164986473109988
        }
    ]
}