{
    "seed": 775,
    "angles": [
        5.868591217920917,
        2.3264176014971456,
        5.748657910299322
    ],
    "data": [
        {
            "epsilon": 0.1,
            "time": 0.013838768005371094,
            "seqstr": "shxthyththythththxthyththth",
            "t_count": 10,
            "error": 0.02595957523902897
        },
        {
            "epsilon": 0.01,
            "time": 0.061618804931640625,
            "seqstr": "ythththythththththththxththxththxththththththy",
            "t_count": 20,
            "error": 0.002601309972031624
        },
        {
            "epsilon": 0.001,
            "time": 5.656602621078491,
            "seqstr": "hthxthththyththththythththxthththththththxthththythththxthyths",
            "t_count": 26,
            "error": 0.0006233481738313704
        }
    ]
}