{
    "seed": 405,
    "angles": [
        0.6729917133566294,
        1.4292262732821444,
        2.5538705243354194
    ],
    "data": [
        {
            "epsilon": 0.1,
            "time": 0.013750076293945312,
            "seqstr": "shthxthythththththxthz",
            "t_count": 8,
            "error": 0.040757187853445474
        },
        {
            "epsilon": 0.01,
            "time": 0.05925559997558594,
            "seqstr": "hythythththththththththxththxththxthythththyththy",
            "t_count": 20,
            "error": 0.0028466877701837897
        },
        {
            "epsilon": 0.001,
            "time": 7.627913475036621,
            "seqstr": "shththththththythththxthththyththththxthththxtht",
            "t_count": 21,
            "error": 0.0008035618865707655
        }
    ]
}