{
    "seed": 576,
    "angles": [
        4.651887290660592,
        1.9133185581045935,
        4.76039408772187
    ],
    "data": [
        {
            "epsilon": 0.1,
            "time": 0.015418767929077148,
            "seqstr": "shthyththythththxthythths",
            "t_count": 9,
            "error": 0.025393865127334093
        },
        {
            "epsilon": 0.01,
            "time": 0.05689668655395508,
            "seqstr": "ththththththxththththththxththxthythththxthy",
            "t_count": 19,
            "error": 0.0015432814796678858
        },
        {
            "epsilon": 0.001,
            "time": 7.579287052154541,
            "seqstr": "ythxththththxthythththxthyththththxthththyththththxthythththythththxths",
            "t_count": 29,
            "error": 0.0008356687863115595
        }
    ]
}