{
    "seed": 803,
    "angles": [
        3.013149743658035,
        1.4432031824011113,
        3.9995640608354464
    ],
    "data": [
        {
            "epsilon": 0.1,
            "time": 0.014011383056640625,
            "seqstr": "hthythththythththththsy",
            "t_count": 9,
            "error": 0.02864532423928542
        },
        {
            "epsilon": 0.01,
            "time": 0.05873513221740723,
            "seqstr": "hyththththththxthththththyththythththxththxty",
            "t_count": 19,
            "error": 0.0015155615857562464
        },
        {
            "epsilon": 0.001,
            "time": 20.609680891036987,
            "seqstr": "thxthyththythththyththyththythththyththyththythththyththythththytht",
            "t_count": 28,
            "error": 0.0007018661139834801
        }
    ]
}