{
    "seed": 881,
    "angles": [
        6.1483902207671,
        0.7910784898793596,
        1.7848197076259495
    ],
    "data": [
        {
            "epsilon": 0.1,
            "time": 0.013844490051269531,
            "seqstr": "thththththythththyt",
            "t_count": 9,
            "error": 0.03724212511977759
        },
        {
            "epsilon": 0.01,
            "time": 0.06140303611755371,
            "seqstr": "ythththththththxthththththththxththxththtx",
            "t_count": 19,
            "error": 0.0033952099634293104
        },
        {
            "epsilon": 0.001,
            "time": 7.5802342891693115,
            "seqstr": "hthyththythththyththththxththththyththythththxthththththyths",
            "t_count": 25,
            "error": 0.0008979145797407727
        }
    ]
}