{
    "seed": 812,
    "angles": [
        3.883286917022644,
        1.6177104697850155,
        5.417823166956911
    ],
    "data": [
        {
            "epsilon": 0.1,
            "time": 0.013910531997680664,
            "seqstr": "hyththxthyththyththythth",
            "t_count": 9,
            "error": 0.04292303403733945
        },
        {
            "epsilon": 0.01,
            "time": 0.06145668029785156,
            "seqstr": "shththxthyththththxthythththxththyththththxthythths",
            "t_count": 20,
            "error": 0.002732067188995142
        },
        {
            "epsilon": 0.001,
            "time": 22.74944543838501,
            "seqstr": "thxththththxththyththyththththxththyththththththththxthyththththx",
            "t_count": 28,
            "error": 0.0008177292121531053
        }
    ]
}