{
    "seed": 216,
    "angles": [
        0.7764464643798021,
        2.2757119323402066,
        5.811920880798162
    ],
    "data": [
        {
            "epsilon": 0.1,
            "time": 0.013662099838256836,
            "seqstr": "yththxthththxthythty",
            "t_count": 8,
            "error": 0.03643517225948483
        },
        {
            "epsilon": 0.01,
            "time": 0.05916547775268555,
            "seqstr": "ythxthththythththththththththxththxthththtx",
            "t_count": 19,
            "error": 0.002837884379236082
        },
        {
            "epsilon": 0.001,
            "time": 30.374374389648438,
            "seqstr": "ththythththxththththxththththththxthththththxththyththythththxththx",
            "t_count": 29,
            "error": 0.0009703990242320349
        }
    ]
}