{
    "seed": 131,
    "angles": [
        3.5668745183599473,
        0.660157817515192,
        2.5943743374385244
    ],
    "data": [
        {
            "epsilon": 0.1,
            "time": 0.013454675674438477,
            "seqstr": "ththththxththxthththxthy",
            "t_count": 10,
            "error": 0.013957948715189614
        },
        {
            "epsilon": 0.01,
            "time": 0.05858755111694336,
            "seqstr": "hythxththythththxththxththxththythththxthththxthth",
            "t_count": 20,
            "error": 0.0010761975762095613
        },
        {
            "epsilon": 0.001,
            "time": 7.6104326248168945,
            "seqstr": "shththythththththyththyththththxthythththxththxthythththxththxthththsz",
            "t_count": 28,
            "error": 0.0009719587195755542
        }
    ]
}