{
    "seed": 101,
    "angles": [
        5.57055068088264,
        2.266264462078425,
        0.9064811022323624
    ],
    "data": [
        {
            "epsilon": 0.1,
            "time": 0.013432025909423828,
            "seqstr": "shxththyththyththythththxty",
            "t_count": 10,
            "error": 0.04405477242352363
        },
        {
            "epsilon": 0.01,
            "time": 0.05858612060546875,
            "seqstr": "shyththythththyththythththththththyththyththy",
            "t_count": 18,
            "error": 0.002120956100915169
        },
        {
            "epsilon": 0.001,
            "time": 51.327210664749146,
            "seqstr": "thththththxthththxthythththyththththxththththththyththththxthththxtx",
            "t_count": 30,
            "error": 0.000429970828390869
        }
    ]
}