{
    "seed": 522,
    "angles": [
        0.23139089134842727,
        1.2130344527818326,
        5.851558571368641
    ],
    "data": [
        {
            "epsilon": 0.1,
            "time": 0.01151275634765625,
            "seqstr": "thyththyththththxthyththsx",
            "t_count": 10,
            "error": 0.009294748859794389
        },
        {
            "epsilon": 0.01,
            "time": 0.05672454833984375,
            "seqstr": "ththththththxththxththxthththththythththththsy",
            "t_count": 20,
            "error": 0.003027232117421711
        },
        {
            "epsilon": 0.001,
            "time": 7.643602132797241,
            "seqstr": "thxthththththththththxththxththxththyththththxththsy",
            "t_count": 22,
            "error": 0.0006395440308478508
        }
    ]
}