{
    "seed": 931,
    "angles": [
        6.12365496731195,
        1.5650181460180697,
        2.5431913593496986
    ],
    "data": [
        {
            "epsilon": 0.1,
            "time": 0.011739253997802734,
            "seqstr": "hththththththythththsx",
            "t_count": 9,
            "error": 0.013850453827490344
        },
        {
            "epsilon": 0.01,
            "time": 0.05710268020629883,
            "seqstr": "shxththxthyththythththxththxthththythththxthththtz",
            "t_count": 20,
            "error": 0.0015755012127563613
        },
        {
            "epsilon": 0.001,
            "time": 20.80928611755371,
            "seqstr": "thththththythththythththththxthththxththyththythththththxththyth",
            "t_count": 28,
            "error": 0.0006868359738083843
        }
    ]
}