{
    "seed": 746,
    "angles": [
        4.545677539775155,
        1.594418363157827,
        0.24707016920929137
    ],
    "data": [
        {
            "epsilon": 0.1,
            "time": 0.013210058212280273,
            "seqstr": "hthythththxthththxthth",
            "t_count": 9,
            "error": 0.03544307925817369
        },
        {
            "epsilon": 0.01,
            "time": 0.060632944107055664,
            "seqstr": "shthxththththththythththxththxthyththythththyththy",
            "t_count": 20,
            "error": 0.00377659239974435
        },
        {
            "epsilon": 0.001,
            "time": 15.315751791000366,
            "seqstr": "hythththxththyththththxthythththythththxththththxththyththythththxththt",
            "t_count": 30,
            "error": 0.0008614688466249134
        }
    ]
}