{
    "seed": 744,
    "angles": [
        0.2015083182667392,
        0.8573762098858952,
        2.7847379288274947
    ],
    "data": [
        {
            "epsilon": 0.1,
            "time": 0.012160539627075195,
            "seqstr": "hthyththththxthththxththy",
            "t_count": 10,
            "error": 0.012766752684058594
        },
        {
            "epsilon": 0.01,
            "time": 0.059957027435302734,
            "seqstr": "hththxthyththththyththyththththythththxthththxths",
            "t_count": 20,
            "error": 0.0013192301780261555
        },
        {
            "epsilon": 0.001,
            "time": 22.73812174797058,
            "seqstr": "shyththththththythththythththththyththythththyththythththxththsx",
            "t_count": 26,
            "error": 0.0008079099644671233
        }
    ]
}