{
    "seed": 707,
    "angles": [
        3.426189523555794,
        2.3979490091404982,
        0.26281628338294283
    ],
    "data": [
        {
            "epsilon": 0.1,
            "time": 0.011599302291870117,
            "seqstr": "shthxththxththththxththsx",
            "t_count": 9,
            "error": 0.026841462850982205
        },
        {
            "epsilon": 0.01,
            "time": 0.05916643142700195,
            "seqstr": "hyththyththththxthththththythththxthyththth",
            "t_count": 18,
            "error": 0.0031974479426254048
        },
        {
            "epsilon": 0.001,
            "time": 7.5893871784210205,
            "seqstr": "hythxththxthththththxththxthyththththxththxthythththyththyththththxthsz",
            "t_count": 28,
            "error": 0.0006044438525722611
        }
    ]
}