{
    "seed": 953,
    "angles": [
        0.7280670439571759,
        1.2507431118225538,
        5.597796533818122
    ],
    "data": [
        {
            "epsilon": 0.1,
            "time": 0.011813879013061523,
            "seqstr": "shththyththythththxthththy",
            "t_count": 10,
            "error": 0.02354422372385944
        },
        {
            "epsilon": 0.01,
            "time": 0.057602643966674805,
            "seqstr": "ythxthththxththyththyththththxththththythththxt",
            "t_count": 20,
            "error": 0.0021006458543868555
        },
        {
            "epsilon": 0.001,
            "time": 7.590436220169067,
            "seqstr": "yththxthythththththxththththxthyththththxththxthththxthyththty",
            "t_count": 26,
            "error": 0.0005887136575380598
        }
    ]
}