{
    "seed": 508,
    "angles": [
        0.25458368953740074,
        1.1818420946685597,
        4.411855952597708
    ],
    "data": [
        {
            "epsilon": 0.1,
            "time": 0.013998985290527344,
            "seqstr": "thththxthyththyt",
            "t_count": 7,
            "error": 0.034500013958791896
        },
        {
            "epsilon": 0.01,
            "time": 0.056284427642822266,
            "seqstr": "thyththythththxthyththyththththxththxththxthythth",
            "t_count": 20,
            "error": 0.002747104477515759
        },
        {
            "epsilon": 0.001,
            "time": 7.576434373855591,
            "seqstr": "shxththyththththythththththxthyththyththththxthyththyththty",
            "t_count": 24,
            "error": 0.000689436969259056
        }
    ]
}