{
    "seed": 181,
    "angles": [
        1.455003013918022,
        2.2664472890630303,
        0.747459088579352
    ],
    "data": [
        {
            "epsilon": 0.1,
            "time": 0.013531923294067383,
            "seqstr": "hthxththxthyththyththyths",
            "t_count": 9,
            "error": 0.044568847148752484
        },
        {
            "epsilon": 0.01,
            "time": 0.06119251251220703,
            "seqstr": "thythththyththththththxthythththxthythththxththsy",
            "t_count": 20,
            "error": 0.002403653430604406
        },
        {
            "epsilon": 0.001,
            "time": 7.584912538528442,
            "seqstr": "ththxthththxthythththyththyththththyththyththththththththththtz",
            "t_count": 28,
            "error": 0.0006030517012364815
        }
    ]
}