{
    "seed": 595,
    "angles": [
        3.5664764455709657,
        2.4496032132835808,
        0.7857947081901981
    ],
    "data": [
        {
            "epsilon": 0.1,
            "time": 0.013805627822875977,
            "seqstr": "thyththythththsx",
            "t_count": 6,
            "error": 0.01814804642778205
        },
        {
            "epsilon": 0.01,
            "time": 0.05922198295593262,
            "seqstr": "shxthyththththythththythththythththththythththxtx",
            "t_count": 20,
            "error": 0.003300823641752698
        },
        {
            "epsilon": 0.001,
            "time": 15.102762937545776,
            "seqstr": "shxththyththythththxthyththyththththththyththythththxththxththxththxththz",
            "t_count": 29,
            "error": 0.0009196463052083413
        }
    ]
}