{
    "seed": 750,
    "angles": [
        4.534818298976663,
        1.7706128475549037,
        2.6441261348510743
    ],
    "data": [
        {
            "epsilon": 0.1,
            "time": 0.013798236846923828,
            "seqstr": "shthxthyththythththsz",
            "t_count": 7,
            "error": 0.041436161517604514
        },
        {
            "epsilon": 0.01,
            "time": 0.0594027042388916,
            "seqstr": "shxthyththththththxthythththyththththxththxthyt",
            "t_count": 19,
            "error": 0.0038228501256864864
        },
        {
            "epsilon": 0.001,
            "time": 7.66501259803772,
            "seqstr": "hththththxththxthyththththththxththxthythththythththxthththty",
            "t_count": 26,
            "error": 0.0007431097915720508
        }
    ]
}