{
    "seed": 837,
    "angles": [
        5.634913637759704,
        2.32996037400915,
        0.15712954126588485
    ],
    "data": [
        {
            "epsilon": 0.1,
            "time": 0.013861656188964844,
            "seqstr": "hyththyththyththyththyt",
            "t_count": 9,
            "error": 0.041419432352532856
        },
        {
            "epsilon": 0.01,
            "time": 0.061269283294677734,
            "seqstr": "hthththththxththththxththyththththythththty",
            "t_count": 19,
            "error": 0.0008311195554353728
        },
        {
            "epsilon": 0.001,
            "time": 7.571568012237549,
            "seqstr": "hthththththxththththxththyththththythththty",
            "t_count": 19,
            "error": 0.0008311195563704441
        }
    ]
}