{
    "seed": 547,
    "angles": [
        2.299680106945414,
        2.9384250413813566,
        5.205945437929701
    ],
    "data": [
        {
            "epsilon": 0.1,
            "time": 0.013776540756225586,
            "seqstr": "thxthththxthththxththy",
            "t_count": 9,
            "error": 0.03536026386642567
        },
        {
            "epsilon": 0.01,
            "time": 0.06055712699890137,
            "seqstr": "shththyththththxththyththththythththxthytht",
            "t_count": 18,
            "error": 0.0020664213487615077
        },
        {
            "epsilon": 0.001,
            "time": 7.570022106170654,
            "seqstr": "hthththxththxththyththththyththththythththxththththxthy",
            "t_count": 23,
            "error": 0.0005148267669817963
        }
    ]
}