{
    "seed": 116,
    "angles": [
        5.0265907958360145,
        2.053796570975718,
        0.6169219291307102
    ],
    "data": [
        {
            "epsilon": 0.1,
            "time": 0.013429403305053711,
            "seqstr": "shxthyththththththththty",
            "t_count": 10,
            "error": 0.03879310944657628
        },
        {
            "epsilon": 0.01,
            "time": 0.05867147445678711,
            "seqstr": "hthyththththxththththxthththththththththxththsz",
            "t_count": 20,
            "error": 0.003700140199016847
        },
        {
            "epsilon": 0.001,
            "time": 7.656284809112549,
            "seqstr": "shthxthththxththxththxthththyththyththththythththxthyththththxththx",
            "t_count": 27,
            "error": 0.0009264892900624675
        }
    ]
}