{
    "seed": 157,
    "angles": [
        5.1232375157563546,
        1.1239045711496578,
        2.562046247707121
    ],
    "data": [
        {
            "epsilon": 0.1,
            "time": 0.013602972030639648,
            "seqstr": "shthyththththththththtz",
            "t_count": 10,
            "error": 0.04099532245761982
        },
        {
            "epsilon": 0.01,
            "time": 0.06117749214172363,
            "seqstr": "hththyththththxththxthththxthththththxthyththt",
            "t_count": 20,
            "error": 0.002194094208502655
        },
        {
            "epsilon": 0.001,
            "time": 5.635135173797607,
            "seqstr": "thxththxthyththyththyththythththxththxththxththxthythththxthththsz",
            "t_count": 26,
            "error": 0.0005446946062979602
        }
    ]
}