{
    "seed": 505,
    "angles": [
        2.753547055498978,
        1.0822668465459846,
        0.5123574170529817
    ],
    "data": [
        {
            "epsilon": 0.1,
            "time": 0.013622045516967773,
            "seqstr": "yththththththxththxthths",
            "t_count": 10,
            "error": 0.030915362130130342
        },
        {
            "epsilon": 0.01,
            "time": 0.06077408790588379,
            "seqstr": "hythxththxththxththxthththythththyththththxthty",
            "t_count": 19,
            "error": 0.00412869554976431
        },
        {
            "epsilon": 0.001,
            "time": 7.549587726593018,
            "seqstr": "hythxththxththxthththxthyththyththththxthththxthththxththyththththth",
            "t_count": 28,
            "error": 0.0008541212522084164
        }
    ]
}