{
    "seed": 722,
    "angles": [
        3.430262411219738,
        1.2499061262549,
        0.7021510059832359
    ],
    "data": [
        {
            "epsilon": 0.1,
            "time": 0.01399993896484375,
            "seqstr": "shxththxththxththythththsy",
            "t_count": 9,
            "error": 0.034492154227581895
        },
        {
            "epsilon": 0.01,
            "time": 0.05622458457946777,
            "seqstr": "shxththyththythththththxththxthththththxthththxth",
            "t_count": 20,
            "error": 0.0025683148656898895
        },
        {
            "epsilon": 0.001,
            "time": 7.6063690185546875,
            "seqstr": "shthyththththythththxthththyththyththththxththyththththththththxthsx",
            "t_count": 28,
            "error": 0.0007446010013203964
        }
    ]
}