{
    "seed": 497,
    "angles": [
        2.705369511516727,
        1.2104942672871197,
        5.740115914524474
    ],
    "data": [
        {
            "epsilon": 0.1,
            "time": 0.014151573181152344,
            "seqstr": "shthyththyththththyththy",
            "t_count": 9,
            "error": 0.00929241160412133
        },
        {
            "epsilon": 0.01,
            "time": 0.05880260467529297,
            "seqstr": "thththxththyththththxthyththyththyt",
            "t_count": 15,
            "error": 0.0038706830726770317
        },
        {
            "epsilon": 0.001,
            "time": 22.763945817947388,
            "seqstr": "shththxthththththythththththxthththxthyththyththththxththxththsz",
            "t_count": 26,
            "error": 0.0006232220831164201
        }
    ]
}