{
    "seed": 638,
    "angles": [
        0.14931495445471699,
        1.154488874588466,
        6.105509078851543
    ],
    "data": [
        {
            "epsilon": 0.1,
            "time": 0.013798952102661133,
            "seqstr": "yththxththxththxththythth",
            "t_count": 10,
            "error": 0.024803607228952182
        },
        {
            "epsilon": 0.01,
            "time": 0.061058998107910156,
            "seqstr": "shxthththththxthythththythththxththyththz",
            "t_count": 16,
            "error": 0.0027988172523250236
        },
        {
            "epsilon": 0.001,
            "time": 15.0904700756073,
            "seqstr": "thththxthththxththythththththythththyththththyththth",
            "t_count": 23,
            "error": 0.0008511069227969417
        }
    ]
}