{
    "seed": 897,
    "angles": [
        3.35423136187001,
        1.4433069934243448,
        1.8391137716690569
    ],
    "data": [
        {
            "epsilon": 0.1,
            "time": 0.013786077499389648,
            "seqstr": "hythxthyththythththt",
            "t_count": 8,
            "error": 0.020309410535374075
        },
        {
            "epsilon": 0.01,
            "time": 0.05904054641723633,
            "seqstr": "ythxthththxthyththythththxthtx",
            "t_count": 12,
            "error": 0.004039907807701973
        },
        {
            "epsilon": 0.001,
            "time": 7.514477968215942,
            "seqstr": "shthxththththththxththththththththththxththxthththythththththtz",
            "t_count": 28,
            "error": 0.000366838910396737
        }
    ]
}