{
    "seed": 373,
    "angles": [
        4.764394004560243,
        1.5848928316514124,
        5.978093280459521
    ],
    "data": [
        {
            "epsilon": 0.1,
            "time": 0.013556957244873047,
            "seqstr": "ythxththththxththththy",
            "t_count": 9,
            "error": 0.038010856854647446
        },
        {
            "epsilon": 0.01,
            "time": 0.05898451805114746,
            "seqstr": "shththxthyththththyththththththythththythththt",
            "t_count": 20,
            "error": 0.002152657562345264
        },
        {
            "epsilon": 0.001,
            "time": 11.205925703048706,
            "seqstr": "shxthythththxththththxththxththxthththyththythththxthththththxthyththtx",
            "t_count": 29,
            "error": 0.00041710009932415806
        }
    ]
}