{
    "seed": 221,
    "angles": [
        3.3969781906602643,
        1.1437445049589752,
        3.8950362511612875
    ],
    "data": [
        {
            "epsilon": 0.1,
            "time": 0.01346588134765625,
            "seqstr": "hythxthththxthythththytht",
            "t_count": 10,
            "error": 0.026948875371632396
        },
        {
            "epsilon": 0.01,
            "time": 0.0609440803527832,
            "seqstr": "thxthththxthththythththxthythththyths",
            "t_count": 15,
            "error": 0.0024621881862876577
        },
        {
            "epsilon": 0.001,
            "time": 7.59981369972229,
            "seqstr": "yththxththythththththththththythththxththythththythth",
            "t_count": 23,
            "error": 0.0003440856228777633
        }
    ]
}