{
    "seed": 340,
    "angles": [
        0.5929645345003651,
        1.6863793034590653,
        1.6623548519059312
    ],
    "data": [
        {
            "epsilon": 0.1,
            "time": 0.013790130615234375,
            "seqstr": "shthythththththxthyththsx",
            "t_count": 9,
            "error": 0.01831350891360302
        },
        {
            "epsilon": 0.01,
            "time": 0.06066155433654785,
            "seqstr": "hythxththxthythththythththxthththththxththxtht",
            "t_count": 19,
            "error": 0.002044597530246972
        },
        {
            "epsilon": 0.001,
            "time": 15.18532919883728,
            "seqstr": "hththythththxthththxthththyththyththththxthththyththththththxthththxt",
            "t_count": 30,
            "error": 0.0007972571935959964
        }
    ]
}