{
    "seed": 267,
    "angles": [
        0.2191932448249494,
        2.594126681056618,
        4.306521725228003
    ],
    "data": [
        {
            "epsilon": 0.1,
            "time": 0.011667728424072266,
            "seqstr": "shthxthththxthyththythththsy",
            "t_count": 10,
            "error": 0.014967737885148082
        },
        {
            "epsilon": 0.01,
            "time": 0.05892753601074219,
            "seqstr": "hyththxthththyththyththththxththththythththxthty",
            "t_count": 20,
            "error": 0.0019405388138355754
        },
        {
            "epsilon": 0.001,
            "time": 15.43997597694397,
            "seqstr": "shythththxththxthththyththththxththththyththththththxththythththxthsx",
            "t_count": 28,
            "error": 0.0005662975482146057
        }
    ]
}