{
    "seed": 719,
    "angles": [
        0.5288091874350167,
        1.379430294767348,
        0.9303618379536429
    ],
    "data": [
        {
            "epsilon": 0.1,
            "time": 0.013924360275268555,
            "seqstr": "shthxththxththxthyththyththsx",
            "t_count": 10,
            "error": 0.026692282599195954
        },
        {
            "epsilon": 0.01,
            "time": 0.05989408493041992,
            "seqstr": "shththxthythththxthththxthythththxththththththths",
            "t_count": 20,
            "error": 0.0014372025621439142
        },
        {
            "epsilon": 0.001,
            "time": 7.600315570831299,
            "seqstr": "shxthththththththxththythththxthyththththxthththththxththxththyththths",
            "t_count": 29,
            "error": 0.0009270303300676459
        }
    ]
}