{
    "seed": 698,
    "angles": [
        5.921330957209136,
        2.6229711711941928,
        0.6998634615972259
    ],
    "data": [
        {
            "epsilon": 0.1,
            "time": 0.013999700546264648,
            "seqstr": "hythxthyththththyththyththz",
            "t_count": 10,
            "error": 0.040081784481807076
        },
        {
            "epsilon": 0.01,
            "time": 0.06028914451599121,
            "seqstr": "thxthyththyththyththththythththxththxththth",
            "t_count": 18,
            "error": 0.0013623420402695814
        },
        {
            "epsilon": 0.001,
            "time": 7.5112621784210205,
            "seqstr": "ythythththxththxthythththxthythththxththththxthythththxthththxthththxthz",
            "t_count": 29,
            "error": 0.000565719026038052
        }
    ]
}