{
    "seed": 980,
    "angles": [
        3.893072551925274,
        2.6588113678593954,
        3.1253079246124074
    ],
    "data": [
        {
            "epsilon": 0.1,
            "time": 0.009010553359985352,
            "seqstr": "shxththththxthththththz",
            "t_count": 9,
            "error": 0.041511152432822065
        },
        {
            "epsilon": 0.01,
            "time": 0.05628609657287598,
            "seqstr": "hythththththyththththxththththxththxththyt",
            "t_count": 18,
            "error": 0.0025045681641695816
        },
        {
            "epsilon": 0.001,
            "time": 7.542655944824219,
            "seqstr": "shthththxththxthythththxththththththythththythththththythththxththxththsy",
            "t_count": 30,
            "error": 0.0004879774906963002
        }
    ]
}