{
    "seed": 788,
    "angles": [
        1.1084114724161456,
        0.4931386038395222,
        4.720294779505087
    ],
    "data": [
        {
            "epsilon": 0.1,
            "time": 0.013522624969482422,
            "seqstr": "hythxththththththythtx",
            "t_count": 9,
            "error": 0.027041241246851835
        },
        {
            "epsilon": 0.01,
            "time": 0.059021949768066406,
            "seqstr": "thythththythththxththththththxthythththsz",
            "t_count": 17,
            "error": 0.002684847980687998
        },
        {
            "epsilon": 0.001,
            "time": 7.669457912445068,
            "seqstr": "hyththxthyththyththythththyththyththththxththxthththxth",
            "t_count": 22,
            "error": 0.0009111237624066914
        }
    ]
}