{
    "seed": 250,
    "angles": [
        1.3070972245277668,
        1.6441983270386775,
        6.0464209592254825
    ],
    "data": [
        {
            "epsilon": 0.1,
            "time": 0.01380300521850586,
            "seqstr": "hthththththsz",
            "t_count": 5,
            "error": 0.025590077276693265
        },
        {
            "epsilon": 0.01,
            "time": 0.06102609634399414,
            "seqstr": "shyththyththyththyththyththththxththththsz",
            "t_count": 16,
            "error": 0.0038072638287462704
        },
        {
            "epsilon": 0.001,
            "time": 15.197802066802979,
            "seqstr": "yththxththththxththxthythththththxthththythththththxththyththythththxt",
            "t_count": 30,
            "error": 0.00030111237367251565
        }
    ]
}