{
    "seed": 319,
    "angles": [
        1.7463350500900496,
        0.7389051650385292,
        5.225269046044419
    ],
    "data": [
        {
            "epsilon": 0.1,
            "time": 0.01392507553100586,
            "seqstr": "shyththyththythththththxthsx",
            "t_count": 10,
            "error": 0.01695094636583674
        },
        {
            "epsilon": 0.01,
            "time": 0.05644059181213379,
            "seqstr": "ththxthythththyththyththyththythththxththxththz",
            "t_count": 19,
            "error": 0.00248339895670544
        },
        {
            "epsilon": 0.001,
            "time": 15.314858198165894,
            "seqstr": "shxthythththythththythththyththyththyththyththyththththththsz",
            "t_count": 24,
            "error": 0.000769409593137508
        }
    ]
}