{
    "seed": 133,
    "angles": [
        3.100821944453762,
        1.2625192302862376,
        5.239988813157438
    ],
    "data": [
        {
            "epsilon": 0.1,
            "time": 0.013895988464355469,
            "seqstr": "ythxththxthyththththty",
            "t_count": 9,
            "error": 0.014307887456179448
        },
        {
            "epsilon": 0.01,
            "time": 0.06011390686035156,
            "seqstr": "thxthththxthyththyththythththyththyththththxtx",
            "t_count": 19,
            "error": 0.0024111500886154435
        },
        {
            "epsilon": 0.001,
            "time": 64.83727288246155,
            "seqstr": "hythxthththxththxththxthththxththththxthyththyththththxththxthths",
            "t_count": 26,
            "error": 0.0007856820738507132
        }
    ]
}