{
    "seed": 477,
    "angles": [
        3.067329458488423,
        2.043010948026853,
        5.808658817439797
    ],
    "data": [
        {
            "epsilon": 0.1,
            "time": 0.01383519172668457,
            "seqstr": "shthxthythththththththyt",
            "t_count": 10,
            "error": 0.04504048299057843
        },
        {
            "epsilon": 0.01,
            "time": 0.058615922927856445,
            "seqstr": "ththxthyththythththththxththythththxthththyththy",
            "t_count": 20,
            "error": 0.0009524954349700005
        },
        {
            "epsilon": 0.001,
            "time": 7.5552709102630615,
            "seqstr": "thxthththxthyththththththxthththxthyththythththththxthththythththxthyths",
            "t_count": 30,
            "error": 0.0005534117785911047
        }
    ]
}