{
    "seed": 539,
    "angles": [
        3.873942715433463,
        1.9090750332703397,
        5.265599141862674
    ],
    "data": [
        {
            "epsilon": 0.1,
            "time": 0.013758182525634766,
            "seqstr": "hthththxththxthththxt",
            "t_count": 9,
            "error": 0.01618472079548407
        },
        {
            "epsilon": 0.01,
            "time": 0.06154012680053711,
            "seqstr": "shthythththxthththxthyththththyththththxthththxtx",
            "t_count": 20,
            "error": 0.0029283331841204437
        },
        {
            "epsilon": 0.001,
            "time": 7.5747270584106445,
            "seqstr": "shththththyththththythththyththythththththythththxthythththyththths",
            "t_count": 28,
            "error": 0.0005488484908225306
        }
    ]
}