{
    "seed": 132,
    "angles": [
        3.017382906182216,
        1.9866859052404777,
        5.537069574878593
    ],
    "data": [
        {
            "epsilon": 0.1,
            "time": 0.013468742370605469,
            "seqstr": "ythxthythththythththxty",
            "t_count": 9,
            "error": 0.018142901834050647
        },
        {
            "epsilon": 0.01,
            "time": 0.05957317352294922,
            "seqstr": "shthxthththxththythththththxthyththyththsz",
            "t_count": 16,
            "error": 0.002954974603672937
        },
        {
            "epsilon": 0.001,
            "time": 7.633692502975464,
            "seqstr": "thythththyththyththththyththythththxthyththyththythththththt",
            "t_count": 26,
            "error": 0.00063287164580291
        }
    ]
}