{
    "seed": 426,
    "angles": [
        1.753620758729717,
        2.7395494872101,
        1.3094340507341808
    ],
    "data": [
        {
            "epsilon": 0.1,
            "time": 0.01363825798034668,
            "seqstr": "shthythththththththxththsx",
            "t_count": 10,
            "error": 0.02941975640077413
        },
        {
            "epsilon": 0.01,
            "time": 0.061450958251953125,
            "seqstr": "hyththxththxthththxthththythththththxththythth",
            "t_count": 19,
            "error": 0.004283901147911879
        },
        {
            "epsilon": 0.001,
            "time": 7.563357591629028,
            "seqstr": "shththxththxthythththththththxthyththththxthyththyththththththththsx",
            "t_count": 28,
            "error": 0.0004920636138782474
        }
    ]
}