{
    "seed": 103,
    "angles": [
        6.251809033037157,
        1.117531576117628,
        3.7990904671979555
    ],
    "data": [
        {
            "epsilon": 0.1,
            "time": 0.013747930526733398,
            "seqstr": "hthxththythththxthz",
            "t_count": 7,
            "error": 0.030494204313429123
        },
        {
            "epsilon": 0.01,
            "time": 0.05851936340332031,
            "seqstr": "hyththxthththththxthththththyththththxthyththy",
            "t_count": 19,
            "error": 0.0016635765865103392
        },
        {
            "epsilon": 0.001,
            "time": 7.762160778045654,
            "seqstr": "hythxthyththyththththxthththxthythththyththththxthythththxththxthyththyththsz",
            "t_count": 30,
            "error": 0.0006782786993157293
        }
    ]
}