{
    "seed": 616,
    "angles": [
        3.6841729245141526,
        2.5429643339304198,
        3.0490487507791686
    ],
    "data": [
        {
            "epsilon": 0.1,
            "time": 0.013749361038208008,
            "seqstr": "ythyththththththyththt",
            "t_count": 10,
            "error": 0.03864403488040529
        },
        {
            "epsilon": 0.01,
            "time": 0.05944228172302246,
            "seqstr": "hthththyththththxthththyththththxthththxththt",
            "t_count": 20,
            "error": 0.003975895920999297
        },
        {
            "epsilon": 0.001,
            "time": 15.105993747711182,
            "seqstr": "hyththxththxthyththththththththyththythththxthththththxththxt",
            "t_count": 26,
            "error": 0.000781228365672194
        }
    ]
}