{
    "seed": 625,
    "angles": [
        2.1088955862177086,
        1.3866097789326377,
        4.039394654664621
    ],
    "data": [
        {
            "epsilon": 0.1,
            "time": 0.013997077941894531,
            "seqstr": "hythththxththyththyththyths",
            "t_count": 10,
            "error": 0.03675583123526839
        },
        {
            "epsilon": 0.01,
            "time": 0.05620527267456055,
            "seqstr": "hththyththythththththxththyththththththyththyth",
            "t_count": 20,
            "error": 0.0022274897817079705
        },
        {
            "epsilon": 0.001,
            "time": 15.363150835037231,
            "seqstr": "ththxththxththxthythththxththththxthththxththxthththyththththxththxthyths",
            "t_count": 30,
            "error": 0.0005580302719809288
        }
    ]
}