{
    "seed": 137,
    "angles": [
        0.6308330755735674,
        1.1607631412219155,
        1.2244957092215554
    ],
    "data": [
        {
            "epsilon": 0.1,
            "time": 0.01353311538696289,
            "seqstr": "ythxththththththththxthsz",
            "t_count": 10,
            "error": 0.026108719561543092
        },
        {
            "epsilon": 0.01,
            "time": 0.0607602596282959,
            "seqstr": "ythththxththxthyththythththxththxthththxthsz",
            "t_count": 17,
            "error": 0.0033760421089214366
        },
        {
            "epsilon": 0.001,
            "time": 5.624547958374023,
            "seqstr": "ththythththxththxththxththxthththxththythththxththththsy",
            "t_count": 23,
            "error": 0.0006511578939306995
        }
    ]
}