{
    "seed": 820,
    "angles": [
        2.034416816595262,
        1.7167511926943022,
        0.6747895926139611
    ],
    "data": [
        {
            "epsilon": 0.1,
            "time": 0.01378488540649414,
            "seqstr": "thththxththythththxthth",
            "t_count": 10,
            "error": 0.0381089452059568
        },
        {
            "epsilon": 0.01,
            "time": 0.058699607849121094,
            "seqstr": "shthxthththythththythththythththxthyththyththy",
            "t_count": 18,
            "error": 0.0028884341939625
        },
        {
            "epsilon": 0.001,
            "time": 45.37534499168396,
            "seqstr": "ththyththththxththxththythththxththxthththththxththxththththyththsz",
            "t_count": 28,
            "error": 0.0009590580181761362
        }
    ]
}