{
    "seed": 791,
    "angles": [
        4.341033751031712,
        1.7442630551874714,
        5.015661522004988
    ],
    "data": [
        {
            "epsilon": 0.1,
            "time": 0.013893365859985352,
            "seqstr": "shxthyththyththththxthyththsz",
            "t_count": 10,
            "error": 0.03945750757512421
        },
        {
            "epsilon": 0.01,
            "time": 0.05915999412536621,
            "seqstr": "hyththththythththththythththxthththyththyththsx",
            "t_count": 19,
            "error": 0.0014111138246853258
        },
        {
            "epsilon": 0.001,
            "time": 7.595813512802124,
            "seqstr": "ythxthththththththththththththxththxthththxththyththththyththyth",
            "t_count": 28,
            "error": 0.000986905345923077
        }
    ]
}