{
    "seed": 809,
    "angles": [
        1.6686449499570912,
        1.2772057313400522,
        1.4230467409735201
    ],
    "data": [
        {
            "epsilon": 0.1,
            "time": 0.011488199234008789,
            "seqstr": "ythxthyththththxththyths",
            "t_count": 9,
            "error": 0.04343365654792376
        },
        {
            "epsilon": 0.01,
            "time": 0.05882692337036133,
            "seqstr": "shthythththxththththythththythththxththxthythths",
            "t_count": 19,
            "error": 0.0021689586507317535
        },
        {
            "epsilon": 0.001,
            "time": 13.1265389919281,
            "seqstr": "shththxththxththxthththyththyththyththththxththththxththxththxths",
            "t_count": 26,
            "error": 0.0007375270222845185
        }
    ]
}