{
    "seed": 232,
    "angles": [
        0.4136468516033851,
        1.0747479782499154,
        2.424041748958639
    ],
    "data": [
        {
            "epsilon": 0.1,
            "time": 0.013802051544189453,
            "seqstr": "hythyththyththththththxthy",
            "t_count": 10,
            "error": 0.009055551360680312
        },
        {
            "epsilon": 0.01,
            "time": 0.05854511260986328,
            "seqstr": "thxththyththythththyththththththxththththyththsx",
            "t_count": 20,
            "error": 0.0033713092570730936
        },
        {
            "epsilon": 0.001,
            "time": 15.270251750946045,
            "seqstr": "shththththxththythththxththxththththxththxthththththxththththththththsx",
            "t_count": 30,
            "error": 0.0008465249456043826
        }
    ]
}