{
    "seed": 64,
    "angles": [
        3.3803755977950356,
        1.7600623689918675,
        1.2314566524341766
    ],
    "data": [
        {
            "epsilon": 0.1,
            "time": 0.013252496719360352,
            "seqstr": "hththyththythththtx",
            "t_count": 8,
            "error": 0.032233395816192334
        },
        {
            "epsilon": 0.01,
            "time": 0.05879378318786621,
            "seqstr": "shthythththththththxthththxthththythththththyt",
            "t_count": 20,
            "error": 0.0025088861763993124
        },
        {
            "epsilon": 0.001,
            "time": 7.573342561721802,
            "seqstr": "hyththxthythththxthththxthththyththythththththththxththyththththththyths",
            "t_count": 30,
            "error": 0.0006407938170443904
        }
    ]
}