{
    "seed": 725,
    "angles": [
        2.356755308122918,
        1.4547946124526112,
        2.243146571328321
    ],
    "data": [
        {
            "epsilon": 0.1,
            "time": 0.01405787467956543,
            "seqstr": "hythxththththythththsz",
            "t_count": 8,
            "error": 0.03553888107241668
        },
        {
            "epsilon": 0.01,
            "time": 0.05892634391784668,
            "seqstr": "hthththththxththyththththththththyththththxthsx",
            "t_count": 20,
            "error": 0.0027950239163852695
        },
        {
            "epsilon": 0.001,
            "time": 15.088036298751831,
            "seqstr": "hythythththththththythththththyththythththxththxththththyth",
            "t_count": 25,
            "error": 0.0006899803053936777
        }
    ]
}