{
    "seed": 43,
    "angles": [
        6.132738570942614,
        0.5680130805943371,
        4.375134258779281
    ],
    "data": [
        {
            "epsilon": 0.1,
            "time": 0.01334381103515625,
            "seqstr": "hythxththyththyththths",
            "t_count": 8,
            "error": 0.03224282386286623
        },
        {
            "epsilon": 0.01,
            "time": 0.05929970741271973,
            "seqstr": "hthththythththththththththxthththththyththtx",
            "t_count": 20,
            "error": 0.003284454413628963
        },
        {
            "epsilon": 0.001,
            "time": 7.576485633850098,
            "seqstr": "shyththththythththxththxththththththythththththyththyththyththsz",
            "t_count": 26,
            "error": 0.0009890985225452158
        }
    ]
}