{
    "seed": 853,
    "angles": [
        3.844342853711849,
        1.8942279728539826,
        3.5712785104806466
    ],
    "data": [
        {
            "epsilon": 0.1,
            "time": 0.01380157470703125,
            "seqstr": "shthxthththththxththxthtz",
            "t_count": 10,
            "error": 0.0465180946115468
        },
        {
            "epsilon": 0.01,
            "time": 0.06080794334411621,
            "seqstr": "shthththxththythththxththyththththxthththths",
            "t_count": 18,
            "error": 0.0016410710490041042
        },
        {
            "epsilon": 0.001,
            "time": 30.328983545303345,
            "seqstr": "shththththxththythththxthythththxthththxththxththxthyththythththxthty",
            "t_count": 28,
            "error": 0.0007832562960804328
        }
    ]
}