{
    "seed": 498,
    "angles": [
        4.8511399240110915,
        0.5155085703944438,
        5.356214434515684
    ],
    "data": [
        {
            "epsilon": 0.1,
            "time": 0.013775825500488281,
            "seqstr": "shthxthththththxthththz",
            "t_count": 9,
            "error": 0.01915480124971489
        },
        {
            "epsilon": 0.01,
            "time": 0.06128406524658203,
            "seqstr": "hththxthyththththxthyththththxththththyththyththsx",
            "t_count": 20,
            "error": 0.004863056800242743
        },
        {
            "epsilon": 0.001,
            "time": 7.57966685295105,
            "seqstr": "shyththythththxththxthyththythththxthythththyththythththtx",
            "t_count": 23,
            "error": 0.0009785609974141496
        }
    ]
}