{
    "seed": 942,
    "angles": [
        0.561842138705992,
        0.24149569450424982,
        0.6421036394992763
    ],
    "data": [
        {
            "epsilon": 0.1,
            "time": 0.008757591247558594,
            "seqstr": "hythyththyththyththththxthsx",
            "t_count": 10,
            "error": 0.05104441951219843
        },
        {
            "epsilon": 0.01,
            "time": 0.05647778511047363,
            "seqstr": "shthyththythththyththythththththythththxththxththz",
            "t_count": 20,
            "error": 0.003073156042850593
        },
        {
            "epsilon": 0.001,
            "time": 15.254621267318726,
            "seqstr": "thxthththxththththyththyththythththyththththxththxthththxththxththsy",
            "t_count": 28,
            "error": 0.0003112890776556261
        }
    ]
}