{
    "seed": 80,
    "angles": [
        5.3716163018504055,
        0.7457981252477793,
        4.544995260596355
    ],
    "data": [
        {
            "epsilon": 0.1,
            "time": 0.011219263076782227,
            "seqstr": "shthththxththxthythththth",
            "t_count": 10,
            "error": 0.04257172188658633
        },
        {
            "epsilon": 0.01,
            "time": 0.05832529067993164,
            "seqstr": "ththxththyththyththythththythththththxththththsx",
            "t_count": 20,
            "error": 0.004413414160055121
        },
        {
            "epsilon": 0.001,
            "time": 7.577605485916138,
            "seqstr": "shthxththxththxththxthyththththxththththththyththththththsz",
            "t_count": 24,
            "error": 0.0007832224410122428
        }
    ]
}