{
    "seed": 629,
    "angles": [
        4.000376512586975,
        0.9461478831409711,
        1.00047890086827
    ],
    "data": [
        {
            "epsilon": 0.1,
            "time": 0.011556386947631836,
            "seqstr": "ththththyththththxthth",
            "t_count": 10,
            "error": 0.054850259284961525
        },
        {
            "epsilon": 0.01,
            "time": 0.05681252479553223,
            "seqstr": "ythyththythththththyththythththxththththxthththx",
            "t_count": 20,
            "error": 0.002073755509702065
        },
        {
            "epsilon": 0.001,
            "time": 7.708685398101807,
            "seqstr": "ythxththxthththxthyththyththyththyththythththxththxththythththxths",
            "t_count": 26,
            "error": 0.0004525089981879713
        }
    ]
}