{
    "seed": 872,
    "angles": [
        3.2725941907410796,
        0.3591858694400682,
        2.477445829250689
    ],
    "data": [
        {
            "epsilon": 0.1,
            "time": 0.013946056365966797,
            "seqstr": "shththththxththxthththt",
            "t_count": 10,
            "error": 0.028607592582466517
        },
        {
            "epsilon": 0.01,
            "time": 0.05655217170715332,
            "seqstr": "shththxthyththththxththththxththththxthythththxthsx",
            "t_count": 20,
            "error": 0.0018041684865135166
        },
        {
            "epsilon": 0.001,
            "time": 7.581392526626587,
            "seqstr": "ythththththxthththththththththythththythththxthththyththythththxthsx",
            "t_count": 29,
            "error": 0.0007448445600593838
        }
    ]
}