{
    "seed": 543,
    "angles": [
        1.404138930655897,
        1.205695886032632,
        6.127679155129536
    ],
    "data": [
        {
            "epsilon": 0.1,
            "time": 0.013496875762939453,
            "seqstr": "ythththyththythththththsy",
            "t_count": 10,
            "error": 0.044154013588883156
        },
        {
            "epsilon": 0.01,
            "time": 0.05907154083251953,
            "seqstr": "shthththththyththththxththythththxththythththxtx",
            "t_count": 20,
            "error": 0.003428938016092804
        },
        {
            "epsilon": 0.001,
            "time": 7.544010877609253,
            "seqstr": "hthyththythththyththththxththxthththythththythththxththththth",
            "t_count": 26,
            "error": 0.0009422927393896948
        }
    ]
}