{
    "seed": 736,
    "angles": [
        6.272466444104957,
        2.332629706429523,
        5.437443587377059
    ],
    "data": [
        {
            "epsilon": 0.1,
            "time": 0.013855695724487305,
            "seqstr": "hythxty",
            "t_count": 2,
            "error": 0.02918246583538297
        },
        {
            "epsilon": 0.01,
            "time": 0.06007719039916992,
            "seqstr": "shxththyththththyththyththythththxthththythththxt",
            "t_count": 20,
            "error": 0.0030888744221302692
        },
        {
            "epsilon": 0.001,
            "time": 15.101906299591064,
            "seqstr": "shxthththxththththythththththththxthyththththxthyththyththsx",
            "t_count": 24,
            "error": 0.0009001022929524932
        }
    ]
}