{
    "seed": 921,
    "angles": [
        5.488270739089075,
        2.5976411033171285,
        1.0141910280801376
    ],
    "data": [
        {
            "epsilon": 0.1,
            "time": 0.011849403381347656,
            "seqstr": "shyththththththththths",
            "t_count": 9,
            "error": 0.036547533550311054
        },
        {
            "epsilon": 0.01,
            "time": 0.05922746658325195,
            "seqstr": "shyththththythththxththxthythththxththththththxtx",
            "t_count": 20,
            "error": 0.0017551052260742586
        },
        {
            "epsilon": 0.001,
            "time": 15.248143434524536,
            "seqstr": "shxthththththyththththyththyththythththyththythththththxthsx",
            "t_count": 24,
            "error": 0.0008253036130236425
        }
    ]
}