{
    "seed": 293,
    "angles": [
        2.233498814988999,
        1.372358659650415,
        0.6750380821400954
    ],
    "data": [
        {
            "epsilon": 0.1,
            "time": 0.013604402542114258,
            "seqstr": "shthxthythththththxththtz",
            "t_count": 10,
            "error": 0.026647291590204944
        },
        {
            "epsilon": 0.01,
            "time": 0.06125593185424805,
            "seqstr": "hythxththyththththththxthyththththythththththtx",
            "t_count": 20,
            "error": 0.001210278116805813
        },
        {
            "epsilon": 0.001,
            "time": 5.668123960494995,
            "seqstr": "shxththththxthththythththythththythththththththxthththxthyththyththythth",
            "t_count": 30,
            "error": 0.0006832310230359142
        }
    ]
}