{
    "seed": 828,
    "angles": [
        3.9934469017662,
        1.2229871292268313,
        4.483057302359214
    ],
    "data": [
        {
            "epsilon": 0.1,
            "time": 0.014124870300292969,
            "seqstr": "hythxththythththxththxthy",
            "t_count": 9,
            "error": 0.009433373917395401
        },
        {
            "epsilon": 0.01,
            "time": 0.05668997764587402,
            "seqstr": "hthythththththththythththxththxththxththythth",
            "t_count": 19,
            "error": 0.0010738076056392419
        },
        {
            "epsilon": 0.001,
            "time": 7.698424339294434,
            "seqstr": "shyththyththththxththxththxththxththththxthythththyththtz",
            "t_count": 23,
            "error": 0.0006397177732248105
        }
    ]
}