{
    "seed": 205,
    "angles": [
        5.898894061221402,
        2.6113732499869657,
        5.534442468901414
    ],
    "data": [
        {
            "epsilon": 0.1,
            "time": 0.013895750045776367,
            "seqstr": "shxthththththththyths",
            "t_count": 8,
            "error": 0.045428222969913536
        },
        {
            "epsilon": 0.01,
            "time": 0.05837702751159668,
            "seqstr": "shthththxthththxthththxthththyththythththththsy",
            "t_count": 19,
            "error": 0.0023642111027623804
        },
        {
            "epsilon": 0.001,
            "time": 15.206539392471313,
            "seqstr": "ththxththththxthththxththythththththxthyththththxththxthsx",
            "t_count": 24,
            "error": 0.0007318622762028875
        }
    ]
}