{
    "seed": 321,
    "angles": [
        0.7041920868152989,
        2.1831247810646,
        5.062349614189871
    ],
    "data": [
        {
            "epsilon": 0.1,
            "time": 0.013547658920288086,
            "seqstr": "shxthythththxththththxthz",
            "t_count": 9,
            "error": 0.028473064486812815
        },
        {
            "epsilon": 0.01,
            "time": 0.06098604202270508,
            "seqstr": "hthythththxthththxthyththththxththxththyththyt",
            "t_count": 19,
            "error": 0.0025942294558635587
        },
        {
            "epsilon": 0.001,
            "time": 7.656002521514893,
            "seqstr": "shthxthththththththththxththxththththxthththxthythththththythty",
            "t_count": 27,
            "error": 0.0009953606322604083
        }
    ]
}