{
    "seed": 810,
    "angles": [
        1.1770512640825777,
        1.0298733179955415,
        1.509591679482071
    ],
    "data": [
        {
            "epsilon": 0.1,
            "time": 0.013490676879882812,
            "seqstr": "yththxththxthyththththths",
            "t_count": 10,
            "error": 0.022253365760759047
        },
        {
            "epsilon": 0.01,
            "time": 0.058548927307128906,
            "seqstr": "thxththxthththththxthththxththththththxththxthsz",
            "t_count": 20,
            "error": 0.004071993257727184
        },
        {
            "epsilon": 0.001,
            "time": 7.4807844161987305,
            "seqstr": "shxthyththththththxththxthyththyththythththythththyththththxtht",
            "t_count": 26,
            "error": 0.0007521965327828571
        }
    ]
}