{
    "seed": 87,
    "angles": [
        3.5530567134210393,
        1.709421550799935,
        3.5580125283745305
    ],
    "data": [
        {
            "epsilon": 0.1,
            "time": 0.013407230377197266,
            "seqstr": "shthythththththththyths",
            "t_count": 9,
            "error": 0.023979882651405538
        },
        {
            "epsilon": 0.01,
            "time": 0.06076455116271973,
            "seqstr": "shthyththththxththxththxthyththyththththsz",
            "t_count": 16,
            "error": 0.0018006223222334482
        },
        {
            "epsilon": 0.001,
            "time": 23.069748163223267,
            "seqstr": "thththyththththxththxththxththxththxththxththththythththxthyththy",
            "t_count": 27,
            "error": 0.0007255667352193032
        }
    ]
}