{
    "seed": 857,
    "angles": [
        1.7923648062691209,
        2.2463478432417148,
        0.9850419996001296
    ],
    "data": [
        {
            "epsilon": 0.1,
            "time": 0.013828277587890625,
            "seqstr": "shththythththythththththx",
            "t_count": 10,
            "error": 0.02332363679843006
        },
        {
            "epsilon": 0.01,
            "time": 0.05920124053955078,
            "seqstr": "ththxththyththythththythththxththxthththxththths",
            "t_count": 20,
            "error": 0.0037400630068876975
        },
        {
            "epsilon": 0.001,
            "time": 7.671186447143555,
            "seqstr": "hythththxththththththythththththyththththxthththxththythth",
            "t_count": 25,
            "error": 0.0008276779214029302
        }
    ]
}