{
    "seed": 632,
    "angles": [
        2.8988951312654665,
        1.923487498121171,
        5.3791106928172985
    ],
    "data": [
        {
            "epsilon": 0.1,
            "time": 0.013780355453491211,
            "seqstr": "shxthythththxththythththy",
            "t_count": 9,
            "error": 0.016742712993198492
        },
        {
            "epsilon": 0.01,
            "time": 0.05923032760620117,
            "seqstr": "ythxththythththyththththxthththxththxththxththtx",
            "t_count": 20,
            "error": 0.0007945038251688536
        },
        {
            "epsilon": 0.001,
            "time": 7.528080940246582,
            "seqstr": "ththxthythththxthththxththxththxthththxthththythththxthththxththxth",
            "t_count": 28,
            "error": 0.0007263172440951836
        }
    ]
}