{
    "seed": 596,
    "angles": [
        5.131539839688248,
        2.029684327707171,
        2.4373538511670407
    ],
    "data": [
        {
            "epsilon": 0.1,
            "time": 0.013380289077758789,
            "seqstr": "ththththyththththyththsx",
            "t_count": 10,
            "error": 0.02283888786472432
        },
        {
            "epsilon": 0.01,
            "time": 0.06073307991027832,
            "seqstr": "hythxththyththththxththythththythththxthythths",
            "t_count": 18,
            "error": 0.0027085682181954844
        },
        {
            "epsilon": 0.001,
            "time": 7.6765453815460205,
            "seqstr": "shthththxththythththxthththyththththxththththxththththxthyththththx",
            "t_count": 28,
            "error": 0.0007743795660022603
        }
    ]
}