{
    "seed": 188,
    "angles": [
        1.5885441190446477,
        0.37801947546436104,
        3.948460247292716
    ],
    "data": [
        {
            "epsilon": 0.1,
            "time": 0.013495922088623047,
            "seqstr": "ythththxththxthsx",
            "t_count": 6,
            "error": 0.0370002957677431
        },
        {
            "epsilon": 0.01,
            "time": 0.057254791259765625,
            "seqstr": "hythyththythththxthththxththththxthththxthyththth",
            "t_count": 20,
            "error": 0.0018625561077769844
        },
        {
            "epsilon": 0.001,
            "time": 7.648185729980469,
            "seqstr": "shyththththththxththyththththxthththththyththythththxththxththththththz",
            "t_count": 30,
            "error": 0.0008972554634330274
        }
    ]
}