{
    "seed": 882,
    "angles": [
        5.747056334328413,
        2.5907998775964964,
        2.272882579070151
    ],
    "data": [
        {
            "epsilon": 0.1,
            "time": 0.013936042785644531,
            "seqstr": "ythththththththxtx",
            "t_count": 8,
            "error": 0.034325652674644005
        },
        {
            "epsilon": 0.01,
            "time": 0.06141996383666992,
            "seqstr": "hythxththxththxththyththththththththththty",
            "t_count": 18,
            "error": 0.0009082959239479703
        },
        {
            "epsilon": 0.001,
            "time": 7.713436603546143,
            "seqstr": "hythxththxththxththyththththththththththty",
            "t_count": 18,
            "error": 0.0009082959248035902
        }
    ]
}