{
    "seed": 567,
    "angles": [
        1.639046413715561,
        2.410801705322394,
        0.7680839447328323
    ],
    "data": [
        {
            "epsilon": 0.1,
            "time": 0.013963699340820312,
            "seqstr": "hythxththyththyththythth",
            "t_count": 9,
            "error": 0.04354384706059132
        },
        {
            "epsilon": 0.01,
            "time": 0.0566411018371582,
            "seqstr": "ythxththththyththythththththxthyththththythththsy",
            "t_count": 20,
            "error": 0.0036858806988725097
        },
        {
            "epsilon": 0.001,
            "time": 38.053343057632446,
            "seqstr": "shththythththxththththxthythththththththxththxththxthythththths",
            "t_count": 26,
            "error": 0.0006319614670486054
        }
    ]
}