{
    "seed": 16,
    "angles": [
        0.16614435281124074,
        1.1004058552735743,
        4.275397274772871
    ],
    "data": [
        {
            "epsilon": 0.1,
            "time": 0.011286258697509766,
            "seqstr": "shththththththththytht",
            "t_count": 10,
            "error": 0.023411600763151172
        },
        {
            "epsilon": 0.01,
            "time": 0.05602693557739258,
            "seqstr": "thththxththythththythththththxthththxthythththz",
            "t_count": 20,
            "error": 0.002689751503001873
        },
        {
            "epsilon": 0.001,
            "time": 7.650234937667847,
            "seqstr": "hythythththythththththythththththththththththxthythththxthyththy",
            "t_count": 27,
            "error": 0.0009369869044614506
        }
    ]
}