{
    "seed": 307,
    "angles": [
        4.594487148046655,
        1.6896456843162049,
        2.848603378554774
    ],
    "data": [
        {
            "epsilon": 0.1,
            "time": 0.01384592056274414,
            "seqstr": "hththththxthththxththsx",
            "t_count": 9,
            "error": 0.04116463809779218
        },
        {
            "epsilon": 0.01,
            "time": 0.05829119682312012,
            "seqstr": "shythththyththythththththththyththththxththsz",
            "t_count": 18,
            "error": 0.0047083698200432785
        },
        {
            "epsilon": 0.001,
            "time": 7.599412441253662,
            "seqstr": "ththththththxththththththxththyththyththythththythththyththththsx",
            "t_count": 28,
            "error": 0.0006765639778943017
        }
    ]
}