{
    "seed": 713,
    "angles": [
        2.9605300429455426,
        1.9499097289638219,
        1.0041956054002572
    ],
    "data": [
        {
            "epsilon": 0.1,
            "time": 0.013715505599975586,
            "seqstr": "hththythththththththxthsz",
            "t_count": 10,
            "error": 0.04371870332630005
        },
        {
            "epsilon": 0.01,
            "time": 0.060455322265625,
            "seqstr": "ththththyththththxththththxththxthyththtz",
            "t_count": 18,
            "error": 0.004696224894067043
        },
        {
            "epsilon": 0.001,
            "time": 22.72490620613098,
            "seqstr": "ythxthyththyththythththxthyththththxthythththyththyththythththths",
            "t_count": 26,
            "error": 0.0009965895497436132
        }
    ]
}