{
    "seed": 811,
    "angles": [
        5.085317862609579,
        2.0582554312513843,
        2.8625378742211653
    ],
    "data": [
        {
            "epsilon": 0.1,
            "time": 0.013977289199829102,
            "seqstr": "yththththyththythththxths",
            "t_count": 10,
            "error": 0.04717828211473125
        },
        {
            "epsilon": 0.01,
            "time": 0.057059526443481445,
            "seqstr": "hythththththththxthththxththththyththththxths",
            "t_count": 19,
            "error": 0.0016673809134002792
        },
        {
            "epsilon": 0.001,
            "time": 7.624851942062378,
            "seqstr": "shthththxththththththththxthththththththxthyththty",
            "t_count": 22,
            "error": 0.0009567815459805682
        }
    ]
}