{
    "seed": 507,
    "angles": [
        3.7402284416467815,
        2.6405127042886827,
        5.024014934917404
    ],
    "data": [
        {
            "epsilon": 0.1,
            "time": 0.013907194137573242,
            "seqstr": "thxthththyththythththsx",
            "t_count": 9,
            "error": 0.039858510981142466
        },
        {
            "epsilon": 0.01,
            "time": 0.056749820709228516,
            "seqstr": "ythxthththxththxthyththythththythththxthyththythtx",
            "t_count": 20,
            "error": 0.0019031615678736403
        },
        {
            "epsilon": 0.001,
            "time": 7.555417060852051,
            "seqstr": "hythxththxththththxthththyththththththxththythththtz",
            "t_count": 22,
            "error": 0.00033682043945096
        }
    ]
}