{
    "seed": 956,
    "angles": [
        0.9131622461120994,
        1.2677551389426809,
        0.5008258871294928
    ],
    "data": [
        {
            "epsilon": 0.1,
            "time": 0.011805057525634766,
            "seqstr": "ththythththyththyththty",
            "t_count": 10,
            "error": 0.012261921537637855
        },
        {
            "epsilon": 0.01,
            "time": 0.0601193904876709,
            "seqstr": "hyththththxththththxththxthththththththxthyththy",
            "t_count": 20,
            "error": 0.0008490762029936316
        },
        {
            "epsilon": 0.001,
            "time": 15.311041831970215,
            "seqstr": "ththththyththththththxthythththyththththththxthyththythththxththxth",
            "t_count": 29,
            "error": 0.000664566106213807
        }
    ]
}