{
    "seed": 946,
    "angles": [
        0.4017747894551702,
        0.4623476257553991,
        1.52376652496746
    ],
    "data": [
        {
            "epsilon": 0.1,
            "time": 0.009067535400390625,
            "seqstr": "yththxththththththythty",
            "t_count": 10,
            "error": 0.030420363098463167
        },
        {
            "epsilon": 0.01,
            "time": 0.0564570426940918,
            "seqstr": "ythththxththyththththththyththththyththythththsx",
            "t_count": 20,
            "error": 0.003473641709663076
        },
        {
            "epsilon": 0.001,
            "time": 22.823424577713013,
            "seqstr": "hthththxthththththythththxthththththxththxththxthththxthythththyths",
            "t_count": 28,
            "error": 0.0007060019810426961
        }
    ]
}