{
    "seed": 211,
    "angles": [
        1.3418079660135724,
        1.592248193460291,
        3.5532688547209217
    ],
    "data": [
        {
            "epsilon": 0.1,
            "time": 0.011252880096435547,
            "seqstr": "shxththththythththxthththy",
            "t_count": 10,
            "error": 0.03124869673114927
        },
        {
            "epsilon": 0.01,
            "time": 0.05755186080932617,
            "seqstr": "ythxthththththththyththththththththththyth",
            "t_count": 19,
            "error": 0.0031772395455829023
        },
        {
            "epsilon": 0.001,
            "time": 7.609207630157471,
            "seqstr": "yththyththythththxthythththththxththyththythththththxthththty",
            "t_count": 26,
            "error": 0.0006926795428659958
        }
    ]
}