{
    "seed": 330,
    "angles": [
        0.3511873144343465,
        1.1999808977721549,
        0.9790559783743928
    ],
    "data": [
        {
            "epsilon": 0.1,
            "time": 0.013689041137695312,
            "seqstr": "ythxththxthyththththyththsx",
            "t_count": 10,
            "error": 0.02069791580929512
        },
        {
            "epsilon": 0.01,
            "time": 0.058951616287231445,
            "seqstr": "hthxthyththyththththxththyththththththtz",
            "t_count": 17,
            "error": 0.0013270329980010723
        },
        {
            "epsilon": 0.001,
            "time": 7.631489992141724,
            "seqstr": "yththythththyththththxththxththxthythththxthythththxthththxthyththththz",
            "t_count": 29,
            "error": 0.00044132538208899397
        }
    ]
}