{
    "seed": 972,
    "angles": [
        5.223859529848857,
        2.785350145405761,
        2.104708765796481
    ],
    "data": [
        {
            "epsilon": 0.1,
            "time": 0.011866092681884766,
            "seqstr": "thxthththxththxththt",
            "t_count": 9,
            "error": 0.02548884222894149
        },
        {
            "epsilon": 0.01,
            "time": 0.05740642547607422,
            "seqstr": "shthxthththththxthththxththythththxthththtx",
            "t_count": 18,
            "error": 0.0026300528417346146
        },
        {
            "epsilon": 0.001,
            "time": 15.169314622879028,
            "seqstr": "hyththththxththythththththxthththxththxththxthythththththxthththththsy",
            "t_count": 29,
            "error": 0.00021079571319697796
        }
    ]
}