{
    "seed": 167,
    "angles": [
        3.0846092916922725,
        1.626181559306502,
        4.609420252404099
    ],
    "data": [
        {
            "epsilon": 0.1,
            "time": 0.011287450790405273,
            "seqstr": "shxthththxththththythththsz",
            "t_count": 10,
            "error": 0.04870370265654852
        },
        {
            "epsilon": 0.01,
            "time": 0.05878114700317383,
            "seqstr": "shththththththththththyththththxthyththththxthy",
            "t_count": 20,
            "error": 0.0019916750022198346
        },
        {
            "epsilon": 0.001,
            "time": 22.952831029891968,
            "seqstr": "hthththxthththththxthththxthththythththxththththththththxtx",
            "t_count": 26,
            "error": 0.0008618472020573108
        }
    ]
}