{
    "seed": 758,
    "angles": [
        1.4775650821785824,
        2.8087974453110682,
        2.4166488254803484
    ],
    "data": [
        {
            "epsilon": 0.1,
            "time": 0.01438593864440918,
            "seqstr": "hthxthththxththxthththtz",
            "t_count": 10,
            "error": 0.022449070901385995
        },
        {
            "epsilon": 0.01,
            "time": 0.056833744049072266,
            "seqstr": "hththxththththxthththththyththththxthythth",
            "t_count": 18,
            "error": 0.00485575707683519
        },
        {
            "epsilon": 0.001,
            "time": 20.68012046813965,
            "seqstr": "shthxthythththththththththxththyththththyththyththththxthththythththsz",
            "t_count": 29,
            "error": 0.0008590051313548737
        }
    ]
}