{
    "seed": 258,
    "angles": [
        0.8083565068091687,
        0.7792605189134592,
        2.802449265203899
    ],
    "data": [
        {
            "epsilon": 0.1,
            "time": 0.013666152954101562,
            "seqstr": "ythxththxththxththththsx",
            "t_count": 9,
            "error": 0.048703651572501484
        },
        {
            "epsilon": 0.01,
            "time": 0.058371782302856445,
            "seqstr": "shxththxththththxthyththththythththththxthththths",
            "t_count": 20,
            "error": 0.005010736273043985
        },
        {
            "epsilon": 0.001,
            "time": 7.606462240219116,
            "seqstr": "shththyththththyththththythththyththththyththththxththxththsz",
            "t_count": 25,
            "error": 8.098106621587775e-05
        }
    ]
}