{
    "seed": 41,
    "angles": [
        5.534387651400046,
        0.10376810517054351,
        1.8930235979336825
    ],
    "data": [
        {
            "epsilon": 0.1,
            "time": 0.013489484786987305,
            "seqstr": "ythyththythththythths",
            "t_count": 8,
            "error": 0.016010018486682744
        },
        {
            "epsilon": 0.01,
            "time": 0.05880260467529297,
            "seqstr": "ythxththythththxththyththyththyththyththythththty",
            "t_count": 20,
            "error": 0.0025081129007643145
        },
        {
            "epsilon": 0.001,
            "time": 7.551622152328491,
            "seqstr": "hthxthythththxththyththththxththththththththxththxthythththt",
            "t_count": 26,
            "error": 0.0004403659457927515
        }
    ]
}