{
    "seed": 311,
    "angles": [
        3.5574896382308223,
        2.468208735796977,
        1.6155979093722683
    ],
    "data": [
        {
            "epsilon": 0.1,
            "time": 0.01390218734741211,
            "seqstr": "hythxthythththtz",
            "t_count": 6,
            "error": 0.003893224677474042
        },
        {
            "epsilon": 0.01,
            "time": 0.05898332595825195,
            "seqstr": "hthythththyththththththxthyththththththsx",
            "t_count": 17,
            "error": 0.0034015939540161366
        },
        {
            "epsilon": 0.001,
            "time": 15.145981550216675,
            "seqstr": "hthxthythththxthththxththxththxththxththththththxthththxththxthythty",
            "t_count": 28,
            "error": 0.0009800341152425881
        }
    ]
}