{
    "seed": 290,
    "angles": [
        2.1601088427152693,
        2.1450505270608904,
        1.9337423248784873
    ],
    "data": [
        {
            "epsilon": 0.1,
            "time": 0.01400303840637207,
            "seqstr": "hthththxththxththththxtx",
            "t_count": 10,
            "error": 0.037212245140637014
        },
        {
            "epsilon": 0.01,
            "time": 0.061014652252197266,
            "seqstr": "thxththxthyththythththththththxthythththxthtx",
            "t_count": 19,
            "error": 0.001086306469795607
        },
        {
            "epsilon": 0.001,
            "time": 22.813596963882446,
            "seqstr": "shythththxthythththxthythththththythththxththxththythththththxththxthyththz",
            "t_count": 30,
            "error": 0.0007932019822861634
        }
    ]
}