{
    "seed": 401,
    "angles": [
        4.9492655228939935,
        1.8064427707868054,
        1.9793050332777256
    ],
    "data": [
        {
            "epsilon": 0.1,
            "time": 0.01365208625793457,
            "seqstr": "shxthththththxthyththyththsx",
            "t_count": 10,
            "error": 0.04684903139981161
        },
        {
            "epsilon": 0.01,
            "time": 0.060720205307006836,
            "seqstr": "hythyththththxththxththxththxththththyththththxthz",
            "t_count": 20,
            "error": 0.004888366733113767
        },
        {
            "epsilon": 0.001,
            "time": 30.345048189163208,
            "seqstr": "hthythththththxthththxththyththththththythththxththxthythththsx",
            "t_count": 26,
            "error": 0.00022998822878221928
        }
    ]
}