{
    "seed": 455,
    "angles": [
        1.3074881005835097,
        2.525443339400372,
        1.2480788378869887
    ],
    "data": [
        {
            "epsilon": 0.1,
            "time": 0.013703346252441406,
            "seqstr": "ththththththxthythth",
            "t_count": 9,
            "error": 0.02730355980118235
        },
        {
            "epsilon": 0.01,
            "time": 0.0586702823638916,
            "seqstr": "hthythththxththythththyththththyththyththththyths",
            "t_count": 20,
            "error": 0.0028089910963895455
        },
        {
            "epsilon": 0.001,
            "time": 60.562631130218506,
            "seqstr": "shxththythththythththththxthththxththythththxthythththxthththxththythththsx",
            "t_count": 30,
            "error": 0.0009951708738027754
        }
    ]
}