{
    "seed": 514,
    "angles": [
        5.225112379587957,
        0.9234344501457645,
        3.393162902695975
    ],
    "data": [
        {
            "epsilon": 0.1,
            "time": 0.014198780059814453,
            "seqstr": "hyththythththxththxthythtx",
            "t_count": 10,
            "error": 0.026086756095155317
        },
        {
            "epsilon": 0.01,
            "time": 0.056441307067871094,
            "seqstr": "thxthythththththththxththythththxthyththyththty",
            "t_count": 20,
            "error": 0.002233942634308294
        },
        {
            "epsilon": 0.001,
            "time": 30.281915187835693,
            "seqstr": "shyththththxththxththththxthyththyththththththxththxthythththththythth",
            "t_count": 29,
            "error": 0.0008392432123901833
        }
    ]
}