{
    "seed": 664,
    "angles": [
        0.7504569970689041,
        1.7587598931529074,
        2.3163269103633084
    ],
    "data": [
        {
            "epsilon": 0.1,
            "time": 0.01416158676147461,
            "seqstr": "shyththththyththththx",
            "t_count": 8,
            "error": 0.016047836149453116
        },
        {
            "epsilon": 0.01,
            "time": 0.05913424491882324,
            "seqstr": "shxthththxthyththyththththyththththxththyththththy",
            "t_count": 20,
            "error": 0.003195694185173886
        },
        {
            "epsilon": 0.001,
            "time": 38.00525784492493,
            "seqstr": "ythxththxthythththxththththxththxthyththythththxththththththththththtx",
            "t_count": 30,
            "error": 0.0006301581031288208
        }
    ]
}