{
    "seed": 25,
    "angles": [
        3.56001257879245,
        2.553595829317989,
        3.6219923704319292
    ],
    "data": [
        {
            "epsilon": 0.1,
            "time": 0.013010263442993164,
            "seqstr": "hyththxthththxthy",
            "t_count": 6,
            "error": 0.03772080044928097
        },
        {
            "epsilon": 0.01,
            "time": 0.06062817573547363,
            "seqstr": "yththxthythththxththxthythththyththythththytht",
            "t_count": 19,
            "error": 0.002499618220858847
        },
        {
            "epsilon": 0.001,
            "time": 5.588296175003052,
            "seqstr": "shththththxththxththththxthththxththxthththyththyththththxthyths",
            "t_count": 26,
            "error": 0.000800549511972119
        }
    ]
}