{
    "seed": 962,
    "angles": [
        2.7615157678998994,
        1.8652207823410563,
        3.4723263237186135
    ],
    "data": [
        {
            "epsilon": 0.1,
            "time": 0.01185917854309082,
            "seqstr": "thxthththththththty",
            "t_count": 9,
            "error": 0.01708058564279324
        },
        {
            "epsilon": 0.01,
            "time": 0.05918383598327637,
            "seqstr": "shxthythththythththxthththththxththythththyththy",
            "t_count": 19,
            "error": 0.0013615394710681282
        },
        {
            "epsilon": 0.001,
            "time": 28.666053295135498,
            "seqstr": "ththyththythththththxththyththththxthythththxthythththxththxththyths",
            "t_count": 28,
            "error": 0.00031354670575412875
        }
    ]
}