{
    "seed": 89,
    "angles": [
        6.232355332924298,
        1.6781379818800055,
        2.1922246606873514
    ],
    "data": [
        {
            "epsilon": 0.1,
            "time": 0.013503074645996094,
            "seqstr": "shththththxthththxththyt",
            "t_count": 10,
            "error": 0.030536284488392077
        },
        {
            "epsilon": 0.01,
            "time": 0.06094169616699219,
            "seqstr": "hthxththththyththththythththxthythththyththy",
            "t_count": 18,
            "error": 0.004931076232821739
        },
        {
            "epsilon": 0.001,
            "time": 7.60716438293457,
            "seqstr": "thththxththxthythththththxthyththththxthyththythththxthtz",
            "t_count": 24,
            "error": 0.000668592628270942
        }
    ]
}