{
    "seed": 901,
    "angles": [
        1.2954546579912023,
        1.1585306308680807,
        2.2761671532899728
    ],
    "data": [
        {
            "epsilon": 0.1,
            "time": 0.013879060745239258,
            "seqstr": "shyththththxthyththsx",
            "t_count": 7,
            "error": 0.04897101660951977
        },
        {
            "epsilon": 0.01,
            "time": 0.06244492530822754,
            "seqstr": "thxththxththththththththththythththxthththyt",
            "t_count": 20,
            "error": 0.002638954341378608
        },
        {
            "epsilon": 0.001,
            "time": 22.77839231491089,
            "seqstr": "thyththththyththththxthyththththxthythththythththththxththxtx",
            "t_count": 26,
            "error": 0.0007239804868349193
        }
    ]
}