{
    "seed": 363,
    "angles": [
        1.618534926052427,
        1.2983395055023725,
        4.9221656279625075
    ],
    "data": [
        {
            "epsilon": 0.1,
            "time": 0.013822078704833984,
            "seqstr": "ythxthyththythththths",
            "t_count": 8,
            "error": 0.0328690950673308
        },
        {
            "epsilon": 0.01,
            "time": 0.05905485153198242,
            "seqstr": "hthththththththxthythththxththththththxthy",
            "t_count": 18,
            "error": 0.0018913999301362792
        },
        {
            "epsilon": 0.001,
            "time": 7.65191912651062,
            "seqstr": "shxththxthyththththythththththxththththththxthyththyththythththsz",
            "t_count": 26,
            "error": 0.0007785724338319745
        }
    ]
}