{
    "seed": 502,
    "angles": [
        0.6220001825643293,
        1.612360557985107,
        6.065322784771552
    ],
    "data": [
        {
            "epsilon": 0.1,
            "time": 0.013813495635986328,
            "seqstr": "thxththyththththxththty",
            "t_count": 10,
            "error": 0.011343483402346925
        },
        {
            "epsilon": 0.01,
            "time": 0.06106066703796387,
            "seqstr": "shthxthyththththxthththththythth",
            "t_count": 13,
            "error": 0.0020035530621194384
        },
        {
            "epsilon": 0.001,
            "time": 5.54569935798645,
            "seqstr": "hyththththyththyththyththththxththxthyththththxththththxthythths",
            "t_count": 26,
            "error": 0.0007852081479366254
        }
    ]
}