{
    "seed": 908,
    "angles": [
        2.5218321788635167,
        0.8054101302084327,
        5.074466555587149
    ],
    "data": [
        {
            "epsilon": 0.1,
            "time": 0.0120086669921875,
            "seqstr": "hythxthththxththyththyth",
            "t_count": 9,
            "error": 0.0239031350325097
        },
        {
            "epsilon": 0.01,
            "time": 0.05469870567321777,
            "seqstr": "thyththyththythththxthththxththththxththxththxths",
            "t_count": 20,
            "error": 0.0015590075653837956
        },
        {
            "epsilon": 0.001,
            "time": 7.573902130126953,
            "seqstr": "hththxthythththxthythththythththxthythththxththxthythththxththththtx",
            "t_count": 28,
            "error": 0.0008306888061679122
        }
    ]
}