{
    "seed": 322,
    "angles": [
        1.059996353983962,
        2.0046088594261215,
        1.7421614110368528
    ],
    "data": [
        {
            "epsilon": 0.1,
            "time": 0.013923406600952148,
            "seqstr": "shxththyththythtx",
            "t_count": 6,
            "error": 0.047032175602339105
        },
        {
            "epsilon": 0.01,
            "time": 0.05684185028076172,
            "seqstr": "hthxthythththththyththythththththyththyththththsx",
            "t_count": 20,
            "error": 0.0029054875452354883
        },
        {
            "epsilon": 0.001,
            "time": 7.8073530197143555,
            "seqstr": "yththxthythththththxthyththththxththththxthththxtx",
            "t_count": 21,
            "error": 0.0004034552888467456
        }
    ]
}