{
    "seed": 397,
    "angles": [
        0.5849299684539182,
        1.5422357063979057,
        2.6039307358684427
    ],
    "data": [
        {
            "epsilon": 0.1,
            "time": 0.01377415657043457,
            "seqstr": "shyththththththththththsz",
            "t_count": 10,
            "error": 0.026832162653508823
        },
        {
            "epsilon": 0.01,
            "time": 0.06099247932434082,
            "seqstr": "shxththththththythththxththxthththythththyththz",
            "t_count": 19,
            "error": 0.0017761599037522484
        },
        {
            "epsilon": 0.001,
            "time": 7.624133825302124,
            "seqstr": "hythxththyththththththyththyththththththyththththyththsz",
            "t_count": 23,
            "error": 0.0003469278318278558
        }
    ]
}