{
    "seed": 339,
    "angles": [
        4.9264957473427735,
        1.3840624062510047,
        4.610126959032319
    ],
    "data": [
        {
            "epsilon": 0.1,
            "time": 0.013802051544189453,
            "seqstr": "hthththxthththxthththz",
            "t_count": 9,
            "error": 0.03346588109982743
        },
        {
            "epsilon": 0.01,
            "time": 0.059449195861816406,
            "seqstr": "shthththththththththththyth",
            "t_count": 12,
            "error": 0.0026688053425339133
        },
        {
            "epsilon": 0.001,
            "time": 7.605092525482178,
            "seqstr": "shthxthththththxththxththxththththththxthththxththythththz",
            "t_count": 24,
            "error": 0.0009623403970469986
        }
    ]
}