{
    "seed": 361,
    "angles": [
        5.229362917176909,
        1.013148772458935,
        2.3122764897901664
    ],
    "data": [
        {
            "epsilon": 0.1,
            "time": 0.013608455657958984,
            "seqstr": "shythththyththyththythtx",
            "t_count": 9,
            "error": 0.05186017153256144
        },
        {
            "epsilon": 0.01,
            "time": 0.05949664115905762,
            "seqstr": "shxththththxthythththxththxthythththxthththyththsx",
            "t_count": 19,
            "error": 0.00356199766260777
        },
        {
            "epsilon": 0.001,
            "time": 30.320544958114624,
            "seqstr": "hththxthththxththxthythththththxthyththththxthththththxththyt",
            "t_count": 26,
            "error": 0.0005227013848063145
        }
    ]
}