{
    "seed": 40,
    "angles": [
        1.3114579311763919,
        1.0098497826158224,
        1.969051936167924
    ],
    "data": [
        {
            "epsilon": 0.1,
            "time": 0.01334834098815918,
            "seqstr": "yththxththxththxththththsy",
            "t_count": 10,
            "error": 0.010853892377425301
        },
        {
            "epsilon": 0.01,
            "time": 0.058622121810913086,
            "seqstr": "ythththxththythththxthththththythththxththythty",
            "t_count": 20,
            "error": 0.00260007517305264
        },
        {
            "epsilon": 0.001,
            "time": 7.563891410827637,
            "seqstr": "ththyththththxththththyththththththththxththththxths",
            "t_count": 23,
            "error": 0.0008536875046377384
        }
    ]
}