{
    "seed": 252,
    "angles": [
        4.312208541966888,
        1.5290345133376964,
        5.517625001669443
    ],
    "data": [
        {
            "epsilon": 0.1,
            "time": 0.013518810272216797,
            "seqstr": "shththythththythththtz",
            "t_count": 9,
            "error": 0.033384916552622615
        },
        {
            "epsilon": 0.01,
            "time": 0.06068992614746094,
            "seqstr": "shthththxthththxthththththxththththxthyth",
            "t_count": 17,
            "error": 0.0036375258734125376
        },
        {
            "epsilon": 0.001,
            "time": 7.5997514724731445,
            "seqstr": "shyththythththxthyththththththxththththxththxthythththyth",
            "t_count": 23,
            "error": 0.0006153271808009198
        }
    ]
}