{
    "seed": 336,
    "angles": [
        3.268710251276545,
        1.697412564759282,
        0.03904679120278409
    ],
    "data": [
        {
            "epsilon": 0.1,
            "time": 0.013528108596801758,
            "seqstr": "hythythththythththththxt",
            "t_count": 10,
            "error": 0.024592991254743984
        },
        {
            "epsilon": 0.01,
            "time": 0.06072688102722168,
            "seqstr": "thxthyththththxthththxthyththththxththxththththsx",
            "t_count": 20,
            "error": 0.0015600732553023454
        },
        {
            "epsilon": 0.001,
            "time": 15.32910966873169,
            "seqstr": "hythththxthyththyththyththyththththxthythththxthyththththtz",
            "t_count": 24,
            "error": 0.0008276084560686718
        }
    ]
}