{
    "seed": 424,
    "angles": [
        5.827636429834197,
        0.8286655778295995,
        3.686980259061083
    ],
    "data": [
        {
            "epsilon": 0.1,
            "time": 0.014072179794311523,
            "seqstr": "thththxththyththththx",
            "t_count": 9,
            "error": 0.016542189875297056
        },
        {
            "epsilon": 0.01,
            "time": 0.05905652046203613,
            "seqstr": "hthxththyththththxthythththxththththythththxththsz",
            "t_count": 20,
            "error": 0.004461021891621071
        },
        {
            "epsilon": 0.001,
            "time": 15.234180927276611,
            "seqstr": "shthxththxthythththxthythththxthththyththththyththyththththththx",
            "t_count": 26,
            "error": 0.0008329599154746343
        }
    ]
}