{
    "seed": 889,
    "angles": [
        2.0752177044523865,
        1.9234898346000353,
        4.955390981824612
    ],
    "data": [
        {
            "epsilon": 0.1,
            "time": 0.01373910903930664,
            "seqstr": "hththxthththththyththsz",
            "t_count": 9,
            "error": 0.007464454360123948
        },
        {
            "epsilon": 0.01,
            "time": 0.059140920639038086,
            "seqstr": "thythththxththxthththththythththth",
            "t_count": 15,
            "error": 0.0019459084955899062
        },
        {
            "epsilon": 0.001,
            "time": 7.526544570922852,
            "seqstr": "shthxththxthththyththyththyththyththththxththythththxthththxthtz",
            "t_count": 26,
            "error": 0.0006151405311271535
        }
    ]
}