{
    "seed": 647,
    "angles": [
        4.039496886758651,
        2.2413950066456416,
        0.1439915728427703
    ],
    "data": [
        {
            "epsilon": 0.1,
            "time": 0.013971805572509766,
            "seqstr": "hythththththythththythth",
            "t_count": 10,
            "error": 0.034909762199922846
        },
        {
            "epsilon": 0.01,
            "time": 0.059121131896972656,
            "seqstr": "hththththththxththxthththxththxththththththxthy",
            "t_count": 20,
            "error": 0.0025097355993811553
        },
        {
            "epsilon": 0.001,
            "time": 13.255810499191284,
            "seqstr": "hythythththxthththxththxththththththxthththxththythththyththt",
            "t_count": 26,
            "error": 0.0004928224953287329
        }
    ]
}