{
    "seed": 843,
    "angles": [
        0.4093083024247335,
        0.7498618326188567,
        3.1375527366220393
    ],
    "data": [
        {
            "epsilon": 0.1,
            "time": 0.013822793960571289,
            "seqstr": "thyththythththxty",
            "t_count": 7,
            "error": 0.03929370935707471
        },
        {
            "epsilon": 0.01,
            "time": 0.06136631965637207,
            "seqstr": "hythythththxthththxthythththythththxthyththyththty",
            "t_count": 20,
            "error": 0.003133724534843136
        },
        {
            "epsilon": 0.001,
            "time": 7.616016864776611,
            "seqstr": "ythththythththxthththththththyththththythththxththxthththxtx",
            "t_count": 26,
            "error": 0.000697647434337516
        }
    ]
}