{
    "seed": 554,
    "angles": [
        4.4674710987860635,
        1.3146875111415712,
        2.998449387336038
    ],
    "data": [
        {
            "epsilon": 0.1,
            "time": 0.01406240463256836,
            "seqstr": "shxthyththththyththythththx",
            "t_count": 10,
            "error": 0.022199201047279012
        },
        {
            "epsilon": 0.01,
            "time": 0.05866837501525879,
            "seqstr": "hththxthththxthyththythththxththxththyththythththy",
            "t_count": 20,
            "error": 0.0033787134913666693
        },
        {
            "epsilon": 0.001,
            "time": 7.575054883956909,
            "seqstr": "shyththythththyththyththththththththythththxththxthththththyththsz",
            "t_count": 27,
            "error": 0.0008177141470826929
        }
    ]
}