{
    "seed": 696,
    "angles": [
        0.9596022658231735,
        0.9267330202577394,
        0.5755238875247524
    ],
    "data": [
        {
            "epsilon": 0.1,
            "time": 0.01373434066772461,
            "seqstr": "hythyththththxththyththtz",
            "t_count": 10,
            "error": 0.025106794958995687
        },
        {
            "epsilon": 0.01,
            "time": 0.05905461311340332,
            "seqstr": "hythxthththxththxthyththththththythththxtht",
            "t_count": 18,
            "error": 0.003566537325687002
        },
        {
            "epsilon": 0.001,
            "time": 7.557426691055298,
            "seqstr": "hthyththythththxthththxththxthththththxthththythththththththxththx",
            "t_count": 28,
            "error": 0.0005798488059813806
        }
    ]
}