{
    "seed": 407,
    "angles": [
        0.8581420684295296,
        1.6520985259727048,
        0.5129679240967144
    ],
    "data": [
        {
            "epsilon": 0.1,
            "time": 0.011331558227539062,
            "seqstr": "shthxthththxththththyt",
            "t_count": 9,
            "error": 0.02048581909083403
        },
        {
            "epsilon": 0.01,
            "time": 0.05691027641296387,
            "seqstr": "hyththythththththxththythththththxththythththxthz",
            "t_count": 20,
            "error": 0.0034746349057919713
        },
        {
            "epsilon": 0.001,
            "time": 15.113346815109253,
            "seqstr": "shxthyththththxthththxththxththxththxththyththththxththythththththths",
            "t_count": 28,
            "error": 0.0008482788185629013
        }
    ]
}