{
    "seed": 920,
    "angles": [
        5.249548365757248,
        2.9087877287140134,
        0.0924116409260547
    ],
    "data": [
        {
            "epsilon": 0.1,
            "time": 0.011824846267700195,
            "seqstr": "thxththxththxththxththyths",
            "t_count": 10,
            "error": 0.02303547272846934
        },
        {
            "epsilon": 0.01,
            "time": 0.05770158767700195,
            "seqstr": "thxththxththxththyththythththyththyththyththtz",
            "t_count": 19,
            "error": 0.003989110093701775
        },
        {
            "epsilon": 0.001,
            "time": 7.628819704055786,
            "seqstr": "shthythththxthyththththxthyththththththxthththxththxththxthththyth",
            "t_count": 27,
            "error": 0.0009978165849527131
        }
    ]
}