{
    "seed": 404,
    "angles": [
        1.5000526729089838,
        1.6631885562744348,
        4.844573678876219
    ],
    "data": [
        {
            "epsilon": 0.1,
            "time": 0.013643503189086914,
            "seqstr": "shxththxthythththththxthtz",
            "t_count": 10,
            "error": 0.02544497588457764
        },
        {
            "epsilon": 0.01,
            "time": 0.061103105545043945,
            "seqstr": "shythththxthththythththythththxthththythththxthths",
            "t_count": 20,
            "error": 0.0010725633921324052
        },
        {
            "epsilon": 0.001,
            "time": 7.633590221405029,
            "seqstr": "shxththythththyththythththyththththththythththythththxthythththyththththsx",
            "t_count": 30,
            "error": 0.00039094852510147056
        }
    ]
}