{
    "seed": 749,
    "angles": [
        2.5327857334633617,
        0.8587640093558806,
        3.4609893730339403
    ],
    "data": [
        {
            "epsilon": 0.1,
            "time": 0.013538122177124023,
            "seqstr": "hythythththxththxthtz",
            "t_count": 8,
            "error": 0.03221942941586054
        },
        {
            "epsilon": 0.01,
            "time": 0.060656070709228516,
            "seqstr": "shythththyththyththththxththththxthyththythththxty",
            "t_count": 20,
            "error": 0.004636220321796129
        },
        {
            "epsilon": 0.001,
            "time": 20.675379276275635,
            "seqstr": "shyththythththythththxththxthththythththxthythththxththxthththyththsz",
            "t_count": 27,
            "error": 0.0008972026647083495
        }
    ]
}