{
    "seed": 671,
    "angles": [
        2.3390003374832373,
        2.4591905078719654,
        5.53551203900997
    ],
    "data": [
        {
            "epsilon": 0.1,
            "time": 0.014455318450927734,
            "seqstr": "hthxthyththyththyththy",
            "t_count": 8,
            "error": 0.053437231046219676
        },
        {
            "epsilon": 0.01,
            "time": 0.05945324897766113,
            "seqstr": "shxththythththxthththxthththythththxththxththxtx",
            "t_count": 19,
            "error": 0.0021129657435783366
        },
        {
            "epsilon": 0.001,
            "time": 28.85851812362671,
            "seqstr": "hythythththththyththythththththxththxththxththththyththththththt",
            "t_count": 28,
            "error": 0.0004031974055376988
        }
    ]
}