{
    "seed": 666,
    "angles": [
        1.7166346145490259,
        1.2309673086346737,
        5.7668824524907265
    ],
    "data": [
        {
            "epsilon": 0.1,
            "time": 0.01403498649597168,
            "seqstr": "shthxthythththththththxth",
            "t_count": 10,
            "error": 0.012964748647542886
        },
        {
            "epsilon": 0.01,
            "time": 0.05875420570373535,
            "seqstr": "ththxththythththxththththyththythththththxthyth",
            "t_count": 20,
            "error": 0.002433970115111847
        },
        {
            "epsilon": 0.001,
            "time": 20.82842183113098,
            "seqstr": "hythxththyththyththththththyththyththththxthyththththththytht",
            "t_count": 26,
            "error": 0.00043907332403485044
        }
    ]
}