{
    "seed": 512,
    "angles": [
        5.296974005505714,
        0.4064886423058849,
        1.563785949987917
    ],
    "data": [
        {
            "epsilon": 0.1,
            "time": 0.013580083847045898,
            "seqstr": "ththxthththxththxthththy",
            "t_count": 10,
            "error": 0.033529600141458636
        },
        {
            "epsilon": 0.01,
            "time": 0.0605616569519043,
            "seqstr": "hthxthththxththxthththythththththxthththxthtx",
            "t_count": 19,
            "error": 0.0022398589322910833
        },
        {
            "epsilon": 0.001,
            "time": 7.549252986907959,
            "seqstr": "hthxththththththxthyththyththththxthththththxththyththythththythththxthz",
            "t_count": 30,
            "error": 0.000926766675329564
        }
    ]
}