{
    "seed": 201,
    "angles": [
        4.117316491914048,
        1.3586471107667983,
        4.033972583205079
    ],
    "data": [
        {
            "epsilon": 0.1,
            "time": 0.013588428497314453,
            "seqstr": "hthththxthththxthz",
            "t_count": 7,
            "error": 0.04842899429738681
        },
        {
            "epsilon": 0.01,
            "time": 0.06069135665893555,
            "seqstr": "shxththxthththxthyththyththththyththythththththyths",
            "t_count": 20,
            "error": 0.0018803414471993678
        },
        {
            "epsilon": 0.001,
            "time": 13.196083784103394,
            "seqstr": "hythxthythththththythththxththyththythththyththththththxthythththxthy",
            "t_count": 28,
            "error": 0.0007238825986151839
        }
    ]
}