{
    "seed": 343,
    "angles": [
        0.0029066838286437857,
        0.46576187845011924,
        1.0634518608130783
    ],
    "data": [
        {
            "epsilon": 0.1,
            "time": 0.013547420501708984,
            "seqstr": "hythxthththxthyththththtz",
            "t_count": 10,
            "error": 0.0317479331901334
        },
        {
            "epsilon": 0.01,
            "time": 0.06118917465209961,
            "seqstr": "ththxthyththythththththththxththyththththxthz",
            "t_count": 19,
            "error": 0.0046841670643327634
        },
        {
            "epsilon": 0.001,
            "time": 7.613003969192505,
            "seqstr": "shxththxththththxthththththxththyththththxththththxthythththxththxthththx",
            "t_count": 30,
            "error": 0.0008001678322934705
        }
    ]
}