{
    "seed": 349,
    "angles": [
        2.543507952317338,
        1.6084557821663177,
        1.3858177393729694
    ],
    "data": [
        {
            "epsilon": 0.1,
            "time": 0.014104366302490234,
            "seqstr": "yththxththxthththxththxthy",
            "t_count": 10,
            "error": 0.034007567292103344
        },
        {
            "epsilon": 0.01,
            "time": 0.056581974029541016,
            "seqstr": "thxththththxththythththyththththyththythththty",
            "t_count": 20,
            "error": 0.001249557474188251
        },
        {
            "epsilon": 0.001,
            "time": 15.302888870239258,
            "seqstr": "hythxthththththththththxthththyththyththththythththxthyththththy",
            "t_count": 27,
            "error": 0.00037639938390152594
        }
    ]
}