{
    "seed": 369,
    "angles": [
        0.2555287939305746,
        2.689174507690284,
        2.0569546688050853
    ],
    "data": [
        {
            "epsilon": 0.1,
            "time": 0.014049291610717773,
            "seqstr": "ythxththyththyththz",
            "t_count": 7,
            "error": 0.031293768570147554
        },
        {
            "epsilon": 0.01,
            "time": 0.056336164474487305,
            "seqstr": "hythxthyththththxththxthythththththththythth",
            "t_count": 18,
            "error": 0.0034539403356819006
        },
        {
            "epsilon": 0.001,
            "time": 7.698759078979492,
            "seqstr": "yththththxththxththxththxthththxththxththythththyththythththtz",
            "t_count": 26,
            "error": 0.000851374134899669
        }
    ]
}