{
    "seed": 737,
    "angles": [
        1.6242509534558351,
        0.7491014036617819,
        3.764590534450264
    ],
    "data": [
        {
            "epsilon": 0.1,
            "time": 0.013461112976074219,
            "seqstr": "hyththxththyththththythtx",
            "t_count": 10,
            "error": 0.04833250845129948
        },
        {
            "epsilon": 0.01,
            "time": 0.06111407279968262,
            "seqstr": "thyththyththththththythththxthythththxththxthyth",
            "t_count": 20,
            "error": 0.0023823438877497564
        },
        {
            "epsilon": 0.001,
            "time": 7.517106056213379,
            "seqstr": "shyththythththxthyththythththxthyththththxththxththythththths",
            "t_count": 24,
            "error": 0.00011329144613813687
        }
    ]
}