{
    "seed": 377,
    "angles": [
        2.0832955568127343,
        1.718724430215858,
        5.096760797556962
    ],
    "data": [
        {
            "epsilon": 0.1,
            "time": 0.011286258697509766,
            "seqstr": "shthxthyththyththththxthyt",
            "t_count": 10,
            "error": 0.049026678518941054
        },
        {
            "epsilon": 0.01,
            "time": 0.05862236022949219,
            "seqstr": "ththxththythththxththxthythththythththththsy",
            "t_count": 18,
            "error": 0.003892557790876939
        },
        {
            "epsilon": 0.001,
            "time": 7.586467981338501,
            "seqstr": "shthyththythththththyththyththththththxththxthyththththththxththxthtx",
            "t_count": 29,
            "error": 0.0009282981783983894
        }
    ]
}