{
    "seed": 357,
    "angles": [
        1.037184328115167,
        0.2050215000155059,
        4.180353377744719
    ],
    "data": [
        {
            "epsilon": 0.1,
            "time": 0.013463020324707031,
            "seqstr": "hthxththxthythththy",
            "t_count": 7,
            "error": 0.037373866434641495
        },
        {
            "epsilon": 0.01,
            "time": 0.06075143814086914,
            "seqstr": "shxthththxthythththxththythththyththythththyththty",
            "t_count": 20,
            "error": 0.0026059720947618874
        },
        {
            "epsilon": 0.001,
            "time": 15.126229763031006,
            "seqstr": "ththxthththxthyththyththththxththxthththththxthythththxththxthythtx",
            "t_count": 28,
            "error": 0.000851492836400965
        }
    ]
}