{
    "seed": 479,
    "angles": [
        5.796577731147595,
        2.5222013382153947,
        4.991071621758303
    ],
    "data": [
        {
            "epsilon": 0.1,
            "time": 0.013759851455688477,
            "seqstr": "ththyththythththththtx",
            "t_count": 10,
            "error": 0.020300644225268536
        },
        {
            "epsilon": 0.01,
            "time": 0.06077909469604492,
            "seqstr": "hththxthyththythththxthyththyththththththyththsz",
            "t_count": 19,
            "error": 0.0027670003736543877
        },
        {
            "epsilon": 0.001,
            "time": 20.80728840827942,
            "seqstr": "shxthththththxthththythththxthyththththxthththxththxthythththyt",
            "t_count": 26,
            "error": 0.0009919394608127188
        }
    ]
}