{
    "seed": 582,
    "angles": [
        1.7311556559087782,
        0.7987720089140591,
        0.8849190077989633
    ],
    "data": [
        {
            "epsilon": 0.1,
            "time": 0.013717889785766602,
            "seqstr": "hyththxthththythththx",
            "t_count": 8,
            "error": 0.021018017016321614
        },
        {
            "epsilon": 0.01,
            "time": 0.05630350112915039,
            "seqstr": "hyththththxththxthyththythththththyth",
            "t_count": 15,
            "error": 0.0021869969641636136
        },
        {
            "epsilon": 0.001,
            "time": 7.590971946716309,
            "seqstr": "hthxththththththxththththxthyththythththyththththxthtz",
            "t_count": 23,
            "error": 0.0009008573282985976
        }
    ]
}