{
    "seed": 649,
    "angles": [
        5.903265543934401,
        2.263842675479827,
        5.502837631431224
    ],
    "data": [
        {
            "epsilon": 0.1,
            "time": 0.013831853866577148,
            "seqstr": "hyththyththththyt",
            "t_count": 7,
            "error": 0.012504198470195725
        },
        {
            "epsilon": 0.01,
            "time": 0.05966520309448242,
            "seqstr": "shthxthththxththxthyththththxththxththxththxththz",
            "t_count": 19,
            "error": 0.0033555414022516648
        },
        {
            "epsilon": 0.001,
            "time": 7.572876930236816,
            "seqstr": "hthyththththythththxthythththyththththyththththythththxthy",
            "t_count": 24,
            "error": 0.000307171161955631
        }
    ]
}