{
    "seed": 473,
    "angles": [
        4.654035684781659,
        2.2841028466812667,
        3.753055058710558
    ],
    "data": [
        {
            "epsilon": 0.1,
            "time": 0.013718843460083008,
            "seqstr": "hthxththxththththyths",
            "t_count": 8,
            "error": 0.03456404983893282
        },
        {
            "epsilon": 0.01,
            "time": 0.06132960319519043,
            "seqstr": "hyththththxththxththxthththxththththt",
            "t_count": 16,
            "error": 0.0015848985730923804
        },
        {
            "epsilon": 0.001,
            "time": 7.686891078948975,
            "seqstr": "shthythththththyththththxththththxthththxththththxthyththythththx",
            "t_count": 27,
            "error": 0.0006397709821395838
        }
    ]
}