{
    "seed": 995,
    "angles": [
        6.11446777634369,
        1.316163662240463,
        1.8809553542822997
    ],
    "data": [
        {
            "epsilon": 0.1,
            "time": 0.011955976486206055,
            "seqstr": "hythythththxt",
            "t_count": 5,
            "error": 0.010242221573039782
        },
        {
            "epsilon": 0.01,
            "time": 0.0581049919128418,
            "seqstr": "hthxthththxthththxthththththyththththththxththx",
            "t_count": 20,
            "error": 0.004289585381937383
        },
        {
            "epsilon": 0.001,
            "time": 15.18771243095398,
            "seqstr": "shthththththxthythththxththxthththxthyththththththxththxththxththythth",
            "t_count": 29,
            "error": 0.000617820465934206
        }
    ]
}