{
    "seed": 939,
    "angles": [
        1.0703823831618884,
        2.302693167399444,
        2.7397776495075536
    ],
    "data": [
        {
            "epsilon": 0.1,
            "time": 0.00918436050415039,
            "seqstr": "shththththythththxtht",
            "t_count": 9,
            "error": 0.03276851694903565
        },
        {
            "epsilon": 0.01,
            "time": 0.05642533302307129,
            "seqstr": "hthththxthththxthyththththxthththxththythththyths",
            "t_count": 20,
            "error": 0.0034719173771297347
        },
        {
            "epsilon": 0.001,
            "time": 7.64095664024353,
            "seqstr": "yththxththythththxththththththththyththththxththxthththxththththxthty",
            "t_count": 30,
            "error": 0.0007087686302462481
        }
    ]
}