{
    "seed": 483,
    "angles": [
        1.6788450263605803,
        0.7136736307324971,
        1.854826912853735
    ],
    "data": [
        {
            "epsilon": 0.1,
            "time": 0.013933420181274414,
            "seqstr": "shthxthyththythththxthythtx",
            "t_count": 10,
            "error": 0.01474825602588424
        },
        {
            "epsilon": 0.01,
            "time": 0.05915975570678711,
            "seqstr": "shthythththythththxththyththyththyththyththythththx",
            "t_count": 20,
            "error": 0.0017079228433249892
        },
        {
            "epsilon": 0.001,
            "time": 22.991962432861328,
            "seqstr": "hthxththththththythththxththxthththxthththxththththtx",
            "t_count": 23,
            "error": 0.0008309765651091293
        }
    ]
}