{
    "seed": 560,
    "angles": [
        5.725241406964535,
        0.6386636204793606,
        5.497076202365972
    ],
    "data": [
        {
            "epsilon": 0.1,
            "time": 0.013721704483032227,
            "seqstr": "shthththxthththxthyththty",
            "t_count": 10,
            "error": 0.02136598922186002
        },
        {
            "epsilon": 0.01,
            "time": 0.059116363525390625,
            "seqstr": "hyththxththxthyththythththythththxthththythththz",
            "t_count": 19,
            "error": 0.0022926559281663743
        },
        {
            "epsilon": 0.001,
            "time": 7.574315309524536,
            "seqstr": "thththxththththxththxthyththththyththythththththxthththxththxth",
            "t_count": 27,
            "error": 0.0009756529450687919
        }
    ]
}