{
    "seed": 963,
    "angles": [
        0.0842468554253002,
        2.4587640507069097,
        3.405062385579902
    ],
    "data": [
        {
            "epsilon": 0.1,
            "time": 0.011875629425048828,
            "seqstr": "hythxthythththxthththxthths",
            "t_count": 10,
            "error": 0.016564084563611962
        },
        {
            "epsilon": 0.01,
            "time": 0.05722928047180176,
            "seqstr": "ythythththxththyththythththxththxththththxththz",
            "t_count": 19,
            "error": 0.0016899589155837476
        },
        {
            "epsilon": 0.001,
            "time": 5.583856821060181,
            "seqstr": "yththyththyththyththyththththxththththyththththyththythththyththyt",
            "t_count": 28,
            "error": 0.0006138586195819467
        }
    ]
}