{
    "seed": 431,
    "angles": [
        1.707642739645812,
        1.0798805151895874,
        2.135335414938151
    ],
    "data": [
        {
            "epsilon": 0.1,
            "time": 0.0135955810546875,
            "seqstr": "thxthththththxththyththy",
            "t_count": 10,
            "error": 0.03597272684111274
        },
        {
            "epsilon": 0.01,
            "time": 0.06057167053222656,
            "seqstr": "hythxththxthyththythththxththythththththxththxth",
            "t_count": 19,
            "error": 0.0033165300592573207
        },
        {
            "epsilon": 0.001,
            "time": 7.63978123664856,
            "seqstr": "hththyththyththythththxththyththththxthyththyththththxththxthty",
            "t_count": 26,
            "error": 0.0009485442807281372
        }
    ]
}