{
    "seed": 631,
    "angles": [
        1.0019049571038376,
        2.432914420936515,
        0.058452337923591724
    ],
    "data": [
        {
            "epsilon": 0.1,
            "time": 0.013682842254638672,
            "seqstr": "ythththxthththythththxthsx",
            "t_count": 10,
            "error": 0.03422950551218718
        },
        {
            "epsilon": 0.01,
            "time": 0.058965444564819336,
            "seqstr": "hythxththxthththyththththyththththythththththsy",
            "t_count": 19,
            "error": 0.0033383527982440214
        },
        {
            "epsilon": 0.001,
            "time": 7.511414289474487,
            "seqstr": "ththxthyththyththththxthththxththxththxthththxththythththyththythth",
            "t_count": 28,
            "error": 0.0007969462130054174
        }
    ]
}