{
    "seed": 979,
    "angles": [
        0.924916240485425,
        1.8576860336011713,
        2.324198829998119
    ],
    "data": [
        {
            "epsilon": 0.1,
            "time": 0.008976936340332031,
            "seqstr": "hyththxththxththththxththsx",
            "t_count": 10,
            "error": 0.04018862676658939
        },
        {
            "epsilon": 0.01,
            "time": 0.05637788772583008,
            "seqstr": "shthxththxththththyththththxththxththxththyththyth",
            "t_count": 20,
            "error": 0.003242019406898806
        },
        {
            "epsilon": 0.001,
            "time": 23.018681287765503,
            "seqstr": "yththththththththythththththxththxthythththythththythththxththsx",
            "t_count": 27,
            "error": 0.0008889895704483945
        }
    ]
}