{
    "seed": 391,
    "angles": [
        1.9620471081548727,
        3.0087508971281873,
        1.315319825208026
    ],
    "data": [
        {
            "epsilon": 0.1,
            "time": 0.011788368225097656,
            "seqstr": "shxthththythththththxthz",
            "t_count": 9,
            "error": 0.02064673406537868
        },
        {
            "epsilon": 0.01,
            "time": 0.057631731033325195,
            "seqstr": "shythththxththththththxthththththxthythththtx",
            "t_count": 19,
            "error": 0.002480552295399672
        },
        {
            "epsilon": 0.001,
            "time": 7.65513277053833,
            "seqstr": "shthththxthyththththxthyththththxththththththxththxththxththytht",
            "t_count": 27,
            "error": 0.0009217870161242847
        }
    ]
}