{
    "seed": 39,
    "angles": [
        4.288650856341469,
        0.7608322180142674,
        5.456513924747248
    ],
    "data": [
        {
            "epsilon": 0.1,
            "time": 0.013378620147705078,
            "seqstr": "hththythththythththythtx",
            "t_count": 10,
            "error": 0.045875478270826386
        },
        {
            "epsilon": 0.01,
            "time": 0.058740854263305664,
            "seqstr": "hythxththxththxthththththxthyththththyththththyt",
            "t_count": 20,
            "error": 0.0017818316580581908
        },
        {
            "epsilon": 0.001,
            "time": 7.719409704208374,
            "seqstr": "shththyththththxthyththththyththythththxththththyththytht",
            "t_count": 24,
            "error": 0.000655884756555699
        }
    ]
}