{
    "seed": 255,
    "angles": [
        0.2071274288893603,
        0.6045096818115466,
        3.069262572950091
    ],
    "data": [
        {
            "epsilon": 0.1,
            "time": 0.013894319534301758,
            "seqstr": "hththxththxthththxthththx",
            "t_count": 10,
            "error": 0.022201519451867185
        },
        {
            "epsilon": 0.01,
            "time": 0.05637097358703613,
            "seqstr": "shthththxththththththxththththxththxththththtx",
            "t_count": 20,
            "error": 0.0015193926832697826
        },
        {
            "epsilon": 0.001,
            "time": 15.212615728378296,
            "seqstr": "shthththththxthythththxththxththythththxththythththxththxthyththththxththsy",
            "t_count": 30,
            "error": 0.000994422550041038
        }
    ]
}