{
    "seed": 621,
    "angles": [
        0.7621115170564283,
        2.731151422754711,
        6.167130605005206
    ],
    "data": [
        {
            "epsilon": 0.1,
            "time": 0.013866424560546875,
            "seqstr": "thxththxthythththythtx",
            "t_count": 9,
            "error": 0.01092933461481617
        },
        {
            "epsilon": 0.01,
            "time": 0.05865359306335449,
            "seqstr": "shythththxthththxthththththxthyththyththththytht",
            "t_count": 20,
            "error": 0.002860582803008285
        },
        {
            "epsilon": 0.001,
            "time": 22.86097764968872,
            "seqstr": "yththythththxthththyththythththxththxththththxthththyththyththththsz",
            "t_count": 28,
            "error": 0.000946071535897414
        }
    ]
}