{
    "seed": 199,
    "angles": [
        5.33780988138813,
        1.822316751960033,
        0.6293565348686716
    ],
    "data": [
        {
            "epsilon": 0.1,
            "time": 0.013445615768432617,
            "seqstr": "shththxthythththxththxthyth",
            "t_count": 10,
            "error": 0.02721628910563735
        },
        {
            "epsilon": 0.01,
            "time": 0.06069040298461914,
            "seqstr": "shthxthyththththythththththththxthythththtz",
            "t_count": 18,
            "error": 0.0011288608972883805
        },
        {
            "epsilon": 0.001,
            "time": 22.85849928855896,
            "seqstr": "shxththyththththyththththyththyththththythththxthyththythththxthyththy",
            "t_count": 28,
            "error": 0.000963220357767029
        }
    ]
}