{
    "seed": 960,
    "angles": [
        3.559205391076053,
        1.0292994986632025,
        5.456233308849864
    ],
    "data": [
        {
            "epsilon": 0.1,
            "time": 0.011904239654541016,
            "seqstr": "shxthththxthythththththxtx",
            "t_count": 10,
            "error": 0.040728001901857235
        },
        {
            "epsilon": 0.01,
            "time": 0.05714535713195801,
            "seqstr": "shxththththththxthththxthyththththxththxththththx",
            "t_count": 20,
            "error": 0.003435224476827347
        },
        {
            "epsilon": 0.001,
            "time": 7.616196393966675,
            "seqstr": "hthxththththxthththxththxththythththxththythththxthty",
            "t_count": 22,
            "error": 0.0009130609866254925
        }
    ]
}