{
    "seed": 153,
    "angles": [
        1.7173192188025537,
        0.8571459774278275,
        5.806956824426753
    ],
    "data": [
        {
            "epsilon": 0.1,
            "time": 0.011280536651611328,
            "seqstr": "shththththythththyththsz",
            "t_count": 9,
            "error": 0.014637337259272815
        },
        {
            "epsilon": 0.01,
            "time": 0.05821537971496582,
            "seqstr": "yththythththththththxthythththythththyththythty",
            "t_count": 20,
            "error": 0.0013021205381884234
        },
        {
            "epsilon": 0.001,
            "time": 15.197514057159424,
            "seqstr": "hyththxthththththxththythththxthythththththththxthyththyththyththtx",
            "t_count": 28,
            "error": 0.0007134106957732529
        }
    ]
}