{
    "seed": 58,
    "angles": [
        0.3138222644184232,
        2.338170844609229,
        4.587392441270077
    ],
    "data": [
        {
            "epsilon": 0.1,
            "time": 0.013547420501708984,
            "seqstr": "ythththythththxthththsz",
            "t_count": 9,
            "error": 0.010792328693775432
        },
        {
            "epsilon": 0.01,
            "time": 0.05844426155090332,
            "seqstr": "shththythththyththththyththyththyththythththxthsx",
            "t_count": 19,
            "error": 0.00256922317515485
        },
        {
            "epsilon": 0.001,
            "time": 7.598661422729492,
            "seqstr": "ythythththxththxththyththyththyththththythththththyththththxthsx",
            "t_count": 26,
            "error": 0.0009829374653109273
        }
    ]
}