{
    "seed": 53,
    "angles": [
        4.0258826241262105,
        1.8985141345064416,
        5.7933547343907
    ],
    "data": [
        {
            "epsilon": 0.1,
            "time": 0.013555526733398438,
            "seqstr": "ththythththyththyththt",
            "t_count": 10,
            "error": 0.03288148877946367
        },
        {
            "epsilon": 0.01,
            "time": 0.0587003231048584,
            "seqstr": "hthxththxthththxthyththththxthyththththythththt",
            "t_count": 20,
            "error": 0.002542832829116785
        },
        {
            "epsilon": 0.001,
            "time": 15.368929624557495,
            "seqstr": "hythxththythththxthyththththxthththxthythththythththththxththythththx",
            "t_count": 28,
            "error": 0.0003389191698028573
        }
    ]
}