{
    "seed": 959,
    "angles": [
        0.9966967850377424,
        1.7748531437259085,
        3.1872034990669356
    ],
    "data": [
        {
            "epsilon": 0.1,
            "time": 0.012007713317871094,
            "seqstr": "thxththxththxthththxthtz",
            "t_count": 10,
            "error": 0.03872433139972414
        },
        {
            "epsilon": 0.01,
            "time": 0.057288169860839844,
            "seqstr": "shxthyththththythththxthythththththththththxththx",
            "t_count": 20,
            "error": 0.003308412060670074
        },
        {
            "epsilon": 0.001,
            "time": 13.248779535293579,
            "seqstr": "yththththxththxththythththxthythththxthththththxthythty",
            "t_count": 23,
            "error": 0.0009789387170078873
        }
    ]
}