{
    "seed": 204,
    "angles": [
        1.1592593702473373,
        2.3912048226582945,
        6.067780000906602
    ],
    "data": [
        {
            "epsilon": 0.1,
            "time": 0.01383829116821289,
            "seqstr": "thythththxthththxt",
            "t_count": 8,
            "error": 0.020831145505263493
        },
        {
            "epsilon": 0.01,
            "time": 0.05634665489196777,
            "seqstr": "hyththxththxthththythththxththththxththxthyththths",
            "t_count": 20,
            "error": 0.004306909926781956
        },
        {
            "epsilon": 0.001,
            "time": 20.713946104049683,
            "seqstr": "hythxththythththyththththxththythththxththxththythththxthththxthththythty",
            "t_count": 30,
            "error": 0.0008850958090496478
        }
    ]
}