{
    "seed": 836,
    "angles": [
        3.324931758327004,
        1.3300205592969232,
        3.054935772128193
    ],
    "data": [
        {
            "epsilon": 0.1,
            "time": 0.013921260833740234,
            "seqstr": "hythythththxthththxthtx",
            "t_count": 9,
            "error": 0.02468031028626422
        },
        {
            "epsilon": 0.01,
            "time": 0.056595563888549805,
            "seqstr": "hththxththxthththxthythththththththxththyththyt",
            "t_count": 20,
            "error": 0.002252601643449007
        },
        {
            "epsilon": 0.001,
            "time": 7.683576345443726,
            "seqstr": "hthyththyththythththththxththxthththythththththxththxththxthythththsx",
            "t_count": 28,
            "error": 0.0004855397931604508
        }
    ]
}