{
    "seed": 731,
    "angles": [
        6.114240652430649,
        2.3051423227135586,
        4.3087412862038015
    ],
    "data": [
        {
            "epsilon": 0.1,
            "time": 0.013799667358398438,
            "seqstr": "hythyththththxthththxththsy",
            "t_count": 10,
            "error": 0.038933540188176956
        },
        {
            "epsilon": 0.01,
            "time": 0.05951547622680664,
            "seqstr": "hththxththththxthththythththththxththythththxthz",
            "t_count": 20,
            "error": 0.0026721800075429195
        },
        {
            "epsilon": 0.001,
            "time": 14.961097717285156,
            "seqstr": "hththythththxththxththyththyththyththththththxththxththsz",
            "t_count": 23,
            "error": 0.00022452713472339685
        }
    ]
}