{
    "seed": 759,
    "angles": [
        1.9913672013225732,
        2.6565400653206717,
        5.144943740015527
    ],
    "data": [
        {
            "epsilon": 0.1,
            "time": 0.013906717300415039,
            "seqstr": "ythxthththxththxththxthths",
            "t_count": 10,
            "error": 0.033142679493130794
        },
        {
            "epsilon": 0.01,
            "time": 0.06134295463562012,
            "seqstr": "hythythththxthththyththththythththxthythths",
            "t_count": 17,
            "error": 0.0018919836927655316
        },
        {
            "epsilon": 0.001,
            "time": 7.553919792175293,
            "seqstr": "shthxthththxthyththththyththththththythththythththxthththxththththx",
            "t_count": 28,
            "error": 0.0009935708674390896
        }
    ]
}