{
    "seed": 195,
    "angles": [
        2.332163247052234,
        0.6409122279164412,
        0.31196627786776876
    ],
    "data": [
        {
            "epsilon": 0.1,
            "time": 0.013559579849243164,
            "seqstr": "hythxththxththyththythththsx",
            "t_count": 10,
            "error": 0.03177809376203482
        },
        {
            "epsilon": 0.01,
            "time": 0.061182498931884766,
            "seqstr": "hthththxththxthyththythththxthyththththththythths",
            "t_count": 20,
            "error": 0.00503305463561845
        },
        {
            "epsilon": 0.001,
            "time": 7.627403497695923,
            "seqstr": "hthththxththththxththxthyththththththxthththxththyththyth",
            "t_count": 24,
            "error": 0.0007133399907666369
        }
    ]
}