{
    "seed": 412,
    "angles": [
        4.090695486374635,
        0.5533735254798867,
        2.0687799998964316
    ],
    "data": [
        {
            "epsilon": 0.1,
            "time": 0.013676166534423828,
            "seqstr": "hththyththththththththy",
            "t_count": 10,
            "error": 0.049668501240634995
        },
        {
            "epsilon": 0.01,
            "time": 0.0604248046875,
            "seqstr": "hththxthyththththththththththythththththxty",
            "t_count": 19,
            "error": 0.0031848717254220056
        },
        {
            "epsilon": 0.001,
            "time": 7.5904576778411865,
            "seqstr": "hythxththxththxthyththythththxththyththththxththxththyththythththxththyththy",
            "t_count": 30,
            "error": 0.0007814132694346594
        }
    ]
}