{
    "seed": 325,
    "angles": [
        0.5026141490951459,
        2.512778100822262,
        3.7274245135142854
    ],
    "data": [
        {
            "epsilon": 0.1,
            "time": 0.013644933700561523,
            "seqstr": "ythxthyththythththththz",
            "t_count": 9,
            "error": 0.028732717506758057
        },
        {
            "epsilon": 0.01,
            "time": 0.06111025810241699,
            "seqstr": "shthxththxththththththththxthththththxththxth",
            "t_count": 19,
            "error": 0.001191397174693099
        },
        {
            "epsilon": 0.001,
            "time": 68.8188648223877,
            "seqstr": "hyththththththxththxththththxththxthyththththyththththxthythththththxthz",
            "t_count": 30,
            "error": 0.0009952721268668048
        }
    ]
}