{
    "seed": 665,
    "angles": [
        0.9135309794871658,
        2.1198468405898976,
        3.6902522164066784
    ],
    "data": [
        {
            "epsilon": 0.1,
            "time": 0.013723373413085938,
            "seqstr": "ththyththyththythththx",
            "t_count": 9,
            "error": 0.015942161626812227
        },
        {
            "epsilon": 0.01,
            "time": 0.06072711944580078,
            "seqstr": "ythythththththxthththththythththththyththy",
            "t_count": 18,
            "error": 0.0029174614331944
        },
        {
            "epsilon": 0.001,
            "time": 21.06007742881775,
            "seqstr": "yththththththyththythththththththththxththythththxthyththththxthtx",
            "t_count": 29,
            "error": 0.0007430173359093286
        }
    ]
}