{
    "seed": 331,
    "angles": [
        1.1857719036389138,
        0.4644526697761282,
        5.411522426230974
    ],
    "data": [
        {
            "epsilon": 0.1,
            "time": 0.013875961303710938,
            "seqstr": "hythxththththththxth",
            "t_count": 8,
            "error": 0.04245268087427414
        },
        {
            "epsilon": 0.01,
            "time": 0.05847978591918945,
            "seqstr": "hththxththxththythththyththythththththythththxth",
            "t_count": 20,
            "error": 0.001575506257124282
        },
        {
            "epsilon": 0.001,
            "time": 22.979665517807007,
            "seqstr": "shthxthythththxthththxththxththththththythththxthythththxththththyththtz",
            "t_count": 30,
            "error": 0.0003108710452928926
        }
    ]
}