{
    "seed": 429,
    "angles": [
        4.290343933016514,
        2.0497033577096264,
        6.2565758662287445
    ],
    "data": [
        {
            "epsilon": 0.1,
            "time": 0.01355290412902832,
            "seqstr": "yththththththththyththsx",
            "t_count": 10,
            "error": 0.02966796451769154
        },
        {
            "epsilon": 0.01,
            "time": 0.0619509220123291,
            "seqstr": "ththxththxthththththththxthythththythththxthsz",
            "t_count": 19,
            "error": 0.0033351477441411963
        },
        {
            "epsilon": 0.001,
            "time": 15.116129159927368,
            "seqstr": "hthxththxththththythththththyththyththththxthyththyththththxththxtx",
            "t_count": 28,
            "error": 0.0008266562872222574
        }
    ]
}