{
    "seed": 334,
    "angles": [
        0.49518376387347196,
        1.6798476122065547,
        4.385464758570231
    ],
    "data": [
        {
            "epsilon": 0.1,
            "time": 0.013763427734375,
            "seqstr": "hthxthyththyththththxthy",
            "t_count": 9,
            "error": 0.011681192650425939
        },
        {
            "epsilon": 0.01,
            "time": 0.061516523361206055,
            "seqstr": "hythythththyththyththththththxthththxththxthythty",
            "t_count": 20,
            "error": 0.0028387715286420953
        },
        {
            "epsilon": 0.001,
            "time": 28.51826024055481,
            "seqstr": "hthythththxthythththxththxththxththxththxthyththththxththxthtz",
            "t_count": 25,
            "error": 0.000853905378492246
        }
    ]
}