{
    "seed": 690,
    "angles": [
        3.071427425753325,
        0.6832692122561974,
        3.2872263311924437
    ],
    "data": [
        {
            "epsilon": 0.1,
            "time": 0.01390981674194336,
            "seqstr": "ythythththththyththyths",
            "t_count": 9,
            "error": 0.053502871829574326
        },
        {
            "epsilon": 0.01,
            "time": 0.05964541435241699,
            "seqstr": "shthththththxththththxththththxthththxtx",
            "t_count": 17,
            "error": 0.0026588877952117024
        },
        {
            "epsilon": 0.001,
            "time": 7.719715595245361,
            "seqstr": "shythththxthythththththythththxthththxthththxthyththththxththththz",
            "t_count": 27,
            "error": 0.0008127692987555285
        }
    ]
}