{
    "seed": 471,
    "angles": [
        2.0697860883221715,
        1.3521830722819623,
        4.779804380076598
    ],
    "data": [
        {
            "epsilon": 0.1,
            "time": 0.013830423355102539,
            "seqstr": "shythththxthyththt",
            "t_count": 7,
            "error": 0.04052350273703713
        },
        {
            "epsilon": 0.01,
            "time": 0.05926203727722168,
            "seqstr": "hythythththxththyththythththythththxthyththythththsy",
            "t_count": 20,
            "error": 0.0026157326109957683
        },
        {
            "epsilon": 0.001,
            "time": 7.637899875640869,
            "seqstr": "hththxthyththyththyththyththththyththythththxththyththththythththtx",
            "t_count": 28,
            "error": 0.0006202209282794727
        }
    ]
}