{
    "seed": 628,
    "angles": [
        2.4202038037929263,
        0.9186090609969119,
        1.9666291712865496
    ],
    "data": [
        {
            "epsilon": 0.1,
            "time": 0.013611793518066406,
            "seqstr": "shththxththxththththxthz",
            "t_count": 9,
            "error": 0.01268331879075084
        },
        {
            "epsilon": 0.01,
            "time": 0.05889725685119629,
            "seqstr": "ththxthththxthyththythththxthththxthythththxthsz",
            "t_count": 19,
            "error": 0.003318221819794105
        },
        {
            "epsilon": 0.001,
            "time": 22.821661233901978,
            "seqstr": "ythyththththththththththyththththyththththxththxththxthththyththy",
            "t_count": 28,
            "error": 0.0007912908798350073
        }
    ]
}