{
    "seed": 9,
    "angles": [
        2.2751725304601287,
        1.772279749049957,
        3.250426501567702
    ],
    "data": [
        {
            "epsilon": 0.1,
            "time": 0.012953996658325195,
            "seqstr": "yththxthththxthththxthyths",
            "t_count": 10,
            "error": 0.022070743191946147
        },
        {
            "epsilon": 0.01,
            "time": 0.06049942970275879,
            "seqstr": "ythxththxththxthythththxththxthyththththxththyththz",
            "t_count": 20,
            "error": 0.003916288659841521
        },
        {
            "epsilon": 0.001,
            "time": 7.507968902587891,
            "seqstr": "yththxththxththxththythththxthththththyththththththxthththxththxtx",
            "t_count": 28,
            "error": 0.000483177878308667
        }
    ]
}