{
    "seed": 129,
    "angles": [
        3.8362811369073757,
        1.2068314777366431,
        4.092179008277005
    ],
    "data": [
        {
            "epsilon": 0.1,
            "time": 0.013383865356445312,
            "seqstr": "shxththyththythththxthththsy",
            "t_count": 10,
            "error": 0.02457523467023444
        },
        {
            "epsilon": 0.01,
            "time": 0.05865073204040527,
            "seqstr": "shthythththxthththyththythththythththththththz",
            "t_count": 19,
            "error": 0.0040997648945139
        },
        {
            "epsilon": 0.001,
            "time": 7.7312705516815186,
            "seqstr": "ythyththythththyththththxthythththxthththththyththths",
            "t_count": 22,
            "error": 0.0007651745594000484
        }
    ]
}