{
    "seed": 310,
    "angles": [
        1.8607593969092644,
        2.662828947757504,
        3.187248832946084
    ],
    "data": [
        {
            "epsilon": 0.1,
            "time": 0.011149168014526367,
            "seqstr": "hththththxththxththyththz",
            "t_count": 10,
            "error": 0.037250088775122175
        },
        {
            "epsilon": 0.01,
            "time": 0.05588102340698242,
            "seqstr": "thxththyththththxththxththxththythththxthyththyth",
            "t_count": 20,
            "error": 0.0030300530592949583
        },
        {
            "epsilon": 0.001,
            "time": 7.5319013595581055,
            "seqstr": "shththxthththxthththyththththyththyththyththththytht",
            "t_count": 22,
            "error": 0.000958118740564614
        }
    ]
}