{
    "seed": 575,
    "angles": [
        1.8308848342086002,
        2.110099162334279,
        3.3663234285906007
    ],
    "data": [
        {
            "epsilon": 0.1,
            "time": 0.013764619827270508,
            "seqstr": "hthyththyths",
            "t_count": 4,
            "error": 0.041685614899872846
        },
        {
            "epsilon": 0.01,
            "time": 0.06087374687194824,
            "seqstr": "shthxthythththythththyththythththyththythththxthyths",
            "t_count": 20,
            "error": 0.0017047943971055407
        },
        {
            "epsilon": 0.001,
            "time": 45.71171808242798,
            "seqstr": "hyththxthyththththththththththxthththxthyththththththyththythty",
            "t_count": 27,
            "error": 0.0007644103317629793
        }
    ]
}