{
    "seed": 984,
    "angles": [
        1.2285517964624066,
        2.613529395234092,
        3.6510236173374233
    ],
    "data": [
        {
            "epsilon": 0.1,
            "time": 0.011795997619628906,
            "seqstr": "hythxththythththxthththth",
            "t_count": 10,
            "error": 0.029595405698924448
        },
        {
            "epsilon": 0.01,
            "time": 0.058133840560913086,
            "seqstr": "shthxthythththxththxththythththyththththxththsz",
            "t_count": 18,
            "error": 0.003306230562248671
        },
        {
            "epsilon": 0.001,
            "time": 15.173964977264404,
            "seqstr": "ythththxththththththxthththxththxthththxthythththsy",
            "t_count": 21,
            "error": 0.000942527797219787
        }
    ]
}