{
    "seed": 456,
    "angles": [
        2.425317514334103,
        1.142658407350498,
        5.83225335127182
    ],
    "data": [
        {
            "epsilon": 0.1,
            "time": 0.013869762420654297,
            "seqstr": "shthxthyththththythththxt",
            "t_count": 10,
            "error": 0.029677636653544094
        },
        {
            "epsilon": 0.01,
            "time": 0.056557416915893555,
            "seqstr": "ththxthyththththxththxththxthythththxththththxthsx",
            "t_count": 20,
            "error": 0.00507927079593385
        },
        {
            "epsilon": 0.001,
            "time": 7.555272817611694,
            "seqstr": "hythyththythththththxthththththxthththythththxththththyththththythththsy",
            "t_count": 30,
            "error": 0.000816723907377768
        }
    ]
}