{
    "seed": 178,
    "angles": [
        1.257431018305656,
        1.546349256698041,
        2.1112919157119974
    ],
    "data": [
        {
            "epsilon": 0.1,
            "time": 0.01361536979675293,
            "seqstr": "shxththxththxththxthththtx",
            "t_count": 10,
            "error": 0.03342076168141795
        },
        {
            "epsilon": 0.01,
            "time": 0.06136822700500488,
            "seqstr": "shxthththyththththxthththththxththththxthsz",
            "t_count": 17,
            "error": 0.0014485008558512802
        },
        {
            "epsilon": 0.001,
            "time": 7.580427408218384,
            "seqstr": "hythyththythththxthythththythththththxththxthyththththxththths",
            "t_count": 25,
            "error": 0.0006030001999674171
        }
    ]
}