{
    "seed": 779,
    "angles": [
        2.5784426194934866,
        2.613962150697526,
        1.972224971496222
    ],
    "data": [
        {
            "epsilon": 0.1,
            "time": 0.011547565460205078,
            "seqstr": "shthxthyththyththz",
            "t_count": 6,
            "error": 0.025142442967161407
        },
        {
            "epsilon": 0.01,
            "time": 0.05839967727661133,
            "seqstr": "hythxthyththythththyththththyththythththxthyththtx",
            "t_count": 20,
            "error": 0.0013863434647899478
        },
        {
            "epsilon": 0.001,
            "time": 7.6300365924835205,
            "seqstr": "ythththythththythththyththyththththythththyththythththyththtz",
            "t_count": 26,
            "error": 0.0007422559505052647
        }
    ]
}