{
    "seed": 33,
    "angles": [
        2.728520736125649,
        0.7058084932116191,
        5.837033251975452
    ],
    "data": [
        {
            "epsilon": 0.1,
            "time": 0.013657093048095703,
            "seqstr": "shththyththythththxththxths",
            "t_count": 10,
            "error": 0.045183324740049435
        },
        {
            "epsilon": 0.01,
            "time": 0.06056952476501465,
            "seqstr": "thththxththxthththythththxththyththththththsz",
            "t_count": 19,
            "error": 0.0031683390199973285
        },
        {
            "epsilon": 0.001,
            "time": 15.269001722335815,
            "seqstr": "ythththththxthyththththyththththxththxththxthththxthththththyt",
            "t_count": 27,
            "error": 0.0006151824646121539
        }
    ]
}