{
    "seed": 997,
    "angles": [
        6.128296474792258,
        2.331478946783235,
        4.266352489719426
    ],
    "data": [
        {
            "epsilon": 0.1,
            "time": 0.011528968811035156,
            "seqstr": "hththththxththxthyth",
            "t_count": 8,
            "error": 0.023928391830455188
        },
        {
            "epsilon": 0.01,
            "time": 0.05727124214172363,
            "seqstr": "hththththyththththyththyththyththythththxththx",
            "t_count": 19,
            "error": 0.0044586260338966505
        },
        {
            "epsilon": 0.001,
            "time": 7.751573801040649,
            "seqstr": "thxthththxthththththththxththyththythththyththththxththththxthththsy",
            "t_count": 29,
            "error": 0.0006851951910266862
        }
    ]
}