{
    "seed": 198,
    "angles": [
        5.688846868876594,
        2.0667094571286513,
        1.7776663188846626
    ],
    "data": [
        {
            "epsilon": 0.1,
            "time": 0.013622045516967773,
            "seqstr": "hythxthyththythtx",
            "t_count": 6,
            "error": 0.040940426272925816
        },
        {
            "epsilon": 0.01,
            "time": 0.05633711814880371,
            "seqstr": "shththxththythththyththythththxthythththxththyth",
            "t_count": 19,
            "error": 0.005041964316596675
        },
        {
            "epsilon": 0.001,
            "time": 13.215749263763428,
            "seqstr": "shyththyththyththththxthththththxthyththththythththxththythththsx",
            "t_count": 26,
            "error": 0.0007521144843375405
        }
    ]
}