{
    "seed": 530,
    "angles": [
        1.7312233988930261,
        1.432943060637318,
        0.9849810673880395
    ],
    "data": [
        {
            "epsilon": 0.1,
            "time": 0.014057159423828125,
            "seqstr": "hythythththxthththxththtz",
            "t_count": 10,
            "error": 0.03754085024332336
        },
        {
            "epsilon": 0.01,
            "time": 0.06152462959289551,
            "seqstr": "shxthththyththththxthythththxththxthththththtz",
            "t_count": 19,
            "error": 0.003513458736712753
        },
        {
            "epsilon": 0.001,
            "time": 38.06479096412659,
            "seqstr": "hythyththththythththththxththxthyththythththththythththyththty",
            "t_count": 26,
            "error": 0.0009161144709077289
        }
    ]
}