{
    "seed": 988,
    "angles": [
        0.20178145015277726,
        0.7141601906022493,
        4.377552864892604
    ],
    "data": [
        {
            "epsilon": 0.1,
            "time": 0.011734962463378906,
            "seqstr": "ththyththththxththxthths",
            "t_count": 10,
            "error": 0.022223785595124185
        },
        {
            "epsilon": 0.01,
            "time": 0.05761361122131348,
            "seqstr": "hythythththththyththththththxththxththxthythty",
            "t_count": 19,
            "error": 0.0035337989426054775
        },
        {
            "epsilon": 0.001,
            "time": 7.604443311691284,
            "seqstr": "ththxththxthththxththxthththxththythththththythththxththththyththy",
            "t_count": 28,
            "error": 0.0006894402594833582
        }
    ]
}