{
    "seed": 370,
    "angles": [
        4.853250370991767,
        1.638321218750988,
        2.4035587612266873
    ],
    "data": [
        {
            "epsilon": 0.1,
            "time": 0.013895511627197266,
            "seqstr": "yththythththththyththsz",
            "t_count": 9,
            "error": 0.04150019010377718
        },
        {
            "epsilon": 0.01,
            "time": 0.056676626205444336,
            "seqstr": "shthxththxththththxththxthythththxthththytht",
            "t_count": 18,
            "error": 0.0031576338550051036
        },
        {
            "epsilon": 0.001,
            "time": 20.879600286483765,
            "seqstr": "shxthththththythththythththyththththxththxthththxthththxthths",
            "t_count": 25,
            "error": 0.0007916331868501741
        }
    ]
}