{
    "seed": 304,
    "angles": [
        6.085558908019576,
        0.5953803804714208,
        2.0638004808120787
    ],
    "data": [
        {
            "epsilon": 0.1,
            "time": 0.013544559478759766,
            "seqstr": "hythxththyththythththxtx",
            "t_count": 9,
            "error": 0.02609966610044169
        },
        {
            "epsilon": 0.01,
            "time": 0.06070137023925781,
            "seqstr": "shthxthththyththththththxthththxthththxthththths",
            "t_count": 20,
            "error": 0.00319855314987772
        },
        {
            "epsilon": 0.001,
            "time": 7.712461471557617,
            "seqstr": "hythxththxththxthththxththththththxthyththththththythththxthz",
            "t_count": 25,
            "error": 0.0009824166190180188
        }
    ]
}