{
    "seed": 488,
    "angles": [
        4.6904759617165945,
        1.2051732508234763,
        2.3254454530208637
    ],
    "data": [
        {
            "epsilon": 0.1,
            "time": 0.013581037521362305,
            "seqstr": "shxthyththythththxthyththty",
            "t_count": 10,
            "error": 0.03593261634217665
        },
        {
            "epsilon": 0.01,
            "time": 0.058666229248046875,
            "seqstr": "hthythththythththythththyththythththththxthyththsz",
            "t_count": 20,
            "error": 0.002864493230040721
        },
        {
            "epsilon": 0.001,
            "time": 20.68542718887329,
            "seqstr": "ythththththxththththththythththxthythththyththythththxthyths",
            "t_count": 25,
            "error": 0.0006229663983148815
        }
    ]
}