{
    "seed": 183,
    "angles": [
        0.7594234103573085,
        2.092939293548305,
        0.4230576130131336
    ],
    "data": [
        {
            "epsilon": 0.1,
            "time": 0.011196613311767578,
            "seqstr": "hythyththththththxthythth",
            "t_count": 10,
            "error": 0.02403555228368809
        },
        {
            "epsilon": 0.01,
            "time": 0.05836629867553711,
            "seqstr": "shththxththxththththththxthythththxtht",
            "t_count": 16,
            "error": 0.004075421571975771
        },
        {
            "epsilon": 0.001,
            "time": 7.596924304962158,
            "seqstr": "ythththththxthyththththxththythththxththxthythththththx",
            "t_count": 23,
            "error": 0.0004869457188041132
        }
    ]
}