{
    "seed": 179,
    "angles": [
        0.8589778334562643,
        1.6463194175318432,
        5.70544878170084
    ],
    "data": [
        {
            "epsilon": 0.1,
            "time": 0.013540267944335938,
            "seqstr": "hythxthythththththxthz",
            "t_count": 8,
            "error": 0.029265833582014202
        },
        {
            "epsilon": 0.01,
            "time": 0.06098175048828125,
            "seqstr": "yththththxthythththyththththththththsx",
            "t_count": 16,
            "error": 0.0035128534882827604
        },
        {
            "epsilon": 0.001,
            "time": 7.651508331298828,
            "seqstr": "shthxthththythththxthyththythththxthythththythththththxthythththyththththsx",
            "t_count": 30,
            "error": 0.0007439134930277685
        }
    ]
}