{
    "seed": 190,
    "angles": [
        1.474066300810298,
        1.6052053846433891,
        2.730256508783574
    ],
    "data": [
        {
            "epsilon": 0.1,
            "time": 0.013674259185791016,
            "seqstr": "ythxthythththyththtz",
            "t_count": 8,
            "error": 0.010755944052670083
        },
        {
            "epsilon": 0.01,
            "time": 0.05840015411376953,
            "seqstr": "shththythththxththxththxththxthththxthyththththxtx",
            "t_count": 20,
            "error": 0.0030775050411903883
        },
        {
            "epsilon": 0.001,
            "time": 23.001027584075928,
            "seqstr": "hthyththththyththyththththxthyththththxthththyththythththxththz",
            "t_count": 26,
            "error": 0.000660794103645599
        }
    ]
}