{
    "seed": 814,
    "angles": [
        3.7578089864509305,
        2.2945842035754818,
        2.789090721293385
    ],
    "data": [
        {
            "epsilon": 0.1,
            "time": 0.011466503143310547,
            "seqstr": "shththththythththtz",
            "t_count": 8,
            "error": 0.04540616819884701
        },
        {
            "epsilon": 0.01,
            "time": 0.05670952796936035,
            "seqstr": "hythththyththththththxthththythththxththyth",
            "t_count": 18,
            "error": 0.0012240397912488938
        },
        {
            "epsilon": 0.001,
            "time": 5.7367284297943115,
            "seqstr": "thxththxthyththyththththxthththththyththththxthyththththx",
            "t_count": 24,
            "error": 0.00039349352273311745
        }
    ]
}