{
    "seed": 734,
    "angles": [
        3.8642936331631312,
        1.5326443237400722,
        0.86276583919636
    ],
    "data": [
        {
            "epsilon": 0.1,
            "time": 0.013902664184570312,
            "seqstr": "hthyththyththyththyththy",
            "t_count": 9,
            "error": 0.04893772804343873
        },
        {
            "epsilon": 0.01,
            "time": 0.06180214881896973,
            "seqstr": "shxththxthythththxththththyththththythththxththyt",
            "t_count": 20,
            "error": 0.0010062170049466828
        },
        {
            "epsilon": 0.001,
            "time": 7.5581440925598145,
            "seqstr": "shththxththythththyththththythththththxththxthththxty",
            "t_count": 22,
            "error": 0.0008585192241708019
        }
    ]
}