{
    "seed": 624,
    "angles": [
        3.1376632485698197,
        0.9615626659111515,
        4.745572741999199
    ],
    "data": [
        {
            "epsilon": 0.1,
            "time": 0.013742923736572266,
            "seqstr": "ythththththxththththyths",
            "t_count": 10,
            "error": 0.043592770259436045
        },
        {
            "epsilon": 0.01,
            "time": 0.06232881546020508,
            "seqstr": "ythyththththxththythththyththyththythththxththyths",
            "t_count": 20,
            "error": 0.002005574169211868
        },
        {
            "epsilon": 0.001,
            "time": 7.57866358757019,
            "seqstr": "hythxththyththththythththththxthththyththththxththxththtz",
            "t_count": 24,
            "error": 0.000710698942584674
        }
    ]
}