{
    "seed": 260,
    "angles": [
        4.091414122022532,
        1.235411255288489,
        4.728615710268058
    ],
    "data": [
        {
            "epsilon": 0.1,
            "time": 0.01365351676940918,
            "seqstr": "ythyththththxththxththtz",
            "t_count": 10,
            "error": 0.027209108859371885
        },
        {
            "epsilon": 0.01,
            "time": 0.05892610549926758,
            "seqstr": "ththththyththythththythththxththxththththx",
            "t_count": 18,
            "error": 0.0024433700351021133
        },
        {
            "epsilon": 0.001,
            "time": 7.719826698303223,
            "seqstr": "hythxththththythththxthththththxthyththythththxthththyththythththththth",
            "t_count": 30,
            "error": 0.0008079524997282732
        }
    ]
}