{
    "seed": 884,
    "angles": [
        2.918358824318952,
        2.0120029624905023,
        4.907999926837096
    ],
    "data": [
        {
            "epsilon": 0.1,
            "time": 0.013969182968139648,
            "seqstr": "shxthyththyththyththz",
            "t_count": 7,
            "error": 0.04808487286788452
        },
        {
            "epsilon": 0.01,
            "time": 0.05666375160217285,
            "seqstr": "shthththththxththyththythththththxththxththythth",
            "t_count": 20,
            "error": 0.0038303317437252153
        },
        {
            "epsilon": 0.001,
            "time": 7.567824125289917,
            "seqstr": "yththyththythththythththththxthythththxthythththxthythththxththythththz",
            "t_count": 29,
            "error": 0.0005356383692888747
        }
    ]
}