{
    "seed": 548,
    "angles": [
        0.7191393482237873,
        1.7278175472528785,
        2.1083453351095827
    ],
    "data": [
        {
            "epsilon": 0.1,
            "time": 0.01376032829284668,
            "seqstr": "hythththththyththths",
            "t_count": 8,
            "error": 0.05236075264992654
        },
        {
            "epsilon": 0.01,
            "time": 0.06111741065979004,
            "seqstr": "hyththyththythththyththththythththythththxthz",
            "t_count": 18,
            "error": 0.0024368666213053516
        },
        {
            "epsilon": 0.001,
            "time": 7.598679542541504,
            "seqstr": "shxththythththxththththththythththxththxththythththxththxthththxth",
            "t_count": 27,
            "error": 0.0008820576481430724
        }
    ]
}