{
    "seed": 425,
    "angles": [
        1.177862006147799,
        1.1556925109832168,
        2.659381197272971
    ],
    "data": [
        {
            "epsilon": 0.1,
            "time": 0.013484477996826172,
            "seqstr": "shthxththyththythththytht",
            "t_count": 10,
            "error": 0.04616902566657433
        },
        {
            "epsilon": 0.01,
            "time": 0.060796499252319336,
            "seqstr": "shththxththxththxthythththxthyththythththxthththy",
            "t_count": 19,
            "error": 0.004356050698473853
        },
        {
            "epsilon": 0.001,
            "time": 7.691782236099243,
            "seqstr": "hthyththththxthththxthththxththxththththythththxththyththththythththxty",
            "t_count": 30,
            "error": 0.00056310606850786
        }
    ]
}