{
    "seed": 466,
    "angles": [
        0.8104492460872548,
        1.3481633910973392,
        3.0120910265152414
    ],
    "data": [
        {
            "epsilon": 0.1,
            "time": 0.011425971984863281,
            "seqstr": "shxththxthththxththxthy",
            "t_count": 8,
            "error": 0.02368098675167653
        },
        {
            "epsilon": 0.01,
            "time": 0.056588172912597656,
            "seqstr": "shththxththththythththxththththythththththtz",
            "t_count": 19,
            "error": 0.0030553813623092354
        },
        {
            "epsilon": 0.001,
            "time": 20.758490800857544,
            "seqstr": "thththyththththythththththxthythththththxththxthyththththththththyth",
            "t_count": 30,
            "error": 0.00024711601098931446
        }
    ]
}