{
    "seed": 513,
    "angles": [
        1.5266421958222267,
        2.5089090293742093,
        4.108808902664402
    ],
    "data": [
        {
            "epsilon": 0.1,
            "time": 0.013697385787963867,
            "seqstr": "shththxthyththththxththz",
            "t_count": 9,
            "error": 0.0097500496635893
        },
        {
            "epsilon": 0.01,
            "time": 0.05997133255004883,
            "seqstr": "yththxthththyththththyththyththythththxththythth",
            "t_count": 20,
            "error": 0.0015414474355965266
        },
        {
            "epsilon": 0.001,
            "time": 7.570282936096191,
            "seqstr": "thxthththththxththyththythththythththxththththxthththty",
            "t_count": 24,
            "error": 0.0005099450300960882
        }
    ]
}