{
    "seed": 182,
    "angles": [
        3.2756807840579594,
        2.24966441436626,
        4.553933259691334
    ],
    "data": [
        {
            "epsilon": 0.1,
            "time": 0.011210203170776367,
            "seqstr": "hthxththxththxthththxththy",
            "t_count": 10,
            "error": 0.02619836712653446
        },
        {
            "epsilon": 0.01,
            "time": 0.0584867000579834,
            "seqstr": "ythththxththththythththxththxthththxththxthythth",
            "t_count": 20,
            "error": 0.0018924059081570333
        },
        {
            "epsilon": 0.001,
            "time": 7.710979223251343,
            "seqstr": "shthyththththxththxthyththththxthyththththxththththxthththxthyththz",
            "t_count": 27,
            "error": 0.0005715125201490864
        }
    ]
}