{
    "seed": 600,
    "angles": [
        0.36382485014165544,
        0.8319617218313198,
        2.867611845065599
    ],
    "data": [
        {
            "epsilon": 0.1,
            "time": 0.01380300521850586,
            "seqstr": "shththxththyththththtx",
            "t_count": 9,
            "error": 0.025718482340519003
        },
        {
            "epsilon": 0.01,
            "time": 0.06136274337768555,
            "seqstr": "shxthyththythththththxththxthththythththththyt",
            "t_count": 19,
            "error": 0.003081495940549845
        },
        {
            "epsilon": 0.001,
            "time": 7.5787787437438965,
            "seqstr": "shxththxthththxthththxththxthththyththyththythththxththsy",
            "t_count": 22,
            "error": 0.00024950090766520086
        }
    ]
}