{
    "seed": 419,
    "angles": [
        4.052184393821024,
        2.3300024214768644,
        0.5097802079713469
    ],
    "data": [
        {
            "epsilon": 0.1,
            "time": 0.013375997543334961,
            "seqstr": "thyththththxththyththsz",
            "t_count": 9,
            "error": 0.020630784677921326
        },
        {
            "epsilon": 0.01,
            "time": 0.059212446212768555,
            "seqstr": "shxththxthyththyththythththththxththythththyththsx",
            "t_count": 19,
            "error": 0.0020061272661455127
        },
        {
            "epsilon": 0.001,
            "time": 22.626728296279907,
            "seqstr": "hythththythththyththyththththyththyththththyththththythththxththxthty",
            "t_count": 29,
            "error": 0.0008728287070787555
        }
    ]
}