{
    "seed": 191,
    "angles": [
        1.0409733742460077,
        1.530873927505358,
        5.50727389423899
    ],
    "data": [
        {
            "epsilon": 0.1,
            "time": 0.013515949249267578,
            "seqstr": "ththyththththythththth",
            "t_count": 10,
            "error": 0.019888657891996665
        },
        {
            "epsilon": 0.01,
            "time": 0.06080126762390137,
            "seqstr": "ththththththyththythththyththyththythththsy",
            "t_count": 18,
            "error": 0.004129758401115679
        },
        {
            "epsilon": 0.001,
            "time": 15.24664568901062,
            "seqstr": "ththththththxthththxththythththxthyththyththththththyththythththyt",
            "t_count": 29,
            "error": 0.0005722424316241025
        }
    ]
}