{
    "seed": 739,
    "angles": [
        4.7714288805018885,
        2.555305209484405,
        3.686210284325658
    ],
    "data": [
        {
            "epsilon": 0.1,
            "time": 0.013884782791137695,
            "seqstr": "shththxthththxthythththty",
            "t_count": 10,
            "error": 0.038512394780685
        },
        {
            "epsilon": 0.01,
            "time": 0.06178641319274902,
            "seqstr": "hthxthyththththxthythththththythththxthththxtht",
            "t_count": 20,
            "error": 0.0018840761655957551
        },
        {
            "epsilon": 0.001,
            "time": 7.7015016078948975,
            "seqstr": "hythththyththththyththththxthyththyththththxththyththty",
            "t_count": 23,
            "error": 0.0008266821043948336
        }
    ]
}