{
    "seed": 208,
    "angles": [
        6.222396088051667,
        2.341648654369693,
        0.8319918909069406
    ],
    "data": [
        {
            "epsilon": 0.1,
            "time": 0.013701915740966797,
            "seqstr": "shythththxthyththyththyths",
            "t_count": 9,
            "error": 0.03645008537584498
        },
        {
            "epsilon": 0.01,
            "time": 0.06105327606201172,
            "seqstr": "yththythththththxthyththththythththxththyththyth",
            "t_count": 20,
            "error": 0.002225344942321259
        },
        {
            "epsilon": 0.001,
            "time": 36.16825842857361,
            "seqstr": "hthxththythththythththxththxthythththththththxthyththyththyththththththsz",
            "t_count": 30,
            "error": 0.0009559822490947051
        }
    ]
}