{
    "seed": 337,
    "angles": [
        3.5339547723679434,
        0.19790165766699835,
        4.968967312261055
    ],
    "data": [
        {
            "epsilon": 0.1,
            "time": 0.013858556747436523,
            "seqstr": "hthxthythththththxthyths",
            "t_count": 9,
            "error": 0.01224146472879938
        },
        {
            "epsilon": 0.01,
            "time": 0.060930728912353516,
            "seqstr": "shthythththththththythththythththythththxththxthsz",
            "t_count": 20,
            "error": 0.002710866080495507
        },
        {
            "epsilon": 0.001,
            "time": 7.796977281570435,
            "seqstr": "hythxththththyththyththyththththxththththxthyththththxthsz",
            "t_count": 23,
            "error": 0.0009884258817768052
        }
    ]
}