{
    "seed": 234,
    "angles": [
        0.37114491636148905,
        2.494632203306754,
        1.7486651286600026
    ],
    "data": [
        {
            "epsilon": 0.1,
            "time": 0.013661623001098633,
            "seqstr": "shxthththxthththxththyththsz",
            "t_count": 10,
            "error": 0.022419580268764835
        },
        {
            "epsilon": 0.01,
            "time": 0.06142926216125488,
            "seqstr": "shyththythththyththththththxthyththththxththythtx",
            "t_count": 20,
            "error": 0.0027236634427678557
        },
        {
            "epsilon": 0.001,
            "time": 23.13346219062805,
            "seqstr": "hythythththxththythththxththythththxthththythththththththththththx",
            "t_count": 28,
            "error": 0.0005453240468594054
        }
    ]
}