{
    "seed": 309,
    "angles": [
        0.7706506241850883,
        0.44516682388096007,
        4.831663375234053
    ],
    "data": [
        {
            "epsilon": 0.1,
            "time": 0.013015031814575195,
            "seqstr": "thththxthythththxthty",
            "t_count": 9,
            "error": 0.023476606298265035
        },
        {
            "epsilon": 0.01,
            "time": 0.0583951473236084,
            "seqstr": "ythththxthththththththythththyththththxthtz",
            "t_count": 19,
            "error": 0.004096633463995136
        },
        {
            "epsilon": 0.001,
            "time": 7.5132153034210205,
            "seqstr": "ythythththyththththththxthyththythththxththxthththxthty",
            "t_count": 23,
            "error": 0.0008706279674200715
        }
    ]
}