{
    "seed": 302,
    "angles": [
        5.810692167004046,
        2.8283471983126893,
        5.085022734518093
    ],
    "data": [
        {
            "epsilon": 0.1,
            "time": 0.013538837432861328,
            "seqstr": "hythxthththxthththxthz",
            "t_count": 8,
            "error": 0.033972763672587794
        },
        {
            "epsilon": 0.01,
            "time": 0.06084585189819336,
            "seqstr": "shxthythththxthythththththththyththyththythththxthsz",
            "t_count": 20,
            "error": 0.002787824397029825
        },
        {
            "epsilon": 0.001,
            "time": 7.743108749389648,
            "seqstr": "shthththxththyththththxthythththxththththyththththththyththyththyththtx",
            "t_count": 30,
            "error": 0.0008051300372258189
        }
    ]
}