{
    "seed": 652,
    "angles": [
        0.4406436167557928,
        1.1597746457468094,
        5.324499422224822
    ],
    "data": [
        {
            "epsilon": 0.1,
            "time": 0.014075279235839844,
            "seqstr": "ythththxththththths",
            "t_count": 8,
            "error": 0.03056082816128505
        },
        {
            "epsilon": 0.01,
            "time": 0.05759119987487793,
            "seqstr": "shthxththyththththxththxthththththyththththxths",
            "t_count": 19,
            "error": 0.003850685886964057
        },
        {
            "epsilon": 0.001,
            "time": 22.854274034500122,
            "seqstr": "hththyththththxththththyththythththxththxththxthththxthththxthyththsx",
            "t_count": 28,
            "error": 0.0007027888511315878
        }
    ]
}