{
    "seed": 516,
    "angles": [
        2.753661132810267,
        0.3513260983955103,
        3.0633002300213885
    ],
    "data": [
        {
            "epsilon": 0.1,
            "time": 0.01394963264465332,
            "seqstr": "hythththxththththththxth",
            "t_count": 10,
            "error": 0.007007430025315391
        },
        {
            "epsilon": 0.01,
            "time": 0.05847024917602539,
            "seqstr": "ythxthththythththththththththxththxthththththsz",
            "t_count": 20,
            "error": 0.0025767083234762293
        },
        {
            "epsilon": 0.001,
            "time": 7.567953824996948,
            "seqstr": "hythyththythththxththyththyththththxththythththythththythththxthththsy",
            "t_count": 28,
            "error": 0.0008411469126381021
        }
    ]
}