{
    "seed": 605,
    "angles": [
        4.1855256322759375,
        1.3725841365325344,
        6.208855525870696
    ],
    "data": [
        {
            "epsilon": 0.1,
            "time": 0.011603355407714844,
            "seqstr": "ythythththxthththxthththsz",
            "t_count": 10,
            "error": 0.03969164702745547
        },
        {
            "epsilon": 0.01,
            "time": 0.0587923526763916,
            "seqstr": "thxththxththththythththythththxthththxthththxthsz",
            "t_count": 20,
            "error": 0.003538159360421244
        },
        {
            "epsilon": 0.001,
            "time": 7.571336984634399,
            "seqstr": "hyththththxthththyththththththyththththththyththyththththxththyththyth",
            "t_count": 30,
            "error": 0.0009267208795652067
        }
    ]
}