{
    "seed": 699,
    "angles": [
        1.401854912781281,
        1.321575911524681,
        4.944811798414717
    ],
    "data": [
        {
            "epsilon": 0.1,
            "time": 0.01382136344909668,
            "seqstr": "hthxththyththyththththt",
            "t_count": 10,
            "error": 0.025724470531027697
        },
        {
            "epsilon": 0.01,
            "time": 0.06129741668701172,
            "seqstr": "shthyththththththththththxththxthythththxthytht",
            "t_count": 20,
            "error": 0.001738474412803322
        },
        {
            "epsilon": 0.001,
            "time": 7.686497926712036,
            "seqstr": "hyththxthythththxthyththythththxththththyththththxththythththythththsy",
            "t_count": 28,
            "error": 0.0007278171133963186
        }
    ]
}