{
    "seed": 463,
    "angles": [
        3.6966966372391123,
        2.06703338554601,
        3.2665475914570186
    ],
    "data": [
        {
            "epsilon": 0.1,
            "time": 0.013640880584716797,
            "seqstr": "hthxththxthyththyththy",
            "t_count": 8,
            "error": 0.030455681995685692
        },
        {
            "epsilon": 0.01,
            "time": 0.05892610549926758,
            "seqstr": "shthxththxththththxththththyththththththxththz",
            "t_count": 19,
            "error": 0.001284729760518544
        },
        {
            "epsilon": 0.001,
            "time": 22.85398769378662,
            "seqstr": "shxththxththxththyththththththythththththxthththththxththths",
            "t_count": 25,
            "error": 0.0006831614943694867
        }
    ]
}