{
    "seed": 589,
    "angles": [
        6.107879954416645,
        0.5668009263452946,
        2.5800220064414106
    ],
    "data": [
        {
            "epsilon": 0.1,
            "time": 0.013512849807739258,
            "seqstr": "hythxthththththxthththsx",
            "t_count": 9,
            "error": 0.0226328658567501
        },
        {
            "epsilon": 0.01,
            "time": 0.06120944023132324,
            "seqstr": "thyththththththxthththththyththty",
            "t_count": 15,
            "error": 0.0015789123302327372
        },
        {
            "epsilon": 0.001,
            "time": 15.238905668258667,
            "seqstr": "hythxthththyththththxthythththxthyththyththythththythththythththxththsx",
            "t_count": 28,
            "error": 0.00036540447336819154
        }
    ]
}