{
    "seed": 672,
    "angles": [
        4.6327106358090395,
        1.7985431057381152,
        6.2221466271425445
    ],
    "data": [
        {
            "epsilon": 0.1,
            "time": 0.014182806015014648,
            "seqstr": "ythyththththxthththt",
            "t_count": 9,
            "error": 0.012325375505864754
        },
        {
            "epsilon": 0.01,
            "time": 0.06011676788330078,
            "seqstr": "hythththxthththxththxthyththythththxththxththythth",
            "t_count": 20,
            "error": 0.002749870489636841
        },
        {
            "epsilon": 0.001,
            "time": 22.981451749801636,
            "seqstr": "thxthyththththythththxthththyththythththythththythththsz",
            "t_count": 23,
            "error": 0.0009337056535796414
        }
    ]
}