{
    "seed": 712,
    "angles": [
        0.49677690040184963,
        0.3440552693796822,
        4.150923552256
    ],
    "data": [
        {
            "epsilon": 0.1,
            "time": 0.013941287994384766,
            "seqstr": "thythththythththxththxty",
            "t_count": 10,
            "error": 0.03579675264114515
        },
        {
            "epsilon": 0.01,
            "time": 0.061051130294799805,
            "seqstr": "thththythththththththxththyththyththththty",
            "t_count": 19,
            "error": 0.001843958531527633
        },
        {
            "epsilon": 0.001,
            "time": 22.807544231414795,
            "seqstr": "hythxthythththththyththththththxthythththythththxthyththyththththxtht",
            "t_count": 29,
            "error": 0.00024882607565830173
        }
    ]
}