{
    "seed": 94,
    "angles": [
        3.796386638693283,
        1.357194192330521,
        1.2173494261116158
    ],
    "data": [
        {
            "epsilon": 0.1,
            "time": 0.010955095291137695,
            "seqstr": "hthththxththythththxthtx",
            "t_count": 10,
            "error": 0.03841490303906613
        },
        {
            "epsilon": 0.01,
            "time": 0.057828426361083984,
            "seqstr": "yththyththththxthythththythththxththxthththththsy",
            "t_count": 20,
            "error": 0.0030028396254241914
        },
        {
            "epsilon": 0.001,
            "time": 15.208115100860596,
            "seqstr": "thxththxththththxthythththythththththythththxththxththththxthyththyt",
            "t_count": 29,
            "error": 0.0006882384399906132
        }
    ]
}