{
    "seed": 546,
    "angles": [
        2.540541615179169,
        2.023168726592595,
        5.344695065599117
    ],
    "data": [
        {
            "epsilon": 0.1,
            "time": 0.013932943344116211,
            "seqstr": "thththyththyththytht",
            "t_count": 9,
            "error": 0.01883021490563997
        },
        {
            "epsilon": 0.01,
            "time": 0.05823159217834473,
            "seqstr": "yththyththyththththxthythththxththththty",
            "t_count": 17,
            "error": 0.0030123204586572855
        },
        {
            "epsilon": 0.001,
            "time": 7.672504425048828,
            "seqstr": "ththythththythththththyththythththxththxththythththythththyththsz",
            "t_count": 27,
            "error": 0.0007289099350073062
        }
    ]
}