{
    "seed": 15,
    "angles": [
        3.760042363294959,
        1.552231512567968,
        1.4871705412200962
    ],
    "data": [
        {
            "epsilon": 0.1,
            "time": 0.010879755020141602,
            "seqstr": "shxthththyththththththsz",
            "t_count": 9,
            "error": 0.0326184555215382
        },
        {
            "epsilon": 0.01,
            "time": 0.05858016014099121,
            "seqstr": "shthxththythththyththythththxththxththxththxththyth",
            "t_count": 20,
            "error": 0.0026753510348165393
        },
        {
            "epsilon": 0.001,
            "time": 7.689650535583496,
            "seqstr": "hyththththythththxththxththyththththxthththythththththytht",
            "t_count": 25,
            "error": 0.000605902485395944
        }
    ]
}