{
    "seed": 784,
    "angles": [
        2.4097933927305792,
        1.0433589436117483,
        3.1091649201873803
    ],
    "data": [
        {
            "epsilon": 0.1,
            "time": 0.014255046844482422,
            "seqstr": "shxththththyththththxththx",
            "t_count": 10,
            "error": 0.03652225819084915
        },
        {
            "epsilon": 0.01,
            "time": 0.056868791580200195,
            "seqstr": "shthxththththththththxththththththxthththxthz",
            "t_count": 19,
            "error": 0.003610300268800108
        },
        {
            "epsilon": 0.001,
            "time": 15.113133668899536,
            "seqstr": "shthythththyththththythththxththththxththxthththxthththythththsy",
            "t_count": 26,
            "error": 0.000817085656258804
        }
    ]
}