{
    "seed": 160,
    "angles": [
        0.42795816397074127,
        1.865724473698695,
        3.1333570512994973
    ],
    "data": [
        {
            "epsilon": 0.1,
            "time": 0.013962268829345703,
            "seqstr": "shthxththththththxththth",
            "t_count": 10,
            "error": 0.02783145423696693
        },
        {
            "epsilon": 0.01,
            "time": 0.05857133865356445,
            "seqstr": "shththythththythththxthythththxththxthythththt",
            "t_count": 19,
            "error": 0.0037316922814170117
        },
        {
            "epsilon": 0.001,
            "time": 7.772881746292114,
            "seqstr": "ththththyththththththxththyththththththxthththxthth",
            "t_count": 23,
            "error": 0.0007482771953853834
        }
    ]
}