{
    "seed": 165,
    "angles": [
        5.716411344521564,
        1.3859917161758557,
        4.150805556636897
    ],
    "data": [
        {
            "epsilon": 0.1,
            "time": 0.013593196868896484,
            "seqstr": "hythxthththxthyththyththtx",
            "t_count": 10,
            "error": 0.02768444615320499
        },
        {
            "epsilon": 0.01,
            "time": 0.05900907516479492,
            "seqstr": "hythyththththxthththyththththyththyththththththy",
            "t_count": 20,
            "error": 0.002760624657099546
        },
        {
            "epsilon": 0.001,
            "time": 15.39923095703125,
            "seqstr": "shthxththxthythththxthththyththththxthththxthyththththyththythth",
            "t_count": 26,
            "error": 0.0008816983499096562
        }
    ]
}