{
    "seed": 44,
    "angles": [
        0.19318783029924846,
        0.5842595120493204,
        4.755018853830318
    ],
    "data": [
        {
            "epsilon": 0.1,
            "time": 0.013428211212158203,
            "seqstr": "yththxththxthththyththyths",
            "t_count": 10,
            "error": 0.0318992380048641
        },
        {
            "epsilon": 0.01,
            "time": 0.058817148208618164,
            "seqstr": "hthythththythththythththxthththxthththxththy",
            "t_count": 18,
            "error": 0.001328611426791517
        },
        {
            "epsilon": 0.001,
            "time": 7.794851064682007,
            "seqstr": "thxthththththththxthththxthththxthyththyththyththththxthythtx",
            "t_count": 26,
            "error": 0.0009168286163316493
        }
    ]
}