{
    "seed": 435,
    "angles": [
        3.195088363111916,
        3.01235882031791,
        4.9666981223137645
    ],
    "data": [
        {
            "epsilon": 0.1,
            "time": 0.013517141342163086,
            "seqstr": "shthythththththythththty",
            "t_count": 10,
            "error": 0.013180943056398988
        },
        {
            "epsilon": 0.01,
            "time": 0.060727596282958984,
            "seqstr": "yththythththxthththythththxthythththxththxththyths",
            "t_count": 20,
            "error": 0.002470093330680396
        },
        {
            "epsilon": 0.001,
            "time": 7.58043909072876,
            "seqstr": "shxthythththyththythththyththythththxthththxthththththxththxththxththy",
            "t_count": 28,
            "error": 0.000625913437840191
        }
    ]
}