{
    "seed": 525,
    "angles": [
        5.625279510355919,
        0.573752983157842,
        0.8394915398563478
    ],
    "data": [
        {
            "epsilon": 0.1,
            "time": 0.013813257217407227,
            "seqstr": "ththxthyththththyththty",
            "t_count": 10,
            "error": 0.01749807052647288
        },
        {
            "epsilon": 0.01,
            "time": 0.06100654602050781,
            "seqstr": "hythxththythththyththyththyththythththythththththsz",
            "t_count": 20,
            "error": 0.0013516534081399166
        },
        {
            "epsilon": 0.001,
            "time": 7.593154191970825,
            "seqstr": "hythxthththththththxthththythththxthyththyththythththxththz",
            "t_count": 24,
            "error": 0.0006497598837444466
        }
    ]
}