{
    "seed": 438,
    "angles": [
        0.2523074493095363,
        1.2306711341812924,
        3.13467378145984
    ],
    "data": [
        {
            "epsilon": 0.1,
            "time": 0.0135345458984375,
            "seqstr": "shyththththythththxththty",
            "t_count": 10,
            "error": 0.021890162218021623
        },
        {
            "epsilon": 0.01,
            "time": 0.061223745346069336,
            "seqstr": "shyththththxthythththxththyththyththythththythtx",
            "t_count": 19,
            "error": 0.003967731153665013
        },
        {
            "epsilon": 0.001,
            "time": 7.543737411499023,
            "seqstr": "shythththxththythththxthththxththythththxthyththyththththththththxth",
            "t_count": 28,
            "error": 0.0003817471696927714
        }
    ]
}