{
    "seed": 275,
    "angles": [
        3.7048075590288043,
        1.6456723325509603,
        4.237206677974363
    ],
    "data": [
        {
            "epsilon": 0.1,
            "time": 0.013916730880737305,
            "seqstr": "ththxthyththyththth",
            "t_count": 8,
            "error": 0.03372746020004072
        },
        {
            "epsilon": 0.01,
            "time": 0.05855679512023926,
            "seqstr": "shxthythththxththththththththxthythththththxthyt",
            "t_count": 20,
            "error": 0.0034414642401256195
        },
        {
            "epsilon": 0.001,
            "time": 15.107308387756348,
            "seqstr": "ythxthythththxththxththththxthththythththxththththythththtz",
            "t_count": 25,
            "error": 0.0006790548497834298
        }
    ]
}