{
    "seed": 711,
    "angles": [
        4.95886209448606,
        1.8890622033041702,
        1.913539816386205
    ],
    "data": [
        {
            "epsilon": 0.1,
            "time": 0.013778924942016602,
            "seqstr": "hythxththyththyththththt",
            "t_count": 10,
            "error": 0.04305363171414518
        },
        {
            "epsilon": 0.01,
            "time": 0.06112337112426758,
            "seqstr": "thyththyththyththythththththththththththxththsy",
            "t_count": 20,
            "error": 0.0018662141591552063
        },
        {
            "epsilon": 0.001,
            "time": 22.864075660705566,
            "seqstr": "thythththythththththththxthththththththythththxthythththxthththththsy",
            "t_count": 30,
            "error": 0.0008893581653988661
        }
    ]
}