{
    "seed": 822,
    "angles": [
        2.144995139604413,
        1.2053956099802885,
        2.4436275737684134
    ],
    "data": [
        {
            "epsilon": 0.1,
            "time": 0.013870716094970703,
            "seqstr": "ththythththxththyththths",
            "t_count": 10,
            "error": 0.01165198561515834
        },
        {
            "epsilon": 0.01,
            "time": 0.061315059661865234,
            "seqstr": "shxththxthyththythththxthththxthythththththythththsz",
            "t_count": 20,
            "error": 0.0023969027351290794
        },
        {
            "epsilon": 0.001,
            "time": 7.561447381973267,
            "seqstr": "shxththththththxththythththxththxthththyththyththththxththththythththtz",
            "t_count": 30,
            "error": 0.0002416540749222578
        }
    ]
}