{
    "seed": 333,
    "angles": [
        2.7439585174183616,
        1.4088472236179492,
        6.269286582354799
    ],
    "data": [
        {
            "epsilon": 0.1,
            "time": 0.013657331466674805,
            "seqstr": "thxthythththxththxththty",
            "t_count": 10,
            "error": 0.024050511353891652
        },
        {
            "epsilon": 0.01,
            "time": 0.06087756156921387,
            "seqstr": "thxthythththxthyththththyththyththyththththtx",
            "t_count": 19,
            "error": 0.0023232866242874654
        },
        {
            "epsilon": 0.001,
            "time": 38.21753644943237,
            "seqstr": "thxththythththxththththththxthyththththxthythththyththththththxth",
            "t_count": 28,
            "error": 0.0002539311012907918
        }
    ]
}