{
    "seed": 119,
    "angles": [
        0.9886463152094613,
        1.882119360782907,
        5.127842978136093
    ],
    "data": [
        {
            "epsilon": 0.1,
            "time": 0.013708829879760742,
            "seqstr": "shthxthyththththxthyththz",
            "t_count": 9,
            "error": 0.030629761852680917
        },
        {
            "epsilon": 0.01,
            "time": 0.06116938591003418,
            "seqstr": "hyththththxththxththythththxththxththyththththxtx",
            "t_count": 20,
            "error": 0.004769706015251251
        },
        {
            "epsilon": 0.001,
            "time": 7.628343820571899,
            "seqstr": "thththyththththxthythththythththththythththththththxthtx",
            "t_count": 25,
            "error": 0.0006989459321071902
        }
    ]
}