{
    "seed": 368,
    "angles": [
        3.38859701868928,
        2.3518197317113168,
        1.3654762086585341
    ],
    "data": [
        {
            "epsilon": 0.1,
            "time": 0.013938188552856445,
            "seqstr": "shxththythththxththxths",
            "t_count": 8,
            "error": 0.019574198306039077
        },
        {
            "epsilon": 0.01,
            "time": 0.05657029151916504,
            "seqstr": "shthythththyththththththxthththththythththx",
            "t_count": 18,
            "error": 0.00390551019386353
        },
        {
            "epsilon": 0.001,
            "time": 7.581883192062378,
            "seqstr": "thththxththyththyththththththxthyththythththxthththxththxththxththths",
            "t_count": 29,
            "error": 0.0008136101719733694
        }
    ]
}