{
    "seed": 238,
    "angles": [
        3.084912395328357,
        1.124581110142009,
        5.604330846434296
    ],
    "data": [
        {
            "epsilon": 0.1,
            "time": 0.01422882080078125,
            "seqstr": "shxthththxththyththythty",
            "t_count": 9,
            "error": 0.02594497627046842
        },
        {
            "epsilon": 0.01,
            "time": 0.05635666847229004,
            "seqstr": "shththththythththththththythththyththyththtz",
            "t_count": 19,
            "error": 0.0024829244969109565
        },
        {
            "epsilon": 0.001,
            "time": 15.270658493041992,
            "seqstr": "ththththththythththththththythththththththththtz",
            "t_count": 23,
            "error": 0.0005037688319363548
        }
    ]
}