{
    "seed": 559,
    "angles": [
        3.455691826507807,
        1.0954866922097712,
        3.14588768251532
    ],
    "data": [
        {
            "epsilon": 0.1,
            "time": 0.01365351676940918,
            "seqstr": "yththxththththththyththsx",
            "t_count": 10,
            "error": 0.030226158356759576
        },
        {
            "epsilon": 0.01,
            "time": 0.0589451789855957,
            "seqstr": "hthxththythththxthyththythththythththyththths",
            "t_count": 18,
            "error": 0.004153323856938832
        },
        {
            "epsilon": 0.001,
            "time": 7.58514142036438,
            "seqstr": "hthxththxththxththththyththythththythththxthyththththxththz",
            "t_count": 24,
            "error": 0.0005481107062143939
        }
    ]
}