{
    "seed": 285,
    "angles": [
        6.1070859821904975,
        2.448064107054122,
        3.5718587510722575
    ],
    "data": [
        {
            "epsilon": 0.1,
            "time": 0.013534784317016602,
            "seqstr": "hththyththythththththyth",
            "t_count": 10,
            "error": 0.03120726767053475
        },
        {
            "epsilon": 0.01,
            "time": 0.060677289962768555,
            "seqstr": "shxthththxthythththththyththyththththxththththxthsz",
            "t_count": 20,
            "error": 0.001689509948557169
        },
        {
            "epsilon": 0.001,
            "time": 7.634875297546387,
            "seqstr": "hthththththththxththththxththxthyththththththxththxththsx",
            "t_count": 24,
            "error": 0.0009040592552194429
        }
    ]
}