{
    "seed": 239,
    "angles": [
        3.5201013715151763,
        2.911897740698445,
        1.0259436289845771
    ],
    "data": [
        {
            "epsilon": 0.1,
            "time": 0.013536691665649414,
            "seqstr": "shyththyththththxththytht",
            "t_count": 10,
            "error": 0.007198417518454256
        },
        {
            "epsilon": 0.01,
            "time": 0.06072282791137695,
            "seqstr": "thxththythththyththththxthyththyththththtz",
            "t_count": 18,
            "error": 0.0019758510949047696
        },
        {
            "epsilon": 0.001,
            "time": 7.623248100280762,
            "seqstr": "hthxthththxthythththththxththxthythththththythththyththththththxthy",
            "t_count": 28,
            "error": 0.0007059096270359041
        }
    ]
}