{
    "seed": 909,
    "angles": [
        3.052395005322121,
        1.8063744103649366,
        4.733274896144246
    ],
    "data": [
        {
            "epsilon": 0.1,
            "time": 0.011871576309204102,
            "seqstr": "shthyththththxthththxth",
            "t_count": 9,
            "error": 0.02248582530409864
        },
        {
            "epsilon": 0.01,
            "time": 0.05879831314086914,
            "seqstr": "shthxthyththythththyththyththythththththythth",
            "t_count": 18,
            "error": 0.0016761982853710786
        },
        {
            "epsilon": 0.001,
            "time": 7.591031789779663,
            "seqstr": "hthxththythththxthththththththxththxthththththththxthythththyththththsx",
            "t_count": 30,
            "error": 0.0007222077573195752
        }
    ]
}