{
    "seed": 831,
    "angles": [
        4.064261930749864,
        0.4061981059437756,
        4.956321611059279
    ],
    "data": [
        {
            "epsilon": 0.1,
            "time": 0.0139312744140625,
            "seqstr": "hthththyththththyththyth",
            "t_count": 10,
            "error": 0.021508936112648567
        },
        {
            "epsilon": 0.01,
            "time": 0.05878400802612305,
            "seqstr": "shthxthyththththythththxthththththththththxthth",
            "t_count": 20,
            "error": 0.002352135801984475
        },
        {
            "epsilon": 0.001,
            "time": 7.5739665031433105,
            "seqstr": "hyththxththxththththythththxththythththxththxththythththy",
            "t_count": 23,
            "error": 0.0009812566439946933
        }
    ]
}