{
    "seed": 147,
    "angles": [
        5.9668534874159675,
        0.9600958991598632,
        0.10514881616181881
    ],
    "data": [
        {
            "epsilon": 0.1,
            "time": 0.013756036758422852,
            "seqstr": "hththxthyththththxththths",
            "t_count": 10,
            "error": 0.030516259490520153
        },
        {
            "epsilon": 0.01,
            "time": 0.058469295501708984,
            "seqstr": "shthxthththxththxthththyththththththxthyththsx",
            "t_count": 18,
            "error": 0.0022715591920809694
        },
        {
            "epsilon": 0.001,
            "time": 22.983256101608276,
            "seqstr": "hthththxthththxththyththththththththythththxththxthythththththxthsz",
            "t_count": 28,
            "error": 0.0009546466511836799
        }
    ]
}