{
    "seed": 772,
    "angles": [
        3.4631557768377297,
        1.7132687976529506,
        0.6440717884032665
    ],
    "data": [
        {
            "epsilon": 0.1,
            "time": 0.011962652206420898,
            "seqstr": "ythythththyththyththyt",
            "t_count": 9,
            "error": 0.04562780029510946
        },
        {
            "epsilon": 0.01,
            "time": 0.05698370933532715,
            "seqstr": "hythxththththxthththxthythththththththththththx",
            "t_count": 20,
            "error": 0.003692051839108412
        },
        {
            "epsilon": 0.001,
            "time": 7.599301338195801,
            "seqstr": "ythththxthythththxththththxthyththythththxththxththxthyththththytht",
            "t_count": 28,
            "error": 0.0009580191699394623
        }
    ]
}