{
    "seed": 460,
    "angles": [
        6.1907655449167684,
        0.3778297318943262,
        5.936103176785236
    ],
    "data": [
        {
            "epsilon": 0.1,
            "time": 0.011411666870117188,
            "seqstr": "hythythththththththxththx",
            "t_count": 10,
            "error": 0.017514944775178964
        },
        {
            "epsilon": 0.01,
            "time": 0.05897045135498047,
            "seqstr": "shthythththxththythththxthythththththyththththxthsz",
            "t_count": 20,
            "error": 0.0009176341651120571
        },
        {
            "epsilon": 0.001,
            "time": 7.626145601272583,
            "seqstr": "shthythththxththythththxthythththththyththththxthsz",
            "t_count": 20,
            "error": 0.000917634166200945
        }
    ]
}