{
    "seed": 943,
    "angles": [
        0.7349079639285243,
        1.5764264122397669,
        4.1860889456597565
    ],
    "data": [
        {
            "epsilon": 0.1,
            "time": 0.011933326721191406,
            "seqstr": "hyththththyththththytht",
            "t_count": 10,
            "error": 0.02702741129850649
        },
        {
            "epsilon": 0.01,
            "time": 0.057348012924194336,
            "seqstr": "shxthththththxththxththythththxthththxththxththtz",
            "t_count": 20,
            "error": 0.00277781710608886
        },
        {
            "epsilon": 0.001,
            "time": 61.19285702705383,
            "seqstr": "shthththxthythththththxthyththththyththyththththththththxthths",
            "t_count": 26,
            "error": 0.0007832144935790938
        }
    ]
}