{
    "seed": 332,
    "angles": [
        1.5806821041904975,
        2.776907361435785,
        1.943728434376074
    ],
    "data": [
        {
            "epsilon": 0.1,
            "time": 0.014066457748413086,
            "seqstr": "hythyththththththxththty",
            "t_count": 10,
            "error": 0.04349920792982231
        },
        {
            "epsilon": 0.01,
            "time": 0.05830669403076172,
            "seqstr": "ththxththxththythththxththythththythththxthththsy",
            "t_count": 20,
            "error": 0.00582551456625505
        },
        {
            "epsilon": 0.001,
            "time": 36.07637596130371,
            "seqstr": "shxthyththththythththyththththxthththththththththxthththththxthyths",
            "t_count": 28,
            "error": 0.0005483453201767071
        }
    ]
}