{
    "seed": 387,
    "angles": [
        5.567314555399674,
        0.5914129181762348,
        0.055716142797425317
    ],
    "data": [
        {
            "epsilon": 0.1,
            "time": 0.013941287994384766,
            "seqstr": "ththxthththththyththt",
            "t_count": 10,
            "error": 0.014580639490643789
        },
        {
            "epsilon": 0.01,
            "time": 0.05625271797180176,
            "seqstr": "ythythththththythththxththththyththythththxthty",
            "t_count": 20,
            "error": 0.0031608268276032488
        },
        {
            "epsilon": 0.001,
            "time": 73.78933644294739,
            "seqstr": "ythxththxthythththththythththxththththxthththxththxththxththths",
            "t_count": 26,
            "error": 0.0007918154875936359
        }
    ]
}