{
    "seed": 392,
    "angles": [
        1.1116627209447687,
        1.2673953962194935,
        4.075780963736653
    ],
    "data": [
        {
            "epsilon": 0.1,
            "time": 0.01157689094543457,
            "seqstr": "shxththxththxthththththz",
            "t_count": 9,
            "error": 0.02218253704173037
        },
        {
            "epsilon": 0.01,
            "time": 0.05899238586425781,
            "seqstr": "thxthththythththxththxthththythththyththththtz",
            "t_count": 20,
            "error": 0.0035556776896738104
        },
        {
            "epsilon": 0.001,
            "time": 7.677553653717041,
            "seqstr": "ththxthyththththyththththxthththxthythththythththththxththsx",
            "t_count": 25,
            "error": 0.0009461316449677638
        }
    ]
}