{
    "seed": 90,
    "angles": [
        3.3746937245984743,
        1.5258650007324492,
        4.398438072784426
    ],
    "data": [
        {
            "epsilon": 0.1,
            "time": 0.013490438461303711,
            "seqstr": "shxththththxthythththsy",
            "t_count": 8,
            "error": 0.018284001886305364
        },
        {
            "epsilon": 0.01,
            "time": 0.05861854553222656,
            "seqstr": "shythththxththxththxthththyththththyththythty",
            "t_count": 18,
            "error": 0.003032530227047651
        },
        {
            "epsilon": 0.001,
            "time": 22.905258655548096,
            "seqstr": "hyththxthththxththxthythththxththxththyththththxthththxththxththxthyths",
            "t_count": 28,
            "error": 0.0009642134588584742
        }
    ]
}