{
    "seed": 107,
    "angles": [
        1.2489780718341201,
        0.7312436570833639,
        0.519586192049156
    ],
    "data": [
        {
            "epsilon": 0.1,
            "time": 0.013381719589233398,
            "seqstr": "hthththythththyththththz",
            "t_count": 10,
            "error": 0.027878296402659018
        },
        {
            "epsilon": 0.01,
            "time": 0.06059694290161133,
            "seqstr": "ythxththxththththxththththxthythththxththththxthz",
            "t_count": 20,
            "error": 0.0025950282164020596
        },
        {
            "epsilon": 0.001,
            "time": 7.611646890640259,
            "seqstr": "shthxththththththththxthythththxththxththythththththythth",
            "t_count": 24,
            "error": 7.58230575492057e-05
        }
    ]
}