{
    "seed": 923,
    "angles": [
        4.166088091161946,
        1.3523315751055334,
        1.882668300392453
    ],
    "data": [
        {
            "epsilon": 0.1,
            "time": 0.011880874633789062,
            "seqstr": "shththththxthyththyththy",
            "t_count": 9,
            "error": 0.02705059187481885
        },
        {
            "epsilon": 0.01,
            "time": 0.05944561958312988,
            "seqstr": "shyththththxthththythththyththythththythththxthyt",
            "t_count": 20,
            "error": 0.003135003637891937
        },
        {
            "epsilon": 0.001,
            "time": 38.14277172088623,
            "seqstr": "hythyththythththyththyththththththxththxthththxththxththxththxthsx",
            "t_count": 26,
            "error": 0.0007149752915204532
        }
    ]
}