{
    "seed": 729,
    "angles": [
        4.325409589131592,
        2.4754140658277892,
        2.337306299660016
    ],
    "data": [
        {
            "epsilon": 0.1,
            "time": 0.01356053352355957,
            "seqstr": "shyththythththx",
            "t_count": 5,
            "error": 0.009078153337125363
        },
        {
            "epsilon": 0.01,
            "time": 0.060707807540893555,
            "seqstr": "thxththxththyththththxthyththyththythththxthths",
            "t_count": 19,
            "error": 0.0008762661046724686
        },
        {
            "epsilon": 0.001,
            "time": 7.550793409347534,
            "seqstr": "shythththyththythththxththyththththththxththxththxththyththty",
            "t_count": 25,
            "error": 0.0006535798662010943
        }
    ]
}