{
    "seed": 78,
    "angles": [
        2.2592771965156544,
        0.7471777840220999,
        4.322689210646592
    ],
    "data": [
        {
            "epsilon": 0.1,
            "time": 0.013438701629638672,
            "seqstr": "yththythththythththythth",
            "t_count": 10,
            "error": 0.034745824816716855
        },
        {
            "epsilon": 0.01,
            "time": 0.06072068214416504,
            "seqstr": "ythyththyththththxthththththxthththxthththxththsy",
            "t_count": 20,
            "error": 0.0046883155893366
        },
        {
            "epsilon": 0.001,
            "time": 7.568713426589966,
            "seqstr": "yththththxthththxthththxthythththxththythththththyththythththtx",
            "t_count": 27,
            "error": 0.0009754103516246726
        }
    ]
}