{
    "seed": 139,
    "angles": [
        2.6057291823306272,
        0.6174938844815656,
        5.5275744819650345
    ],
    "data": [
        {
            "epsilon": 0.1,
            "time": 0.011289834976196289,
            "seqstr": "shxthththxthththxthyththty",
            "t_count": 10,
            "error": 0.032759843530566476
        },
        {
            "epsilon": 0.01,
            "time": 0.056604862213134766,
            "seqstr": "shythththxththyththythththththxthyththythththxthtx",
            "t_count": 20,
            "error": 0.0018576792877747998
        },
        {
            "epsilon": 0.001,
            "time": 15.453875541687012,
            "seqstr": "hthxththyththyththththxthythththxththththxththththxththththxthththxthyth",
            "t_count": 30,
            "error": 0.0009282903484252803
        }
    ]
}