{
    "seed": 912,
    "angles": [
        0.6547108064662925,
        1.141801156955837,
        2.498281281335988
    ],
    "data": [
        {
            "epsilon": 0.1,
            "time": 0.011829853057861328,
            "seqstr": "yththxththxththyththythtx",
            "t_count": 10,
            "error": 0.033214725508484595
        },
        {
            "epsilon": 0.01,
            "time": 0.059278249740600586,
            "seqstr": "shxthyththththxththyththyththththxththththxthythth",
            "t_count": 20,
            "error": 0.0019302116184502119
        },
        {
            "epsilon": 0.001,
            "time": 22.905038356781006,
            "seqstr": "thxththththththyththththththththyththththxththxthyththythththt",
            "t_count": 28,
            "error": 0.0008501379699616775
        }
    ]
}