{
    "seed": 417,
    "angles": [
        1.4313517667204803,
        2.3496879394912082,
        4.701474035005103
    ],
    "data": [
        {
            "epsilon": 0.1,
            "time": 0.013458251953125,
            "seqstr": "hthxththyththyththyththtx",
            "t_count": 10,
            "error": 0.04651943063568441
        },
        {
            "epsilon": 0.01,
            "time": 0.06062579154968262,
            "seqstr": "hthththxththyththythththththththyththythththtz",
            "t_count": 20,
            "error": 0.002236858922921358
        },
        {
            "epsilon": 0.001,
            "time": 7.573663234710693,
            "seqstr": "shythththxththththththxthththythththxththththxthththythththxty",
            "t_count": 26,
            "error": 0.00082627823828566
        }
    ]
}