{
    "seed": 819,
    "angles": [
        1.1309307493153549,
        2.6327356860198847,
        2.5293592623922008
    ],
    "data": [
        {
            "epsilon": 0.1,
            "time": 0.01426839828491211,
            "seqstr": "yththyththyththyths",
            "t_count": 7,
            "error": 0.0356806101195818
        },
        {
            "epsilon": 0.01,
            "time": 0.05924177169799805,
            "seqstr": "hyththxththxththththththththxththxthththththyths",
            "t_count": 20,
            "error": 0.0031811280562716896
        },
        {
            "epsilon": 0.001,
            "time": 7.5719475746154785,
            "seqstr": "shthththxthythththxththxththxththxththythththxththxthyththyththtx",
            "t_count": 26,
            "error": 0.0008197020749440403
        }
    ]
}