{
    "seed": 82,
    "angles": [
        0.9121194433000133,
        1.6765176361116336,
        1.9541076684305771
    ],
    "data": [
        {
            "epsilon": 0.1,
            "time": 0.013340473175048828,
            "seqstr": "yththyththythththyththt",
            "t_count": 10,
            "error": 0.027606497010148768
        },
        {
            "epsilon": 0.01,
            "time": 0.06088757514953613,
            "seqstr": "hythxththyththythththxthyththththththythththxththy",
            "t_count": 20,
            "error": 0.002445166284802837
        },
        {
            "epsilon": 0.001,
            "time": 15.23542070388794,
            "seqstr": "shxththythththyththththxththththxththxththththxththththxthyththythththyt",
            "t_count": 30,
            "error": 0.0009533820820959021
        }
    ]
}