{
    "seed": 494,
    "angles": [
        3.519866606753604,
        0.872887256870365,
        4.820917266051163
    ],
    "data": [
        {
            "epsilon": 0.1,
            "time": 0.013772964477539062,
            "seqstr": "hyththythththxthythththsz",
            "t_count": 9,
            "error": 0.027699404193940808
        },
        {
            "epsilon": 0.01,
            "time": 0.059667348861694336,
            "seqstr": "hthththxththththythththxththxththyththyththththsx",
            "t_count": 20,
            "error": 0.0023738646965048354
        },
        {
            "epsilon": 0.001,
            "time": 7.518203258514404,
            "seqstr": "shxththxthththththxthththyththththththxthththxththyththyththththththyth",
            "t_count": 30,
            "error": 0.0006311293228504625
        }
    ]
}