{
    "seed": 650,
    "angles": [
        5.208397240872086,
        0.7919313109673294,
        1.4345181810870287
    ],
    "data": [
        {
            "epsilon": 0.1,
            "time": 0.013802528381347656,
            "seqstr": "ththxthythththxththxthsz",
            "t_count": 9,
            "error": 0.013414656600141028
        },
        {
            "epsilon": 0.01,
            "time": 0.058664560317993164,
            "seqstr": "hthyththththyththththxthththththyththththxty",
            "t_count": 19,
            "error": 0.0010310380164142232
        },
        {
            "epsilon": 0.001,
            "time": 15.136404991149902,
            "seqstr": "shythththxthththxththythththxthththythththththxththxththxththxthy",
            "t_count": 26,
            "error": 0.0009858550344330318
        }
    ]
}