{
    "seed": 217,
    "angles": [
        2.7935841394792726,
        1.2694401199383722,
        2.4423504771742506
    ],
    "data": [
        {
            "epsilon": 0.1,
            "time": 0.013747692108154297,
            "seqstr": "ythxthththxthyththsz",
            "t_count": 7,
            "error": 0.0478871961153603
        },
        {
            "epsilon": 0.01,
            "time": 0.05774259567260742,
            "seqstr": "yththxthythththyththththxthyththythththyththyththy",
            "t_count": 20,
            "error": 0.0036557727912819014
        },
        {
            "epsilon": 0.001,
            "time": 15.266181468963623,
            "seqstr": "shxththyththththththxththththththxththththythththyththyththyths",
            "t_count": 26,
            "error": 0.0008465139055324192
        }
    ]
}