{
    "seed": 747,
    "angles": [
        3.60208617258699,
        2.609669088796629,
        5.157606587624389
    ],
    "data": [
        {
            "epsilon": 0.1,
            "time": 0.013394594192504883,
            "seqstr": "hthythththxthythththyths",
            "t_count": 9,
            "error": 0.02229018953823596
        },
        {
            "epsilon": 0.01,
            "time": 0.06073951721191406,
            "seqstr": "yththxthththxththththxthththxththxthythththxthyth",
            "t_count": 20,
            "error": 0.002296593918988756
        },
        {
            "epsilon": 0.001,
            "time": 7.522355318069458,
            "seqstr": "thxththththxthththythththxthythththxththyththththxththyththyt",
            "t_count": 26,
            "error": 0.0008539158035898753
        }
    ]
}