{
    "seed": 323,
    "angles": [
        1.3312865859326468,
        2.3944741682597432,
        0.0632452036210207
    ],
    "data": [
        {
            "epsilon": 0.1,
            "time": 0.01370859146118164,
            "seqstr": "shythththththxthththxthth",
            "t_count": 10,
            "error": 0.0221606523225709
        },
        {
            "epsilon": 0.01,
            "time": 0.06095314025878906,
            "seqstr": "ythxththxthththththxthythththxthythththyththytht",
            "t_count": 20,
            "error": 0.003108886808155716
        },
        {
            "epsilon": 0.001,
            "time": 22.794615983963013,
            "seqstr": "shthxththththxththyththythththxththththxththththxthththxtx",
            "t_count": 24,
            "error": 0.0008027292516170916
        }
    ]
}