{
    "seed": 667,
    "angles": [
        3.07276565519391,
        0.8104001669117972,
        2.120763484685961
    ],
    "data": [
        {
            "epsilon": 0.1,
            "time": 0.011930704116821289,
            "seqstr": "ythxthththxththththxt",
            "t_count": 9,
            "error": 0.022318207131421842
        },
        {
            "epsilon": 0.01,
            "time": 0.05764436721801758,
            "seqstr": "ythxththxththxththyththyththythththyththytht",
            "t_count": 18,
            "error": 0.003956410414931444
        },
        {
            "epsilon": 0.001,
            "time": 7.6849658489227295,
            "seqstr": "thxththththyththythththythththyththththyththyththththxthythththxthsz",
            "t_count": 28,
            "error": 0.0005529850856798071
        }
    ]
}