{
    "seed": 95,
    "angles": [
        3.9057976313331935,
        2.66322639456803,
        5.273525125190883
    ],
    "data": [
        {
            "epsilon": 0.1,
            "time": 0.013379573822021484,
            "seqstr": "hththyththththththyththy",
            "t_count": 10,
            "error": 0.05128915782468401
        },
        {
            "epsilon": 0.01,
            "time": 0.06073904037475586,
            "seqstr": "shththththxththxththythththxththththythththththsx",
            "t_count": 20,
            "error": 0.001587994682999934
        },
        {
            "epsilon": 0.001,
            "time": 15.27348780632019,
            "seqstr": "hyththyththththththyththyththththththththxththxthythththththsz",
            "t_count": 26,
            "error": 0.0004191473112505418
        }
    ]
}