{
    "seed": 599,
    "angles": [
        3.7259662984141,
        1.793715552930264,
        6.093668928910905
    ],
    "data": [
        {
            "epsilon": 0.1,
            "time": 0.011144876480102539,
            "seqstr": "hththyththththxththyththsz",
            "t_count": 10,
            "error": 0.04188269893808243
        },
        {
            "epsilon": 0.01,
            "time": 0.056427955627441406,
            "seqstr": "ythxthyththththxththyththyththththxththththxthsz",
            "t_count": 19,
            "error": 0.0019277724181851106
        },
        {
            "epsilon": 0.001,
            "time": 7.578672170639038,
            "seqstr": "shxththxthththththththythththxthythththxththxththththxthththyth",
            "t_count": 26,
            "error": 0.0008526992809905051
        }
    ]
}