{
    "seed": 378,
    "angles": [
        5.074582239690671,
        1.4619614774578746,
        4.722882120391262
    ],
    "data": [
        {
            "epsilon": 0.1,
            "time": 0.013621807098388672,
            "seqstr": "shththythththxththsz",
            "t_count": 7,
            "error": 0.01914101094476876
        },
        {
            "epsilon": 0.01,
            "time": 0.06098031997680664,
            "seqstr": "ythxththythththxthythththxthththyththththtz",
            "t_count": 18,
            "error": 0.0037661588586658853
        },
        {
            "epsilon": 0.001,
            "time": 7.591912031173706,
            "seqstr": "thythththxthththxththyththyththyththththththththxththz",
            "t_count": 23,
            "error": 0.000519629852438757
        }
    ]
}