{
    "seed": 423,
    "angles": [
        3.0846686430895405,
        2.2602307137530966,
        2.564725043303902
    ],
    "data": [
        {
            "epsilon": 0.1,
            "time": 0.014038324356079102,
            "seqstr": "yththththxththththt",
            "t_count": 9,
            "error": 0.0249758996101256
        },
        {
            "epsilon": 0.01,
            "time": 0.05935382843017578,
            "seqstr": "shxththxththythththxththxthththythththyththththth",
            "t_count": 20,
            "error": 0.002109545732682526
        },
        {
            "epsilon": 0.001,
            "time": 7.693573713302612,
            "seqstr": "hthxththyththththyththyththththxththththyththythththxththththytht",
            "t_count": 28,
            "error": 0.00028247514179414334
        }
    ]
}