{
    "seed": 379,
    "angles": [
        2.156503733807858,
        2.0803413497525343,
        6.02878232877848
    ],
    "data": [
        {
            "epsilon": 0.1,
            "time": 0.011392354965209961,
            "seqstr": "thxththythths",
            "t_count": 5,
            "error": 0.04166491290036253
        },
        {
            "epsilon": 0.01,
            "time": 0.058533430099487305,
            "seqstr": "ththxthyththythththythththxthyththththxththxthty",
            "t_count": 20,
            "error": 0.0021336191028713293
        },
        {
            "epsilon": 0.001,
            "time": 5.581648349761963,
            "seqstr": "hthxththxththyththththththyththythththxthththxththxththxthythths",
            "t_count": 26,
            "error": 0.0006423562830211505
        }
    ]
}