{
    "seed": 697,
    "angles": [
        4.450285588397131,
        0.09369098889696208,
        5.813977988103941
    ],
    "data": [
        {
            "epsilon": 0.1,
            "time": 0.011540412902832031,
            "seqstr": "hyththyththyththyththyththsx",
            "t_count": 10,
            "error": 0.03177650663213598
        },
        {
            "epsilon": 0.01,
            "time": 0.05686807632446289,
            "seqstr": "hthyththythththxththththxththxththythththyththtz",
            "t_count": 20,
            "error": 0.0024104154040701016
        },
        {
            "epsilon": 0.001,
            "time": 22.585301160812378,
            "seqstr": "shththxthththxthyththththththxththxththththxthythththxththxthythths",
            "t_count": 27,
            "error": 0.0007928645507332867
        }
    ]
}