{
    "seed": 347,
    "angles": [
        1.7358448099445019,
        2.6724222199759398,
        2.9878283466110283
    ],
    "data": [
        {
            "epsilon": 0.1,
            "time": 0.01360630989074707,
            "seqstr": "shththththxthyththththy",
            "t_count": 9,
            "error": 0.019455397224225294
        },
        {
            "epsilon": 0.01,
            "time": 0.06078815460205078,
            "seqstr": "shythththththxththththxthyththyththyththtz",
            "t_count": 17,
            "error": 0.003671468064005145
        },
        {
            "epsilon": 0.001,
            "time": 7.59810996055603,
            "seqstr": "thxththxththythththxthththththththxthththxthththththththsy",
            "t_count": 25,
            "error": 0.0008170624684245145
        }
    ]
}