{
    "seed": 877,
    "angles": [
        5.030089025881089,
        0.443121701924496,
        5.157085350298123
    ],
    "data": [
        {
            "epsilon": 0.1,
            "time": 0.01366281509399414,
            "seqstr": "hythxththxththythththty",
            "t_count": 9,
            "error": 0.024077638542613956
        },
        {
            "epsilon": 0.01,
            "time": 0.0610201358795166,
            "seqstr": "hythxththxththththththxthyththyththy",
            "t_count": 14,
            "error": 0.002347075056508127
        },
        {
            "epsilon": 0.001,
            "time": 15.1176118850708,
            "seqstr": "shthththxthythththxthythththxthththxthythththyththyththththxthththxththths",
            "t_count": 30,
            "error": 0.00043039757461796183
        }
    ]
}