{
    "seed": 745,
    "angles": [
        3.512617211503634,
        0.913456171431544,
        0.978432047247324
    ],
    "data": [
        {
            "epsilon": 0.1,
            "time": 0.013850212097167969,
            "seqstr": "shthxththythththtx",
            "t_count": 7,
            "error": 0.043883271791062044
        },
        {
            "epsilon": 0.01,
            "time": 0.05913829803466797,
            "seqstr": "hythxththxththththxthythththxththxthththyththths",
            "t_count": 19,
            "error": 0.002819086913865696
        },
        {
            "epsilon": 0.001,
            "time": 15.06719446182251,
            "seqstr": "hthxththxththythththxththxththxththththxthththxthththxththyththythththxty",
            "t_count": 30,
            "error": 0.0006831956301672751
        }
    ]
}