{
    "seed": 241,
    "angles": [
        5.219030612315684,
        1.5968827207904897,
        3.334634641026221
    ],
    "data": [
        {
            "epsilon": 0.1,
            "time": 0.013692855834960938,
            "seqstr": "ythxthythththxththxthththz",
            "t_count": 10,
            "error": 0.035872015133098886
        },
        {
            "epsilon": 0.01,
            "time": 0.05908703804016113,
            "seqstr": "shxththxththxththxthythththythththxththxthththxthyt",
            "t_count": 20,
            "error": 0.005032227211013274
        },
        {
            "epsilon": 0.001,
            "time": 7.636416435241699,
            "seqstr": "hythththythththxthththththththythththyththththythththxthythththyththsz",
            "t_count": 29,
            "error": 0.0008943725806074097
        }
    ]
}