{
    "seed": 990,
    "angles": [
        2.6142286510991033,
        0.4425560645085212,
        3.465681112259961
    ],
    "data": [
        {
            "epsilon": 0.1,
            "time": 0.011936426162719727,
            "seqstr": "shyththyththyththtx",
            "t_count": 7,
            "error": 0.03243933389323668
        },
        {
            "epsilon": 0.01,
            "time": 0.06124234199523926,
            "seqstr": "ththyththythththyththththythththxththythththsy",
            "t_count": 19,
            "error": 0.003150099235190312
        },
        {
            "epsilon": 0.001,
            "time": 7.614903450012207,
            "seqstr": "hthxthythththththxththththxththxthythththxththththththythththy",
            "t_count": 26,
            "error": 0.0008688630894273018
        }
    ]
}