{
    "seed": 202,
    "angles": [
        4.597881532076269,
        1.1538627271410091,
        4.251025167223461
    ],
    "data": [
        {
            "epsilon": 0.1,
            "time": 0.013789653778076172,
            "seqstr": "shythththxthththyththythth",
            "t_count": 10,
            "error": 0.02703925085012838
        },
        {
            "epsilon": 0.01,
            "time": 0.058074951171875,
            "seqstr": "shthxththythththythththythththxthththyththththxthy",
            "t_count": 20,
            "error": 0.0037798668929968316
        },
        {
            "epsilon": 0.001,
            "time": 13.19890284538269,
            "seqstr": "hthxthyththththxthythththththththxththththxthththxthththxththxthths",
            "t_count": 28,
            "error": 0.0007809210010334674
        }
    ]
}