{
    "seed": 708,
    "angles": [
        4.7610241171891055,
        2.44170767129255,
        1.5132368351174454
    ],
    "data": [
        {
            "epsilon": 0.1,
            "time": 0.013985633850097656,
            "seqstr": "hythxththyththyththythththy",
            "t_count": 10,
            "error": 0.04438690038185483
        },
        {
            "epsilon": 0.01,
            "time": 0.06009244918823242,
            "seqstr": "shyththyththththxththythththxththththythththxthths",
            "t_count": 20,
            "error": 0.0033329850380573118
        },
        {
            "epsilon": 0.001,
            "time": 28.259949445724487,
            "seqstr": "thththyththyththththththththxthyththththyththththththththsz",
            "t_count": 26,
            "error": 0.000354406738058054
        }
    ]
}