{
    "seed": 701,
    "angles": [
        1.0237277293116138,
        1.2562490906415649,
        1.9806289846592788
    ],
    "data": [
        {
            "epsilon": 0.1,
            "time": 0.013872146606445312,
            "seqstr": "shyththyththththyththytht",
            "t_count": 10,
            "error": 0.044025992369747746
        },
        {
            "epsilon": 0.01,
            "time": 0.05643606185913086,
            "seqstr": "shxththxththththxthythththxththxththxthththththxthy",
            "t_count": 20,
            "error": 0.002093223728294706
        },
        {
            "epsilon": 0.001,
            "time": 7.578819036483765,
            "seqstr": "thyththththththxthythththxthyththythththyththythththxthtz",
            "t_count": 24,
            "error": 0.0007058600317617812
        }
    ]
}