{
    "seed": 975,
    "angles": [
        1.1976314552135747,
        1.0837678480197948,
        1.4195332047681575
    ],
    "data": [
        {
            "epsilon": 0.1,
            "time": 0.011798620223999023,
            "seqstr": "thxththxthththxthyththt",
            "t_count": 10,
            "error": 0.021942646969876325
        },
        {
            "epsilon": 0.01,
            "time": 0.059813499450683594,
            "seqstr": "hthxthythththxthththththxththxthyththythththxththsx",
            "t_count": 20,
            "error": 0.0014499504108456693
        },
        {
            "epsilon": 0.001,
            "time": 5.589162588119507,
            "seqstr": "yththyththththxthyththyththyththythththythththyththththththxthththxty",
            "t_count": 29,
            "error": 0.0008844050098435013
        }
    ]
}