{
    "seed": 924,
    "angles": [
        2.014637625064907,
        2.548583567134315,
        1.5475208112986518
    ],
    "data": [
        {
            "epsilon": 0.1,
            "time": 0.012196063995361328,
            "seqstr": "hythythththththxththxththx",
            "t_count": 10,
            "error": 0.05113419890840701
        },
        {
            "epsilon": 0.01,
            "time": 0.05452466011047363,
            "seqstr": "ythththththxthththxththththxththxththyththz",
            "t_count": 18,
            "error": 0.004174753121585428
        },
        {
            "epsilon": 0.001,
            "time": 15.269685506820679,
            "seqstr": "hththyththththxththxththththyththththxththythththxththythths",
            "t_count": 25,
            "error": 0.000937822272373513
        }
    ]
}