{
    "seed": 603,
    "angles": [
        2.955258087121522,
        2.1083724758015276,
        3.3934309556998565
    ],
    "data": [
        {
            "epsilon": 0.1,
            "time": 0.01360011100769043,
            "seqstr": "hythyththyththythththt",
            "t_count": 9,
            "error": 0.027370242260148704
        },
        {
            "epsilon": 0.01,
            "time": 0.06090879440307617,
            "seqstr": "ththyththyththyththththxthththxththththththsz",
            "t_count": 19,
            "error": 0.0020356560079825468
        },
        {
            "epsilon": 0.001,
            "time": 7.566364526748657,
            "seqstr": "hythxthththyththythththythththththyththyththththythththythththsx",
            "t_count": 26,
            "error": 0.0002595474277276048
        }
    ]
}