{
    "seed": 296,
    "angles": [
        2.595464786339603,
        1.042559658382966,
        1.430460184388001
    ],
    "data": [
        {
            "epsilon": 0.1,
            "time": 0.013620853424072266,
            "seqstr": "hythxththththththththxthz",
            "t_count": 10,
            "error": 0.04324109600209259
        },
        {
            "epsilon": 0.01,
            "time": 0.06063699722290039,
            "seqstr": "hythxththththxthythththxthythththythththxththsx",
            "t_count": 18,
            "error": 0.0024172601880268893
        },
        {
            "epsilon": 0.001,
            "time": 20.844787120819092,
            "seqstr": "hyththyththththythththxththxththxththxththththxthththyththththxthtx",
            "t_count": 28,
            "error": 0.0007689656509332717
        }
    ]
}