{
    "seed": 298,
    "angles": [
        0.7052750605299085,
        2.2795984794919084,
        0.19766232665574224
    ],
    "data": [
        {
            "epsilon": 0.1,
            "time": 0.01346278190612793,
            "seqstr": "hthxththxththththsz",
            "t_count": 7,
            "error": 0.013350540534093664
        },
        {
            "epsilon": 0.01,
            "time": 0.05899524688720703,
            "seqstr": "shyththyththththththyththththththxththxththsy",
            "t_count": 18,
            "error": 0.003090607689493301
        },
        {
            "epsilon": 0.001,
            "time": 13.16884446144104,
            "seqstr": "ythththththyththththxththththythththththththxthththththyt",
            "t_count": 26,
            "error": 0.0006976556432701015
        }
    ]
}