{
    "seed": 253,
    "angles": [
        3.535776261533809,
        2.6767007920826633,
        1.1902655505452069
    ],
    "data": [
        {
            "epsilon": 0.1,
            "time": 0.013922691345214844,
            "seqstr": "hthththththxththythththz",
            "t_count": 10,
            "error": 0.02884756904019952
        },
        {
            "epsilon": 0.01,
            "time": 0.056722164154052734,
            "seqstr": "thththththxthththththythththythththththz",
            "t_count": 18,
            "error": 0.0019425434256978946
        },
        {
            "epsilon": 0.001,
            "time": 7.5916361808776855,
            "seqstr": "ythththxththxththxthythththxththxththxthththxthththxththyththththyth",
            "t_count": 28,
            "error": 0.00024635124492630516
        }
    ]
}