{
    "seed": 485,
    "angles": [
        0.2900024436296915,
        2.0296804340895336,
        3.4472596420381496
    ],
    "data": [
        {
            "epsilon": 0.1,
            "time": 0.013819217681884766,
            "seqstr": "shxthyththyths",
            "t_count": 4,
            "error": 0.012375310265623987
        },
        {
            "epsilon": 0.01,
            "time": 0.05903458595275879,
            "seqstr": "ththxthythththxthyththyththyththththythththxtht",
            "t_count": 20,
            "error": 0.0037927231187871377
        },
        {
            "epsilon": 0.001,
            "time": 7.5772130489349365,
            "seqstr": "ythxthythththyththyththththyththththythththyththyththythththythththyththz",
            "t_count": 30,
            "error": 0.0006526124668998533
        }
    ]
}