{
    "seed": 866,
    "angles": [
        1.5617386188848243,
        2.1027139049062953,
        4.017909975271063
    ],
    "data": [
        {
            "epsilon": 0.1,
            "time": 0.013783931732177734,
            "seqstr": "shththxththththxthththx",
            "t_count": 9,
            "error": 0.03622118900565793
        },
        {
            "epsilon": 0.01,
            "time": 0.06121110916137695,
            "seqstr": "shxthyththththythththththxthththxthyththythththth",
            "t_count": 20,
            "error": 0.0032120221909380307
        },
        {
            "epsilon": 0.001,
            "time": 15.247162342071533,
            "seqstr": "shththyththththththththththxthththxththxthyththththythththththxthtx",
            "t_count": 29,
            "error": 0.0007725870082538591
        }
    ]
}