{
    "seed": 954,
    "angles": [
        4.69127304271135,
        1.924297642564341,
        0.2754776989097296
    ],
    "data": [
        {
            "epsilon": 0.1,
            "time": 0.011842012405395508,
            "seqstr": "thxthyththythththth",
            "t_count": 8,
            "error": 0.027593285564263742
        },
        {
            "epsilon": 0.01,
            "time": 0.05720949172973633,
            "seqstr": "yththythththththththxthythththxthththxtx",
            "t_count": 17,
            "error": 0.002539652665666226
        },
        {
            "epsilon": 0.001,
            "time": 7.734759330749512,
            "seqstr": "shxthyththththththxthythththyththyththththythththththxththythththyths",
            "t_count": 28,
            "error": 0.0006991343344758764
        }
    ]
}