{
    "seed": 4,
    "angles": [
        3.161049867654558,
        1.5767985239503537,
        5.533371205723651
    ],
    "data": [
        {
            "epsilon": 0.1,
            "time": 0.010340452194213867,
            "seqstr": "hthththxthyththyththyththy",
            "t_count": 10,
            "error": 0.014813319444630877
        },
        {
            "epsilon": 0.01,
            "time": 0.05772280693054199,
            "seqstr": "ththththxthyththyththththththyththythththxtx",
            "t_count": 19,
            "error": 0.0027839525415898595
        },
        {
            "epsilon": 0.001,
            "time": 7.655285358428955,
            "seqstr": "hythxthththththxthththxththththyththththththxthththxththxththyththsz",
            "t_count": 28,
            "error": 0.0007475480473056077
        }
    ]
}