{
    "seed": 248,
    "angles": [
        5.0173961018973605,
        2.4539662328468395,
        1.5090234079666534
    ],
    "data": [
        {
            "epsilon": 0.1,
            "time": 0.01389169692993164,
            "seqstr": "ythyththythththyththyththsz",
            "t_count": 10,
            "error": 0.021674130554057116
        },
        {
            "epsilon": 0.01,
            "time": 0.05651593208312988,
            "seqstr": "hththyththythththxthththththththththththyt",
            "t_count": 19,
            "error": 0.003112591544662594
        },
        {
            "epsilon": 0.001,
            "time": 15.256054401397705,
            "seqstr": "yththyththythththththxththxththyththythththyththththxthththythththy",
            "t_count": 28,
            "error": 0.0008643430336157337
        }
    ]
}