{
    "seed": 875,
    "angles": [
        5.05150691472234,
        1.0114200044735884,
        4.7060400552912185
    ],
    "data": [
        {
            "epsilon": 0.1,
            "time": 0.013815164566040039,
            "seqstr": "hyththxththxththxthththxths",
            "t_count": 10,
            "error": 0.027799596843093625
        },
        {
            "epsilon": 0.01,
            "time": 0.05932426452636719,
            "seqstr": "shxthththxthththxthythththxththththythththxthththsz",
            "t_count": 20,
            "error": 0.0009672884022965138
        },
        {
            "epsilon": 0.001,
            "time": 5.5836021900177,
            "seqstr": "shxthththxthththxthythththxththththythththxthththsz",
            "t_count": 20,
            "error": 0.0009672884026408443
        }
    ]
}