{
    "seed": 706,
    "angles": [
        1.6398608180267917,
        1.5457157104024515,
        4.898745234986391
    ],
    "data": [
        {
            "epsilon": 0.1,
            "time": 0.013632774353027344,
            "seqstr": "yththxthththyththththxthsx",
            "t_count": 10,
            "error": 0.02685158065586844
        },
        {
            "epsilon": 0.01,
            "time": 0.06142830848693848,
            "seqstr": "thxththththxththxththththxthythththxthththxthyt",
            "t_count": 20,
            "error": 0.0038277568894289266
        },
        {
            "epsilon": 0.001,
            "time": 7.565932512283325,
            "seqstr": "shthxththxthythththythththxththththththththythththxththx",
            "t_count": 23,
            "error": 0.0009902613311526182
        }
    ]
}