{
    "seed": 991,
    "angles": [
        0.7625160124796766,
        0.7791085302638904,
        2.952403078106909
    ],
    "data": [
        {
            "epsilon": 0.1,
            "time": 0.011901140213012695,
            "seqstr": "shthththyththththxths",
            "t_count": 8,
            "error": 0.020212476971698222
        },
        {
            "epsilon": 0.01,
            "time": 0.05955243110656738,
            "seqstr": "shthxththxththyththythththxththththxthyththyththt",
            "t_count": 20,
            "error": 0.002676023406012375
        },
        {
            "epsilon": 0.001,
            "time": 7.753747463226318,
            "seqstr": "shthyththththxthyththththythththththxththththththxththxththxththxtx",
            "t_count": 28,
            "error": 0.000840206346602367
        }
    ]
}