{
    "seed": 648,
    "angles": [
        2.639100318801624,
        0.4894686237225627,
        2.634381692490889
    ],
    "data": [
        {
            "epsilon": 0.1,
            "time": 0.014005661010742188,
            "seqstr": "shyththyththyththsx",
            "t_count": 6,
            "error": 0.015056870444188361
        },
        {
            "epsilon": 0.01,
            "time": 0.05842757225036621,
            "seqstr": "shthththyththyththththyththththxththyththty",
            "t_count": 18,
            "error": 0.0026442780143640233
        },
        {
            "epsilon": 0.001,
            "time": 5.597331285476685,
            "seqstr": "hthyththththxthththxthththythththxthythththythththththxththxththththy",
            "t_count": 29,
            "error": 0.0002769416224467062
        }
    ]
}