{
    "seed": 394,
    "angles": [
        4.250263288773271,
        1.1972204574403025,
        0.16134988594581756
    ],
    "data": [
        {
            "epsilon": 0.1,
            "time": 0.011631965637207031,
            "seqstr": "shxththxththththththxthyth",
            "t_count": 10,
            "error": 0.031519880510565035
        },
        {
            "epsilon": 0.01,
            "time": 0.05690288543701172,
            "seqstr": "hythythththththythththththxthththxthyththyththyth",
            "t_count": 20,
            "error": 0.0029347221039186257
        },
        {
            "epsilon": 0.001,
            "time": 7.666213750839233,
            "seqstr": "yththththththththxthythththththxththxthththxthythththxththythththyt",
            "t_count": 29,
            "error": 0.0008391580646197813
        }
    ]
}