{
    "seed": 684,
    "angles": [
        3.0901162820891486,
        1.224648710475638,
        6.072321647256146
    ],
    "data": [
        {
            "epsilon": 0.1,
            "time": 0.011554956436157227,
            "seqstr": "ythxththxthyththththy",
            "t_count": 8,
            "error": 0.023094634546934095
        },
        {
            "epsilon": 0.01,
            "time": 0.05720853805541992,
            "seqstr": "ythxththxththythththxthyththththththyththythththsz",
            "t_count": 20,
            "error": 0.0021068213532405783
        },
        {
            "epsilon": 0.001,
            "time": 7.556565284729004,
            "seqstr": "hythxththxththyththythththxththxththxththxththxththththxththxthththyt",
            "t_count": 28,
            "error": 0.0007905140355174744
        }
    ]
}