{
    "seed": 783,
    "angles": [
        1.007293040967605,
        1.7829779892846056,
        2.1794821551790946
    ],
    "data": [
        {
            "epsilon": 0.1,
            "time": 0.013600349426269531,
            "seqstr": "ythxththxthyththyththththsy",
            "t_count": 10,
            "error": 0.04403860495913884
        },
        {
            "epsilon": 0.01,
            "time": 0.061004638671875,
            "seqstr": "hthythththththxththththxthththxthththxththxththx",
            "t_count": 20,
            "error": 0.0024213551417937877
        },
        {
            "epsilon": 0.001,
            "time": 7.6884925365448,
            "seqstr": "hthxthyththythththxthththxthththythththxththxthyththyththsz",
            "t_count": 23,
            "error": 0.0002447476960082757
        }
    ]
}