{
    "seed": 48,
    "angles": [
        0.2647788740897141,
        2.390270183672085,
        4.200281086482183
    ],
    "data": [
        {
            "epsilon": 0.1,
            "time": 0.011034250259399414,
            "seqstr": "hththxththxththththythth",
            "t_count": 10,
            "error": 0.018641102469907314
        },
        {
            "epsilon": 0.01,
            "time": 0.05574464797973633,
            "seqstr": "ththththxththxththxththxththxththththyths",
            "t_count": 17,
            "error": 0.0027471198427468824
        },
        {
            "epsilon": 0.001,
            "time": 5.625828266143799,
            "seqstr": "shththxthythththxthththythththththththythththxththyththththsx",
            "t_count": 25,
            "error": 0.0003271343031061874
        }
    ]
}