{
    "seed": 411,
    "angles": [
        5.078639969319665,
        2.320233531483791,
        2.125295995242988
    ],
    "data": [
        {
            "epsilon": 0.1,
            "time": 0.01359415054321289,
            "seqstr": "shthththxththxthyththths",
            "t_count": 9,
            "error": 0.03437217531350672
        },
        {
            "epsilon": 0.01,
            "time": 0.06096172332763672,
            "seqstr": "shthxthththxththththythththyththythththytht",
            "t_count": 18,
            "error": 0.0036675801619661125
        },
        {
            "epsilon": 0.001,
            "time": 7.6128315925598145,
            "seqstr": "thththxththxthyththththxthyththththythththxththths",
            "t_count": 21,
            "error": 0.0006826538183528614
        }
    ]
}