{
    "seed": 223,
    "angles": [
        2.8556243999842765,
        1.74216423633348,
        2.9166456766920916
    ],
    "data": [
        {
            "epsilon": 0.1,
            "time": 0.013653039932250977,
            "seqstr": "hththxthyththythththththy",
            "t_count": 10,
            "error": 0.038604188112478094
        },
        {
            "epsilon": 0.01,
            "time": 0.0611882209777832,
            "seqstr": "thxthththththxththyththththythththxt",
            "t_count": 16,
            "error": 0.003517891264025922
        },
        {
            "epsilon": 0.001,
            "time": 22.862433433532715,
            "seqstr": "hthxththththythththththythththxththxthththxthththxththththththtx",
            "t_count": 28,
            "error": 0.0007510693749523149
        }
    ]
}