{
    "seed": 166,
    "angles": [
        4.787528982064776,
        2.2514385384702527,
        4.389186695098749
    ],
    "data": [
        {
            "epsilon": 0.1,
            "time": 0.01337575912475586,
            "seqstr": "shthththxthythththythths",
            "t_count": 9,
            "error": 0.013959945703678955
        },
        {
            "epsilon": 0.01,
            "time": 0.05868220329284668,
            "seqstr": "shythththxththththththxthththxthththththththt",
            "t_count": 20,
            "error": 0.004503928532377017
        },
        {
            "epsilon": 0.001,
            "time": 7.629739999771118,
            "seqstr": "hythxththththxththxththththththththxththththththxthyththththsz",
            "t_count": 26,
            "error": 0.0005889533952107689
        }
    ]
}