{
    "seed": 526,
    "angles": [
        3.527838345572527,
        1.3787047879781258,
        6.17151699424762
    ],
    "data": [
        {
            "epsilon": 0.1,
            "time": 0.014082908630371094,
            "seqstr": "shthythththythththxththxty",
            "t_count": 10,
            "error": 0.017250976167527313
        },
        {
            "epsilon": 0.01,
            "time": 0.05829906463623047,
            "seqstr": "shxththththxthyththythththxthythththxththyththyththy",
            "t_count": 20,
            "error": 0.0031151784657767784
        },
        {
            "epsilon": 0.001,
            "time": 15.11516284942627,
            "seqstr": "thythththyththythththxththythththxththxthththxthththyththz",
            "t_count": 24,
            "error": 0.000950862980658522
        }
    ]
}