{
    "seed": 350,
    "angles": [
        1.896848017706585,
        0.6824169268629607,
        0.0839132135266869
    ],
    "data": [
        {
            "epsilon": 0.1,
            "time": 0.013678312301635742,
            "seqstr": "ythyththythththxthyththyth",
            "t_count": 10,
            "error": 0.007588365362949587
        },
        {
            "epsilon": 0.01,
            "time": 0.05998516082763672,
            "seqstr": "hythththxthythththxthythththxthythththxthththsz",
            "t_count": 18,
            "error": 0.003651748715200865
        },
        {
            "epsilon": 0.001,
            "time": 15.16780948638916,
            "seqstr": "shythththththththyththththxththyththyththyththythththxthththths",
            "t_count": 26,
            "error": 0.00046775972596351515
        }
    ]
}