{
    "seed": 93,
    "angles": [
        0.30959676194591523,
        1.8500027998378943,
        5.549919503433311
    ],
    "data": [
        {
            "epsilon": 0.1,
            "time": 0.013489246368408203,
            "seqstr": "shthythththythththxththx",
            "t_count": 9,
            "error": 0.050037543204854
        },
        {
            "epsilon": 0.01,
            "time": 0.05890297889709473,
            "seqstr": "hythxthyththththythththxththyththythty",
            "t_count": 15,
            "error": 0.002264684476077866
        },
        {
            "epsilon": 0.001,
            "time": 30.652668237686157,
            "seqstr": "shthxththxththththxththythththxththyththththxththththythththxthtz",
            "t_count": 27,
            "error": 0.0008488578375074101
        }
    ]
}