{
    "seed": 584,
    "angles": [
        2.9082830403111055,
        2.261980720509149,
        1.1429398959915416
    ],
    "data": [
        {
            "epsilon": 0.1,
            "time": 0.011435508728027344,
            "seqstr": "shththxthythththyththythths",
            "t_count": 10,
            "error": 0.03488634909169859
        },
        {
            "epsilon": 0.01,
            "time": 0.05834317207336426,
            "seqstr": "hythththththythththythththxththxththththxththsy",
            "t_count": 19,
            "error": 0.0046683760372583935
        },
        {
            "epsilon": 0.001,
            "time": 38.0373330116272,
            "seqstr": "shyththythththyththyththththyththythththxththxththxthythththxthththythththx",
            "t_count": 30,
            "error": 0.0008909099117155836
        }
    ]
}