{
    "seed": 839,
    "angles": [
        0.03575551476424943,
        1.9588720560172297,
        2.6919852415475622
    ],
    "data": [
        {
            "epsilon": 0.1,
            "time": 0.013751983642578125,
            "seqstr": "ythththththththxththx",
            "t_count": 9,
            "error": 0.020888043598154556
        },
        {
            "epsilon": 0.01,
            "time": 0.06105780601501465,
            "seqstr": "hthyththththxththxthththththxththythththththsz",
            "t_count": 19,
            "error": 0.002239219556735457
        },
        {
            "epsilon": 0.001,
            "time": 7.573878765106201,
            "seqstr": "thxthththxthththxththyththythththththxththyththyththththxthythththz",
            "t_count": 28,
            "error": 0.0007519804372797541
        }
    ]
}