{
    "seed": 935,
    "angles": [
        1.0267184437643397,
        2.134047171050633,
        1.1090820177998744
    ],
    "data": [
        {
            "epsilon": 0.1,
            "time": 0.01183772087097168,
            "seqstr": "hthxthythththythththxthyth",
            "t_count": 10,
            "error": 0.03648210842260822
        },
        {
            "epsilon": 0.01,
            "time": 0.059726715087890625,
            "seqstr": "shxththththyththythththyththththxththththythth",
            "t_count": 19,
            "error": 0.003750282630788525
        },
        {
            "epsilon": 0.001,
            "time": 7.587887287139893,
            "seqstr": "shxthththythththxthyththththxthththxthththxththxththxthy",
            "t_count": 22,
            "error": 0.00044366622986294894
        }
    ]
}