{
    "seed": 934,
    "angles": [
        0.7837363715903827,
        0.65779848299591,
        3.7309155209440608
    ],
    "data": [
        {
            "epsilon": 0.1,
            "time": 0.011886119842529297,
            "seqstr": "shxthththththxthythththxthsx",
            "t_count": 10,
            "error": 0.011243025386281358
        },
        {
            "epsilon": 0.01,
            "time": 0.05921006202697754,
            "seqstr": "shythththththxththxththththyththyththththyththyth",
            "t_count": 20,
            "error": 0.001460505970406234
        },
        {
            "epsilon": 0.001,
            "time": 7.6018829345703125,
            "seqstr": "yththththythththxthththxththththxththxththththyththththxththz",
            "t_count": 26,
            "error": 0.0009362010620773488
        }
    ]
}