{
    "seed": 741,
    "angles": [
        5.145708848453241,
        0.647921675299231,
        0.6462899666294248
    ],
    "data": [
        {
            "epsilon": 0.1,
            "time": 0.013884305953979492,
            "seqstr": "hythththyththythththxthths",
            "t_count": 10,
            "error": 0.02569050911457371
        },
        {
            "epsilon": 0.01,
            "time": 0.05652356147766113,
            "seqstr": "shthxthththxthththxthyththththxthththxthththyththsz",
            "t_count": 20,
            "error": 0.001619426853189378
        },
        {
            "epsilon": 0.001,
            "time": 50.93860220909119,
            "seqstr": "shthththxththxthythththththythththyththyththththxthythththththxth",
            "t_count": 27,
            "error": 0.0005191461722086829
        }
    ]
}