{
    "seed": 528,
    "angles": [
        0.5891500513136281,
        1.578806434283316,
        2.036217269488259
    ],
    "data": [
        {
            "epsilon": 0.1,
            "time": 0.013822555541992188,
            "seqstr": "ythththththxthythththty",
            "t_count": 10,
            "error": 0.043570601314809054
        },
        {
            "epsilon": 0.01,
            "time": 0.05876278877258301,
            "seqstr": "hyththxthythththththxththythththxthyththyththththsx",
            "t_count": 20,
            "error": 0.0016590282568078652
        },
        {
            "epsilon": 0.001,
            "time": 7.6717448234558105,
            "seqstr": "hythxthyththththxthythththyththyththythththxththththx",
            "t_count": 21,
            "error": 0.0008727179370038335
        }
    ]
}