{
    "seed": 549,
    "angles": [
        2.0529442761966417,
        0.8643815923260734,
        0.12604824402727033
    ],
    "data": [
        {
            "epsilon": 0.1,
            "time": 0.014046669006347656,
            "seqstr": "hyththxththththxthths",
            "t_count": 8,
            "error": 0.03618258109439936
        },
        {
            "epsilon": 0.01,
            "time": 0.05851292610168457,
            "seqstr": "shxthththxthyththththxththxththxththyththythththxtx",
            "t_count": 20,
            "error": 0.003839546616384642
        },
        {
            "epsilon": 0.001,
            "time": 22.674084901809692,
            "seqstr": "shththxthththxthththxthyththythththythththxththxththxthththyththythththty",
            "t_count": 30,
            "error": 0.00094393146775699
        }
    ]
}