{
    "seed": 163,
    "angles": [
        3.498256489927657,
        2.865275740893316,
        3.481251652489705
    ],
    "data": [
        {
            "epsilon": 0.1,
            "time": 0.013698577880859375,
            "seqstr": "shththxthththxthththt",
            "t_count": 9,
            "error": 0.027894086549216022
        },
        {
            "epsilon": 0.01,
            "time": 0.06017279624938965,
            "seqstr": "ththththththythththxththyththythththxthyththy",
            "t_count": 19,
            "error": 0.0027363078719425636
        },
        {
            "epsilon": 0.001,
            "time": 22.89098358154297,
            "seqstr": "hythxthththxththxthyththththythththythththythththxthththyththythththsy",
            "t_count": 28,
            "error": 0.0006582676290232172
        }
    ]
}