{
    "seed": 847,
    "angles": [
        2.564099560983224,
        1.8236331401101493,
        0.13979919357518256
    ],
    "data": [
        {
            "epsilon": 0.1,
            "time": 0.013682842254638672,
            "seqstr": "shththththyththythththsz",
            "t_count": 9,
            "error": 0.038868070717973095
        },
        {
            "epsilon": 0.01,
            "time": 0.05873584747314453,
            "seqstr": "hthxththxththythththyththththththxthyththththy",
            "t_count": 19,
            "error": 0.0024148093831251392
        },
        {
            "epsilon": 0.001,
            "time": 7.5720438957214355,
            "seqstr": "shthxththththyththyththythththththythththyththyththyththththyththsz",
            "t_count": 27,
            "error": 0.00017902915018478834
        }
    ]
}