{
    "seed": 871,
    "angles": [
        5.818081759147773,
        2.5972116146217608,
        5.952464747835754
    ],
    "data": [
        {
            "epsilon": 0.1,
            "time": 0.01141500473022461,
            "seqstr": "shyththyththyththt",
            "t_count": 7,
            "error": 0.036383375295742565
        },
        {
            "epsilon": 0.01,
            "time": 0.05631875991821289,
            "seqstr": "yththththxthththyththththxthththyththththxththz",
            "t_count": 20,
            "error": 0.001885540800318837
        },
        {
            "epsilon": 0.001,
            "time": 43.888216733932495,
            "seqstr": "thyththththththththythththxththxthththxthyththththxththythththt",
            "t_count": 28,
            "error": 0.0009691286263577804
        }
    ]
}