{
    "seed": 967,
    "angles": [
        1.2555344962123893,
        1.3000645168854248,
        0.1427471644358036
    ],
    "data": [
        {
            "epsilon": 0.1,
            "time": 0.012261390686035156,
            "seqstr": "yththxththxthy",
            "t_count": 5,
            "error": 0.015597933191737757
        },
        {
            "epsilon": 0.01,
            "time": 0.05501413345336914,
            "seqstr": "hyththxthyththyththythththxthyththyththythty",
            "t_count": 17,
            "error": 0.0014971945715664865
        },
        {
            "epsilon": 0.001,
            "time": 7.742504596710205,
            "seqstr": "hythththxthythththyththyththyththyththythththxthythththyththththxthy",
            "t_count": 27,
            "error": 0.0009432317980826047
        }
    ]
}