{
    "seed": 303,
    "angles": [
        1.723889739469552,
        1.85459845657776,
        5.768268903750063
    ],
    "data": [
        {
            "epsilon": 0.1,
            "time": 0.013666629791259766,
            "seqstr": "shxthythththyththyththt",
            "t_count": 9,
            "error": 0.007403324917616761
        },
        {
            "epsilon": 0.01,
            "time": 0.061275482177734375,
            "seqstr": "shthxththxthythththxthyththyththyththththxthsx",
            "t_count": 17,
            "error": 0.004258241397011116
        },
        {
            "epsilon": 0.001,
            "time": 30.485738039016724,
            "seqstr": "shthythththythththyththththxththxthththththxthththxthythththyththythththz",
            "t_count": 30,
            "error": 0.0008043664669382181
        }
    ]
}