{
    "seed": 544,
    "angles": [
        0.15944311703580194,
        0.7787229322491059,
        0.6226738037511836
    ],
    "data": [
        {
            "epsilon": 0.1,
            "time": 0.014037609100341797,
            "seqstr": "ththxthyththyththythth",
            "t_count": 9,
            "error": 0.03949257414835743
        },
        {
            "epsilon": 0.01,
            "time": 0.05669522285461426,
            "seqstr": "hythyththththththyththythththxththththythththxth",
            "t_count": 20,
            "error": 0.0026997949581370057
        },
        {
            "epsilon": 0.001,
            "time": 33.91948127746582,
            "seqstr": "hythxththythththxthththxthththxththyththythththythththxththxththythth",
            "t_count": 28,
            "error": 0.0006785666002859836
        }
    ]
}