{
    "seed": 780,
    "angles": [
        0.3658810860117758,
        1.0367516061038815,
        1.5644221914858
    ],
    "data": [
        {
            "epsilon": 0.1,
            "time": 0.0114593505859375,
            "seqstr": "shthththxthyththththths",
            "t_count": 9,
            "error": 0.03540410071575392
        },
        {
            "epsilon": 0.01,
            "time": 0.057207584381103516,
            "seqstr": "shththxththxththxthythththththxthththxththythty",
            "t_count": 19,
            "error": 0.003215119935849739
        },
        {
            "epsilon": 0.001,
            "time": 20.864534616470337,
            "seqstr": "thythththxthththththththxthythththxththxththythththththythththththt",
            "t_count": 30,
            "error": 0.0006487239867101653
        }
    ]
}