{
    "seed": 162,
    "angles": [
        2.3356090929409543,
        1.5058618955985117,
        5.665322459858244
    ],
    "data": [
        {
            "epsilon": 0.1,
            "time": 0.013720273971557617,
            "seqstr": "hythxthththyththththxthtx",
            "t_count": 10,
            "error": 0.039368461126741965
        },
        {
            "epsilon": 0.01,
            "time": 0.05832648277282715,
            "seqstr": "shthxthththxthththxthyththythththythththythththth",
            "t_count": 20,
            "error": 0.002142657486070645
        },
        {
            "epsilon": 0.001,
            "time": 68.71553254127502,
            "seqstr": "hythththxthththxthththxththththythththxthththxthyththththxththxthyth",
            "t_count": 28,
            "error": 0.0005289984991352175
        }
    ]
}