{
    "seed": 767,
    "angles": [
        2.8423211499969305,
        2.384426034660268,
        3.35789779578253
    ],
    "data": [
        {
            "epsilon": 0.1,
            "time": 0.014067411422729492,
            "seqstr": "shxththxthythththxthththt",
            "t_count": 10,
            "error": 0.022568202941708367
        },
        {
            "epsilon": 0.01,
            "time": 0.059069156646728516,
            "seqstr": "hythththyththythththxththxththththyththythththsz",
            "t_count": 19,
            "error": 0.002971266477992611
        },
        {
            "epsilon": 0.001,
            "time": 7.719897031784058,
            "seqstr": "shxththxthythththythththxthyththyththyththythththxtht",
            "t_count": 21,
            "error": 0.0006450527912721332
        }
    ]
}