{
    "seed": 299,
    "angles": [
        0.6916596498062253,
        1.8539673350925807,
        2.992720419766526
    ],
    "data": [
        {
            "epsilon": 0.1,
            "time": 0.011049270629882812,
            "seqstr": "hthyththththxththyth",
            "t_count": 8,
            "error": 0.037862161806185964
        },
        {
            "epsilon": 0.01,
            "time": 0.056118011474609375,
            "seqstr": "shththythththththyththythththxthyththtx",
            "t_count": 16,
            "error": 0.004373623231036303
        },
        {
            "epsilon": 0.001,
            "time": 7.571068525314331,
            "seqstr": "hththxththththxththththththyththththththyththththythththxtht",
            "t_count": 27,
            "error": 0.0006674237954349765
        }
    ]
}