{
    "seed": 104,
    "angles": [
        3.4184346402709274,
        2.656051174940502,
        1.6269813070774415
    ],
    "data": [
        {
            "epsilon": 0.1,
            "time": 0.013519287109375,
            "seqstr": "shththththxththxththythths",
            "t_count": 10,
            "error": 0.03112806526281045
        },
        {
            "epsilon": 0.01,
            "time": 0.06062507629394531,
            "seqstr": "hythxththxththythththxthththxthththxthythththyththsz",
            "t_count": 20,
            "error": 0.0021673069294376223
        },
        {
            "epsilon": 0.001,
            "time": 7.641980409622192,
            "seqstr": "thythththththxththxththxthyththyththththxthththty",
            "t_count": 21,
            "error": 0.0004327494919801898
        }
    ]
}