{
    "seed": 447,
    "angles": [
        2.611822696144637,
        2.356836151546216,
        5.426219055564773
    ],
    "data": [
        {
            "epsilon": 0.1,
            "time": 0.01384115219116211,
            "seqstr": "ththththththxththsx",
            "t_count": 8,
            "error": 0.038473457740923526
        },
        {
            "epsilon": 0.01,
            "time": 0.05651378631591797,
            "seqstr": "shxththxththyththththxththyththththyththyththtx",
            "t_count": 19,
            "error": 0.004161669575705507
        },
        {
            "epsilon": 0.001,
            "time": 7.585450172424316,
            "seqstr": "hyththxthythththxththxththxthyththyththththxthththxthththxththth",
            "t_count": 26,
            "error": 0.000998180752663005
        }
    ]
}