{
    "seed": 436,
    "angles": [
        3.0012919402686364,
        0.796305933699242,
        5.49060761333361
    ],
    "data": [
        {
            "epsilon": 0.1,
            "time": 0.013546228408813477,
            "seqstr": "shththxthththyththth",
            "t_count": 8,
            "error": 0.04072260686440246
        },
        {
            "epsilon": 0.01,
            "time": 0.06116890907287598,
            "seqstr": "shyththththyththththththythththyththththxththx",
            "t_count": 19,
            "error": 0.002246143985361273
        },
        {
            "epsilon": 0.001,
            "time": 20.714722871780396,
            "seqstr": "ythythththththythththththyththyththththththxththxthyththsz",
            "t_count": 24,
            "error": 0.00047276303500223566
        }
    ]
}