{
    "seed": 111,
    "angles": [
        0.1971763073241739,
        1.8465483280038157,
        0.5356636815721032
    ],
    "data": [
        {
            "epsilon": 0.1,
            "time": 0.013601064682006836,
            "seqstr": "shxththxthththxththxthththsy",
            "t_count": 10,
            "error": 0.04185581424013346
        },
        {
            "epsilon": 0.01,
            "time": 0.058942317962646484,
            "seqstr": "shththththythththyththythththththythththththxthy",
            "t_count": 20,
            "error": 0.0030328439203133437
        },
        {
            "epsilon": 0.001,
            "time": 13.40873098373413,
            "seqstr": "hythxththyththythththxthythththythththythththyththythththththyththtx",
            "t_count": 28,
            "error": 0.00021193292555434304
        }
    ]
}