{
    "seed": 66,
    "angles": [
        5.101228140574619,
        0.9129515259733999,
        5.207244815910656
    ],
    "data": [
        {
            "epsilon": 0.1,
            "time": 0.013434410095214844,
            "seqstr": "thxthyththythththxththxthsz",
            "t_count": 10,
            "error": 0.02092296827809946
        },
        {
            "epsilon": 0.01,
            "time": 0.060708045959472656,
            "seqstr": "thxthyththythththyththythththyththyththyththty",
            "t_count": 19,
            "error": 0.0025920509621238145
        },
        {
            "epsilon": 0.001,
            "time": 7.636647701263428,
            "seqstr": "hthththththxththxththyththththxthythththththyththythththxthththxthththsy",
            "t_count": 30,
            "error": 0.0009664220191058584
        }
    ]
}