{
    "seed": 520,
    "angles": [
        5.201135287114648,
        1.095578815867465,
        3.2035698771893335
    ],
    "data": [
        {
            "epsilon": 0.1,
            "time": 0.011469841003417969,
            "seqstr": "ythxththththxthythththxth",
            "t_count": 10,
            "error": 0.008166934194190484
        },
        {
            "epsilon": 0.01,
            "time": 0.05738043785095215,
            "seqstr": "thxththythththxthythththxthythththxthythththxtht",
            "t_count": 20,
            "error": 0.005387508671852427
        },
        {
            "epsilon": 0.001,
            "time": 7.648684024810791,
            "seqstr": "hyththththxthythththxththythththyththyththyththythththxthythththxthy",
            "t_count": 27,
            "error": 0.0009421460313608692
        }
    ]
}