{
    "seed": 761,
    "angles": [
        6.229532845547112,
        0.9467661455282368,
        3.0188981051409938
    ],
    "data": [
        {
            "epsilon": 0.1,
            "time": 0.013685941696166992,
            "seqstr": "hyththxththxthththxththyth",
            "t_count": 10,
            "error": 0.03055197043154068
        },
        {
            "epsilon": 0.01,
            "time": 0.06081056594848633,
            "seqstr": "shthxththththththxththththxthyththththyththyth",
            "t_count": 19,
            "error": 0.002478591113097024
        },
        {
            "epsilon": 0.001,
            "time": 15.367125988006592,
            "seqstr": "hythxthththththythththxththythththxththxthythththxththththxthtx",
            "t_count": 26,
            "error": 0.00014749279737986812
        }
    ]
}