{
    "seed": 518,
    "angles": [
        4.15079213488815,
        0.37581281332934086,
        1.6315237067687445
    ],
    "data": [
        {
            "epsilon": 0.1,
            "time": 0.013667821884155273,
            "seqstr": "shthxththxthththththxthy",
            "t_count": 9,
            "error": 0.03633970533785738
        },
        {
            "epsilon": 0.01,
            "time": 0.05900263786315918,
            "seqstr": "yththythththyththththxthyththththythththxththxt",
            "t_count": 20,
            "error": 0.003200876452910155
        },
        {
            "epsilon": 0.001,
            "time": 15.527730226516724,
            "seqstr": "hythxthyththythththyththththththxthththxthththththththththxthththtz",
            "t_count": 29,
            "error": 0.0006021839365267206
        }
    ]
}