{
    "seed": 83,
    "angles": [
        5.85331522310543,
        0.24525599921334504,
        1.8169315902339056
    ],
    "data": [
        {
            "epsilon": 0.1,
            "time": 0.013123750686645508,
            "seqstr": "shththyththththxththxthsx",
            "t_count": 9,
            "error": 0.027946904735778724
        },
        {
            "epsilon": 0.01,
            "time": 0.060799360275268555,
            "seqstr": "shxthththyththythththxththxththxththxththththxtht",
            "t_count": 20,
            "error": 0.004133010156211081
        },
        {
            "epsilon": 0.001,
            "time": 15.095700740814209,
            "seqstr": "yththththxththythththxththythththththyththythththththythththxthththxtx",
            "t_count": 30,
            "error": 0.0008536751389770224
        }
    ]
}