{
    "seed": 700,
    "angles": [
        6.074565311184212,
        2.1711440214961315,
        0.4514607963563009
    ],
    "data": [
        {
            "epsilon": 0.1,
            "time": 0.011530876159667969,
            "seqstr": "ythyththyththythththxththx",
            "t_count": 10,
            "error": 0.04134988668550714
        },
        {
            "epsilon": 0.01,
            "time": 0.05895423889160156,
            "seqstr": "shxthythththythththxththxthththyththythththxththyt",
            "t_count": 20,
            "error": 0.003795980565500535
        },
        {
            "epsilon": 0.001,
            "time": 30.33223247528076,
            "seqstr": "thththxththxththxththxthththxththyththththththxthythtx",
            "t_count": 23,
            "error": 0.00037310860431531603
        }
    ]
}