{
    "seed": 800,
    "angles": [
        0.7594755526117769,
        2.434876998222453,
        3.2192971086124684
    ],
    "data": [
        {
            "epsilon": 0.1,
            "time": 0.013802528381347656,
            "seqstr": "shthythththththythty",
            "t_count": 8,
            "error": 0.05175314560106649
        },
        {
            "epsilon": 0.01,
            "time": 0.05972409248352051,
            "seqstr": "hythththxththythththxththythththththy",
            "t_count": 15,
            "error": 0.003863496843542942
        },
        {
            "epsilon": 0.001,
            "time": 30.30366086959839,
            "seqstr": "hythththththththxththththyththththxthththythththythththyththyththz",
            "t_count": 28,
            "error": 0.00010580637159328342
        }
    ]
}