{
    "seed": 765,
    "angles": [
        6.056486361609245,
        1.0994389560165103,
        5.917425994504915
    ],
    "data": [
        {
            "epsilon": 0.1,
            "time": 0.014304876327514648,
            "seqstr": "yththxthththththyths",
            "t_count": 8,
            "error": 0.041941456212310185
        },
        {
            "epsilon": 0.01,
            "time": 0.05705738067626953,
            "seqstr": "yththythththxthththythththyththythththxthththxths",
            "t_count": 20,
            "error": 0.0031565208177681725
        },
        {
            "epsilon": 0.001,
            "time": 7.709232330322266,
            "seqstr": "shthxththythththythththythththxthyththythththythththxthyththththxthths",
            "t_count": 28,
            "error": 0.0004885899063419287
        }
    ]
}