{
    "seed": 264,
    "angles": [
        5.607681767645417,
        2.716920027689678,
        0.28677440509647445
    ],
    "data": [
        {
            "epsilon": 0.1,
            "time": 0.013850688934326172,
            "seqstr": "hthxthythththxthththththsz",
            "t_count": 10,
            "error": 0.029084583936961138
        },
        {
            "epsilon": 0.01,
            "time": 0.05908608436584473,
            "seqstr": "hthxththyththththxthyththththxththythththththyth",
            "t_count": 20,
            "error": 0.0034976281192217917
        },
        {
            "epsilon": 0.001,
            "time": 15.378938436508179,
            "seqstr": "hythxththththxththyththyththyththythththththththththththththxththx",
            "t_count": 28,
            "error": 0.0007201541174904875
        }
    ]
}