{
    "seed": 613,
    "angles": [
        0.6027665961749675,
        0.9001359051377897,
        0.049224051005697156
    ],
    "data": [
        {
            "epsilon": 0.1,
            "time": 0.013728141784667969,
            "seqstr": "shthythththththxthths",
            "t_count": 8,
            "error": 0.019193725540403047
        },
        {
            "epsilon": 0.01,
            "time": 0.059040069580078125,
            "seqstr": "thxthththxththythththththxthththxththyththytht",
            "t_count": 20,
            "error": 0.0015250608492798083
        },
        {
            "epsilon": 0.001,
            "time": 15.250105381011963,
            "seqstr": "hththythththxthythththxththyththththxththythththxthythththxththththsz",
            "t_count": 28,
            "error": 0.0005351552933372712
        }
    ]
}