{
    "seed": 716,
    "angles": [
        1.7818858957459014,
        1.4582205948298204,
        4.32982550773234
    ],
    "data": [
        {
            "epsilon": 0.1,
            "time": 0.013675928115844727,
            "seqstr": "hythxthththxthythththsy",
            "t_count": 8,
            "error": 0.04849554632580971
        },
        {
            "epsilon": 0.01,
            "time": 0.05867624282836914,
            "seqstr": "shththyththththxthththththxththxththyththththyt",
            "t_count": 20,
            "error": 0.0016754054657807263
        },
        {
            "epsilon": 0.001,
            "time": 15.02050495147705,
            "seqstr": "thxthythththythththxthththxthththyththythththththyththththxthy",
            "t_count": 26,
            "error": 0.0005139324407239804
        }
    ]
}