{
    "seed": 694,
    "angles": [
        5.6688481763888205,
        1.5327765634204238,
        3.338325979711141
    ],
    "data": [
        {
            "epsilon": 0.1,
            "time": 0.013974189758300781,
            "seqstr": "thththxththxthththxthth",
            "t_count": 10,
            "error": 0.027178452948255112
        },
        {
            "epsilon": 0.01,
            "time": 0.05960655212402344,
            "seqstr": "shythththththxththxthththththyththythththxththxthsz",
            "t_count": 20,
            "error": 0.0019349704071208755
        },
        {
            "epsilon": 0.001,
            "time": 30.272508144378662,
            "seqstr": "shxthththythththyththththxththxthththxththxththxththyththyththyththythththsy",
            "t_count": 30,
            "error": 0.0007915831332219418
        }
    ]
}