{
    "algorithm_config": "gridsynth_eps0.007",
    "benchmark_name": "qaoa p2 s2 n12",
    "n": 12,
    "seed": 0,
    "unitary_distance": 0.026235684376221285,
    "state_fidelity": 0.999557070666418,
    "num_nontrivial_rotations": 59,
    "time": 4.117832899093628,
    "num_gates": {
        "h": 1319,
        "t": 1221,
        "s": 679,
        "cx": 72,
        "x": 30
    },
    "noisy_fidelity": {
        "1e-06": 0.997690170125598,
        "1e-05": 0.9810520213076297,
        "0.0001": 0.8298507767640358
    },
    "t_depth": 436,
    "optimized_t_count": 1193,
    "optimized_num_gates": {
        "h": 1319,
        "t": 1193,
        "s": 691,
        "cx": 72,
        "x": 30
    },
    "optimized_t_depth": 434
}