{
    "algorithm_config": "gridsynth_eps0.007",
    "benchmark_name": "qaoa p5 s1 n4",
    "n": 4,
    "seed": 0,
    "unitary_distance": 0.031136448745909588,
    "state_fidelity": 0.9983085084742694,
    "num_nontrivial_rotations": 48,
    "time": 3.918203115463257,
    "num_gates": {
        "h": 1059,
        "t": 990,
        "s": 568,
        "cx": 60,
        "x": 26
    },
    "noisy_fidelity": {
        "1e-06": 0.9965257052159356,
        "1e-05": 0.9806421559602267,
        "0.0001": 0.8367608418428525
    },
    "t_depth": 720,
    "optimized_t_count": 966,
    "optimized_num_gates": {
        "h": 1059,
        "t": 966,
        "s": 576,
        "cx": 60,
        "x": 26
    },
    "optimized_t_depth": 702
}