{
    "algorithm_config": "gridsynth_eps0.007",
    "benchmark_name": "qaoa p1 s2 n4",
    "n": 4,
    "seed": 0,
    "unitary_distance": 0.012122675318895033,
    "state_fidelity": 0.9996991156155594,
    "num_nontrivial_rotations": 10,
    "time": 0.7897119522094727,
    "num_gates": {
        "h": 234,
        "t": 220,
        "s": 133,
        "cx": 12,
        "x": 7
    },
    "noisy_fidelity": {
        "1e-06": 0.9992760345488825,
        "1e-05": 0.995477531109541,
        "0.0001": 0.9583908246158712
    },
    "t_depth": 198,
    "optimized_t_count": 220,
    "optimized_num_gates": {
        "h": 234,
        "t": 220,
        "s": 133,
        "cx": 12,
        "x": 7
    },
    "optimized_t_depth": 198
}