{
    "algorithm_config": "gridsynth_eps0.007",
    "benchmark_name": "qaoa p4 s5 n12",
    "n": 12,
    "seed": 0,
    "unitary_distance": 0.03803317903210389,
    "state_fidelity": 0.9987680595027607,
    "num_nontrivial_rotations": 119,
    "time": 7.985112428665161,
    "num_gates": {
        "h": 2707,
        "t": 2545,
        "s": 1484,
        "cx": 144,
        "x": 63
    },
    "noisy_fidelity": {
        "1e-06": 0.9937586993214125,
        "1e-05": 0.9498033206231453,
        "0.0001": 0.6050251167373835
    },
    "t_depth": 985,
    "optimized_t_count": 2479,
    "optimized_num_gates": {
        "h": 2707,
        "t": 2479,
        "s": 1495,
        "cx": 144,
        "x": 63
    },
    "optimized_t_depth": 962
}