{
    "algorithm_config": "gridsynth_eps0.007",
    "benchmark_name": "qaoa p5 s2 n12",
    "n": 12,
    "seed": 0,
    "unitary_distance": 0.047499406835643194,
    "state_fidelity": 0.9975835050925054,
    "num_nontrivial_rotations": 149,
    "time": 10.293214321136475,
    "num_gates": {
        "h": 3333,
        "t": 3140,
        "s": 1899,
        "cx": 180,
        "x": 84
    },
    "noisy_fidelity": {
        "1e-06": 0.9915223617956681,
        "1e-05": 0.9386315720372842,
        "0.0001": 0.5442465359718821
    },
    "t_depth": 896,
    "optimized_t_count": 3038,
    "optimized_num_gates": {
        "h": 3333,
        "t": 3038,
        "s": 1920,
        "cx": 180,
        "x": 84
    },
    "optimized_t_depth": 870
}