{
    "algorithm_config": "gridsynth_eps0.007",
    "benchmark_name": "qaoa p2 s4 n6",
    "n": 6,
    "seed": 0,
    "unitary_distance": 0.02046983903090523,
    "state_fidelity": 0.9995515641103465,
    "num_nontrivial_rotations": 29,
    "time": 2.31056809425354,
    "num_gates": {
        "h": 667,
        "t": 618,
        "s": 414,
        "cx": 36,
        "x": 21
    },
    "noisy_fidelity": {
        "1e-06": 0.9983420791386148,
        "1e-05": 0.9875261403003417,
        "0.0001": 0.8859485770887588
    },
    "t_depth": 383,
    "optimized_t_count": 616,
    "optimized_num_gates": {
        "h": 667,
        "t": 616,
        "s": 414,
        "cx": 36,
        "x": 21
    },
    "optimized_t_depth": 383
}