{
    "algorithm_config": "gridsynth_eps0.007",
    "benchmark_name": "qaoa p1 s7 n12",
    "n": 12,
    "seed": 0,
    "unitary_distance": 0.01840694973083715,
    "state_fidelity": 0.9996697104243247,
    "num_nontrivial_rotations": 30,
    "time": 2.1189138889312744,
    "num_gates": {
        "h": 683,
        "t": 633,
        "s": 384,
        "cx": 36,
        "x": 24
    },
    "noisy_fidelity": {
        "1e-06": 0.9986847533375826,
        "1e-05": 0.9898658775545645,
        "0.0001": 0.906046654145903
    },
    "t_depth": 232,
    "optimized_t_count": 623,
    "optimized_num_gates": {
        "h": 683,
        "t": 623,
        "s": 384,
        "cx": 36,
        "x": 24
    },
    "optimized_t_depth": 232
}