{
    "algorithm_config": "gridsynth_eps0.007",
    "benchmark_name": "qaoa p4 s3 n6",
    "n": 6,
    "seed": 0,
    "unitary_distance": 0.03224160311654182,
    "state_fidelity": 0.9989763476105061,
    "num_nontrivial_rotations": 58,
    "time": 4.078246116638184,
    "num_gates": {
        "h": 1304,
        "t": 1208,
        "s": 703,
        "cx": 72,
        "x": 36
    },
    "noisy_fidelity": {
        "1e-06": 0.9967248939873452,
        "1e-05": 0.9767006345649539,
        "0.0001": 0.7982959954178173
    },
    "t_depth": 636,
    "optimized_t_count": 1166,
    "optimized_num_gates": {
        "h": 1304,
        "t": 1166,
        "s": 720,
        "cx": 72,
        "x": 36
    },
    "optimized_t_depth": 610
}