{
    "algorithm_config": "gridsynth_eps0.007",
    "benchmark_name": "qaoa p1 s9 n6",
    "n": 6,
    "seed": 0,
    "unitary_distance": 0.01478798949852793,
    "state_fidelity": 0.9997858890515208,
    "num_nontrivial_rotations": 15,
    "time": 1.0266718864440918,
    "num_gates": {
        "h": 329,
        "t": 301,
        "s": 161,
        "cx": 18,
        "x": 4
    },
    "noisy_fidelity": {
        "1e-06": 0.9992200658601771,
        "1e-05": 0.9941429639357513,
        "0.0001": 0.9448564236777204
    },
    "t_depth": 204,
    "optimized_t_count": 291,
    "optimized_num_gates": {
        "h": 329,
        "t": 291,
        "s": 164,
        "cx": 18,
        "x": 4
    },
    "optimized_t_depth": 195
}