{
    "algorithm_config": "gridsynth_eps0.007",
    "benchmark_name": "qaoa p4 s0 n6",
    "n": 6,
    "seed": 0,
    "unitary_distance": 0.025455761674837426,
    "state_fidelity": 0.9992659800433915,
    "num_nontrivial_rotations": 60,
    "time": 3.9334704875946045,
    "num_gates": {
        "h": 1391,
        "t": 1320,
        "s": 758,
        "cx": 72,
        "x": 30
    },
    "noisy_fidelity": {
        "1e-06": 0.9969196808642183,
        "1e-05": 0.976067014249682,
        "0.0001": 0.7915433256707051
    },
    "t_depth": 676,
    "optimized_t_count": 1276,
    "optimized_num_gates": {
        "h": 1391,
        "t": 1276,
        "s": 770,
        "cx": 72,
        "x": 30
    },
    "optimized_t_depth": 655
}