{
    "algorithm_config": "gridsynth_eps0.007",
    "benchmark_name": "qaoa p5 s7 n10",
    "n": 10,
    "seed": 0,
    "unitary_distance": 0.036149039684258436,
    "state_fidelity": 0.9987786877265467,
    "num_nontrivial_rotations": 124,
    "time": 8.524169683456421,
    "num_gates": {
        "h": 2816,
        "t": 2621,
        "s": 1596,
        "cx": 150,
        "x": 65
    },
    "noisy_fidelity": {
        "1e-06": 0.993961475786337,
        "1e-05": 0.9516639131005045,
        "0.0001": 0.6177231921862542
    },
    "t_depth": 839,
    "optimized_t_count": 2587,
    "optimized_num_gates": {
        "h": 2816,
        "t": 2587,
        "s": 1604,
        "cx": 150,
        "x": 65
    },
    "optimized_t_depth": 828
}