{
    "algorithm_config": "gridsynth_eps0.007",
    "benchmark_name": "qaoa p5 s0 n8",
    "n": 8,
    "seed": 0,
    "unitary_distance": 0.03086213660694235,
    "state_fidelity": 0.998936736173407,
    "num_nontrivial_rotations": 99,
    "time": 7.248715877532959,
    "num_gates": {
        "h": 2204,
        "t": 2064,
        "s": 1274,
        "cx": 120,
        "x": 45
    },
    "noisy_fidelity": {
        "1e-06": 0.9948486778616519,
        "1e-05": 0.958821542237943,
        "0.0001": 0.6645354497276018
    },
    "t_depth": 780,
    "optimized_t_count": 2014,
    "optimized_num_gates": {
        "h": 2204,
        "t": 2014,
        "s": 1289,
        "cx": 120,
        "x": 45
    },
    "optimized_t_depth": 758
}