{
    "algorithm_config": "gridsynth_eps0.007",
    "benchmark_name": "qaoa p4 s6 n12",
    "n": 12,
    "seed": 0,
    "unitary_distance": 0.04418534313250474,
    "state_fidelity": 0.9979105844982318,
    "num_nontrivial_rotations": 118,
    "time": 8.253681659698486,
    "num_gates": {
        "h": 2636,
        "t": 2471,
        "s": 1493,
        "cx": 144,
        "x": 60
    },
    "noisy_fidelity": {
        "1e-06": 0.992944548199059,
        "1e-05": 0.949360947129899,
        "0.0001": 0.6068887981119637
    },
    "t_depth": 926,
    "optimized_t_count": 2401,
    "optimized_num_gates": {
        "h": 2636,
        "t": 2401,
        "s": 1510,
        "cx": 144,
        "x": 60
    },
    "optimized_t_depth": 896
}