{
    "algorithm_config": "gridsynth_eps0.007",
    "benchmark_name": "qaoa p4 s8 n4",
    "n": 4,
    "seed": 0,
    "unitary_distance": 0.024245921316341526,
    "state_fidelity": 0.99961236641725,
    "num_nontrivial_rotations": 40,
    "time": 3.058743715286255,
    "num_gates": {
        "h": 922,
        "t": 871,
        "s": 518,
        "cx": 48,
        "x": 16
    },
    "noisy_fidelity": {
        "1e-06": 0.9980633529940292,
        "1e-05": 0.98424531204136,
        "0.0001": 0.8575395037151539
    },
    "t_depth": 658,
    "optimized_t_count": 855,
    "optimized_num_gates": {
        "h": 922,
        "t": 855,
        "s": 522,
        "cx": 48,
        "x": 16
    },
    "optimized_t_depth": 644
}