{
    "algorithm_config": "gridsynth_eps0.007",
    "benchmark_name": "qaoa p5 s5 n8",
    "n": 8,
    "seed": 0,
    "unitary_distance": 0.034839187532068015,
    "state_fidelity": 0.9988000981467048,
    "num_nontrivial_rotations": 91,
    "time": 6.657217502593994,
    "num_gates": {
        "h": 2023,
        "t": 1909,
        "s": 1158,
        "cx": 120,
        "x": 54
    },
    "noisy_fidelity": {
        "1e-06": 0.9949368645909554,
        "1e-05": 0.9608438177334708,
        "0.0001": 0.678775943497306
    },
    "t_depth": 867,
    "optimized_t_count": 1833,
    "optimized_num_gates": {
        "h": 2023,
        "t": 1833,
        "s": 1164,
        "cx": 120,
        "x": 54
    },
    "optimized_t_depth": 831
}