{
    "algorithm_config": "gridsynth_eps0.007",
    "benchmark_name": "qaoa p3 s9 n12",
    "n": 12,
    "seed": 0,
    "unitary_distance": 0.0424546984836476,
    "state_fidelity": 0.9981957652828084,
    "num_nontrivial_rotations": 90,
    "time": 6.341867685317993,
    "num_gates": {
        "h": 2022,
        "t": 1898,
        "s": 1171,
        "cx": 108,
        "x": 32
    },
    "noisy_fidelity": {
        "1e-06": 0.9944877876594125,
        "1e-05": 0.9617396121939503,
        "0.0001": 0.688791852366421
    },
    "t_depth": 565,
    "optimized_t_count": 1856,
    "optimized_num_gates": {
        "h": 2022,
        "t": 1856,
        "s": 1175,
        "cx": 108,
        "x": 32
    },
    "optimized_t_depth": 553
}