{
    "algorithm_config": "gridsynth_eps0.007",
    "benchmark_name": "qaoa p2 s6 n10",
    "n": 10,
    "seed": 0,
    "unitary_distance": 0.02188547391834878,
    "state_fidelity": 0.9995959847065755,
    "num_nontrivial_rotations": 50,
    "time": 3.312711715698242,
    "num_gates": {
        "h": 1133,
        "t": 1078,
        "s": 595,
        "cx": 60,
        "x": 32
    },
    "noisy_fidelity": {
        "1e-06": 0.9976411671814243,
        "1e-05": 0.9802256387392108,
        "0.0001": 0.8225083635749371
    },
    "t_depth": 369,
    "optimized_t_count": 1050,
    "optimized_num_gates": {
        "h": 1133,
        "t": 1050,
        "s": 606,
        "cx": 60,
        "x": 32
    },
    "optimized_t_depth": 364
}