{
    "algorithm_config": "gridsynth_eps0.007",
    "benchmark_name": "qaoa p4 s5 n8",
    "n": 8,
    "seed": 0,
    "unitary_distance": 0.030461730915334044,
    "state_fidelity": 0.9988605306707156,
    "num_nontrivial_rotations": 79,
    "time": 5.9312756061553955,
    "num_gates": {
        "h": 1817,
        "t": 1719,
        "s": 1000,
        "cx": 96,
        "x": 39
    },
    "noisy_fidelity": {
        "1e-06": 0.9955422864280081,
        "1e-05": 0.9661832105607457,
        "0.0001": 0.7172632324665988
    },
    "t_depth": 848,
    "optimized_t_count": 1677,
    "optimized_num_gates": {
        "h": 1817,
        "t": 1677,
        "s": 1013,
        "cx": 96,
        "x": 39
    },
    "optimized_t_depth": 832
}