{
    "algorithm_config": "gridsynth_eps0.007",
    "benchmark_name": "qaoa p2 s9 n4",
    "n": 4,
    "seed": 0,
    "unitary_distance": 0.01786684430866817,
    "state_fidelity": 0.9995184514030057,
    "num_nontrivial_rotations": 16,
    "time": 1.735551118850708,
    "num_gates": {
        "h": 352,
        "t": 328,
        "s": 202,
        "cx": 24,
        "x": 5
    },
    "noisy_fidelity": {
        "1e-06": 0.9989915716691773,
        "1e-05": 0.9942641706076728,
        "0.0001": 0.9483971023234931
    },
    "t_depth": 271,
    "optimized_t_count": 314,
    "optimized_num_gates": {
        "h": 352,
        "t": 314,
        "s": 207,
        "cx": 24,
        "x": 5
    },
    "optimized_t_depth": 257
}