{
    "algorithm_config": "gridsynth_eps0.007",
    "benchmark_name": "qaoa p3 s6 n4",
    "n": 4,
    "seed": 0,
    "unitary_distance": 0.021968431297804934,
    "state_fidelity": 0.998938543727939,
    "num_nontrivial_rotations": 30,
    "time": 2.3710782527923584,
    "num_gates": {
        "h": 654,
        "t": 620,
        "s": 343,
        "cx": 36,
        "x": 12
    },
    "noisy_fidelity": {
        "1e-06": 0.9978026031380873,
        "1e-05": 0.9876448735811684,
        "0.0001": 0.8922988252260533
    },
    "t_depth": 475,
    "optimized_t_count": 614,
    "optimized_num_gates": {
        "h": 654,
        "t": 614,
        "s": 344,
        "cx": 36,
        "x": 12
    },
    "optimized_t_depth": 470
}