{
    "algorithm_config": "gridsynth_eps0.007",
    "benchmark_name": "qaoa p4 s4 n8",
    "n": 8,
    "seed": 0,
    "unitary_distance": 0.032779154191977536,
    "state_fidelity": 0.9988517945662656,
    "num_nontrivial_rotations": 79,
    "time": 5.477848291397095,
    "num_gates": {
        "h": 1769,
        "t": 1680,
        "s": 1040,
        "cx": 96,
        "x": 47
    },
    "noisy_fidelity": {
        "1e-06": 0.9956916803153375,
        "1e-05": 0.9677114263638437,
        "0.0001": 0.7288297823505826
    },
    "t_depth": 663,
    "optimized_t_count": 1648,
    "optimized_num_gates": {
        "h": 1769,
        "t": 1648,
        "s": 1048,
        "cx": 96,
        "x": 47
    },
    "optimized_t_depth": 641
}