{
    "algorithm_config": "gridsynth_eps0.007",
    "benchmark_name": "qaoa p5 s0 n10",
    "n": 10,
    "seed": 0,
    "unitary_distance": 0.04454249932112007,
    "state_fidelity": 0.9981980381712626,
    "num_nontrivial_rotations": 122,
    "time": 8.11133337020874,
    "num_gates": {
        "h": 2695,
        "t": 2521,
        "s": 1539,
        "cx": 150,
        "x": 46
    },
    "noisy_fidelity": {
        "1e-06": 0.9933574496662503,
        "1e-05": 0.9508563649771999,
        "0.0001": 0.6154856348447644
    },
    "t_depth": 826,
    "optimized_t_count": 2447,
    "optimized_num_gates": {
        "h": 2695,
        "t": 2447,
        "s": 1557,
        "cx": 150,
        "x": 46
    },
    "optimized_t_depth": 788
}