{
    "algorithm_config": "gridsynth_eps0.007",
    "benchmark_name": "qaoa p1 s1 n10",
    "n": 10,
    "seed": 0,
    "unitary_distance": 0.020688305841434208,
    "state_fidelity": 0.9996085789339727,
    "num_nontrivial_rotations": 25,
    "time": 1.5713355541229248,
    "num_gates": {
        "h": 562,
        "t": 514,
        "s": 298,
        "cx": 30,
        "x": 9
    },
    "noisy_fidelity": {
        "1e-06": 0.998651280980011,
        "1e-05": 0.9900783654018762,
        "0.0001": 0.9084419769520584
    },
    "t_depth": 225,
    "optimized_t_count": 498,
    "optimized_num_gates": {
        "h": 562,
        "t": 498,
        "s": 304,
        "cx": 30,
        "x": 9
    },
    "optimized_t_depth": 209
}