{
    "algorithm_config": "gridsynth_eps0.007",
    "benchmark_name": "qaoa p3 s4 n6",
    "n": 6,
    "seed": 0,
    "unitary_distance": 0.02291225476769096,
    "state_fidelity": 0.9994814458193726,
    "num_nontrivial_rotations": 45,
    "time": 3.0594279766082764,
    "num_gates": {
        "h": 1014,
        "t": 942,
        "s": 550,
        "cx": 54,
        "x": 25
    },
    "noisy_fidelity": {
        "1e-06": 0.9977467957314664,
        "1e-05": 0.9822784911696109,
        "0.0001": 0.8409444448094556
    },
    "t_depth": 545,
    "optimized_t_count": 926,
    "optimized_num_gates": {
        "h": 1014,
        "t": 926,
        "s": 553,
        "cx": 54,
        "x": 25
    },
    "optimized_t_depth": 541
}