{
    "algorithm_config": "gridsynth_eps0.007",
    "benchmark_name": "qaoa p3 s7 n10",
    "n": 10,
    "seed": 0,
    "unitary_distance": 0.02750778227603517,
    "state_fidelity": 0.9991949492138978,
    "num_nontrivial_rotations": 75,
    "time": 4.674181699752808,
    "num_gates": {
        "h": 1712,
        "t": 1604,
        "s": 888,
        "cx": 90,
        "x": 33
    },
    "noisy_fidelity": {
        "1e-06": 0.9962877682187178,
        "1e-05": 0.9705142657451099,
        "0.0001": 0.7477877948129579
    },
    "t_depth": 542,
    "optimized_t_count": 1580,
    "optimized_num_gates": {
        "h": 1712,
        "t": 1580,
        "s": 894,
        "cx": 90,
        "x": 33
    },
    "optimized_t_depth": 531
}