{
    "algorithm_config": "gridsynth_eps0.007",
    "benchmark_name": "qaoa p5 s3 n4",
    "n": 4,
    "seed": 0,
    "unitary_distance": 0.02707047110826807,
    "state_fidelity": 0.9987756778020035,
    "num_nontrivial_rotations": 50,
    "time": 4.039093255996704,
    "num_gates": {
        "h": 1100,
        "t": 1032,
        "s": 663,
        "cx": 60,
        "x": 24
    },
    "noisy_fidelity": {
        "1e-06": 0.996899169573062,
        "1e-05": 0.9801903707579505,
        "0.0001": 0.8296636375282671
    },
    "t_depth": 770,
    "optimized_t_count": 1016,
    "optimized_num_gates": {
        "h": 1100,
        "t": 1016,
        "s": 665,
        "cx": 60,
        "x": 24
    },
    "optimized_t_depth": 757
}