{
    "algorithm_config": "gridsynth_eps0.007",
    "benchmark_name": "qaoa p3 s5 n4",
    "n": 4,
    "seed": 0,
    "unitary_distance": 0.020721766280507804,
    "state_fidelity": 0.999541280756995,
    "num_nontrivial_rotations": 29,
    "time": 2.293940305709839,
    "num_gates": {
        "h": 653,
        "t": 614,
        "s": 385,
        "cx": 36,
        "x": 6
    },
    "noisy_fidelity": {
        "1e-06": 0.9984429734747885,
        "1e-05": 0.9886201155065353,
        "0.0001": 0.8962630736975665
    },
    "t_depth": 471,
    "optimized_t_count": 604,
    "optimized_num_gates": {
        "h": 653,
        "t": 604,
        "s": 388,
        "cx": 36,
        "x": 6
    },
    "optimized_t_depth": 463
}