{
    "algorithm_config": "gridsynth_eps0.007",
    "benchmark_name": "qaoa p3 s8 n4",
    "n": 4,
    "seed": 0,
    "unitary_distance": 0.02385911716965289,
    "state_fidelity": 0.9993702423688636,
    "num_nontrivial_rotations": 29,
    "time": 2.325254201889038,
    "num_gates": {
        "h": 630,
        "t": 593,
        "s": 327,
        "cx": 36,
        "x": 13
    },
    "noisy_fidelity": {
        "1e-06": 0.9983786491362774,
        "1e-05": 0.9895045157883263,
        "0.0001": 0.9055467225350903
    },
    "t_depth": 452,
    "optimized_t_count": 577,
    "optimized_num_gates": {
        "h": 630,
        "t": 577,
        "s": 332,
        "cx": 36,
        "x": 13
    },
    "optimized_t_depth": 438
}