{
    "algorithm_config": "gridsynth_eps0.007",
    "benchmark_name": "qaoa p3 s3 n4",
    "n": 4,
    "seed": 0,
    "unitary_distance": 0.019128880072388544,
    "state_fidelity": 0.9996283553971678,
    "num_nontrivial_rotations": 29,
    "time": 2.31697940826416,
    "num_gates": {
        "h": 659,
        "t": 618,
        "s": 372,
        "cx": 36,
        "x": 15
    },
    "noisy_fidelity": {
        "1e-06": 0.9984811884637114,
        "1e-05": 0.9882242135233211,
        "0.0001": 0.892048019358958
    },
    "t_depth": 470,
    "optimized_t_count": 606,
    "optimized_num_gates": {
        "h": 659,
        "t": 606,
        "s": 376,
        "cx": 36,
        "x": 15
    },
    "optimized_t_depth": 463
}