{
    "algorithm_config": "gridsynth_eps0.007",
    "benchmark_name": "qaoa p2 s9 n8",
    "n": 8,
    "seed": 0,
    "unitary_distance": 0.015138651180136915,
    "state_fidelity": 0.9997856243829253,
    "num_nontrivial_rotations": 40,
    "time": 2.7598977088928223,
    "num_gates": {
        "h": 901,
        "t": 851,
        "s": 521,
        "cx": 48,
        "x": 27
    },
    "noisy_fidelity": {
        "1e-06": 0.9982459375748045,
        "1e-05": 0.9845002143861947,
        "0.0001": 0.8574877068687752
    },
    "t_depth": 384,
    "optimized_t_count": 841,
    "optimized_num_gates": {
        "h": 901,
        "t": 841,
        "s": 522,
        "cx": 48,
        "x": 27
    },
    "optimized_t_depth": 380
}