{
    "algorithm_config": "gridsynth_eps0.007",
    "benchmark_name": "qaoa p2 s0 n12",
    "n": 12,
    "seed": 0,
    "unitary_distance": 0.021091079950202048,
    "state_fidelity": 0.9995350893529239,
    "num_nontrivial_rotations": 60,
    "time": 4.713491439819336,
    "num_gates": {
        "h": 1359,
        "t": 1258,
        "s": 843,
        "cx": 72,
        "x": 28
    },
    "noisy_fidelity": {
        "1e-06": 0.9971019920164891,
        "1e-05": 0.9754763207973824,
        "0.0001": 0.7840030914496053
    },
    "t_depth": 380,
    "optimized_t_count": 1220,
    "optimized_num_gates": {
        "h": 1359,
        "t": 1220,
        "s": 855,
        "cx": 72,
        "x": 28
    },
    "optimized_t_depth": 376
}