{
    "algorithm_config": "gridsynth_eps0.007",
    "benchmark_name": "qaoa p2 s7 n6",
    "n": 6,
    "seed": 0,
    "unitary_distance": 0.020663457137560605,
    "state_fidelity": 0.9994372726463157,
    "num_nontrivial_rotations": 30,
    "time": 2.3263375759124756,
    "num_gates": {
        "h": 675,
        "t": 632,
        "s": 388,
        "cx": 36,
        "x": 7
    },
    "noisy_fidelity": {
        "1e-06": 0.998192156394361,
        "1e-05": 0.9870584260866955,
        "0.0001": 0.8825772086137788
    },
    "t_depth": 361,
    "optimized_t_count": 618,
    "optimized_num_gates": {
        "h": 675,
        "t": 618,
        "s": 389,
        "cx": 36,
        "x": 7
    },
    "optimized_t_depth": 351
}