{
    "algorithm_config": "gridsynth_eps0.007",
    "benchmark_name": "qaoa p2 s5 n8",
    "n": 8,
    "seed": 0,
    "unitary_distance": 0.02859524645841277,
    "state_fidelity": 0.9990441048454868,
    "num_nontrivial_rotations": 38,
    "time": 3.0434207916259766,
    "num_gates": {
        "h": 821,
        "t": 767,
        "s": 509,
        "cx": 48,
        "x": 15
    },
    "noisy_fidelity": {
        "1e-06": 0.9974956167707938,
        "1e-05": 0.9836704585846341,
        "0.0001": 0.8558524087135411
    },
    "t_depth": 454,
    "optimized_t_count": 745,
    "optimized_num_gates": {
        "h": 821,
        "t": 745,
        "s": 519,
        "cx": 48,
        "x": 15
    },
    "optimized_t_depth": 452
}