{
    "algorithm_config": "gridsynth_eps0.007",
    "benchmark_name": "qaoa p3 s1 n12",
    "n": 12,
    "seed": 0,
    "unitary_distance": 0.03005579299789083,
    "state_fidelity": 0.999033631255504,
    "num_nontrivial_rotations": 90,
    "time": 6.37147855758667,
    "num_gates": {
        "h": 2043,
        "t": 1912,
        "s": 1141,
        "cx": 108,
        "x": 53
    },
    "noisy_fidelity": {
        "1e-06": 0.9958933190605341,
        "1e-05": 0.9680851994380774,
        "0.0001": 0.7303982892447207
    },
    "t_depth": 636,
    "optimized_t_count": 1878,
    "optimized_num_gates": {
        "h": 2043,
        "t": 1878,
        "s": 1149,
        "cx": 108,
        "x": 53
    },
    "optimized_t_depth": 625
}