{
    "algorithm_config": "gridsynth_eps0.007",
    "benchmark_name": "qaoa p5 s6 n4",
    "n": 4,
    "seed": 0,
    "unitary_distance": 0.024458525585089087,
    "state_fidelity": 0.9995608309508247,
    "num_nontrivial_rotations": 50,
    "time": 3.955604076385498,
    "num_gates": {
        "h": 1119,
        "t": 1052,
        "s": 611,
        "cx": 60,
        "x": 24
    },
    "noisy_fidelity": {
        "1e-06": 0.9977463928885444,
        "1e-05": 0.9815841249233641,
        "0.0001": 0.8354483855976265
    },
    "t_depth": 788,
    "optimized_t_count": 1000,
    "optimized_num_gates": {
        "h": 1119,
        "t": 1000,
        "s": 629,
        "cx": 60,
        "x": 24
    },
    "optimized_t_depth": 740
}