{
    "algorithm_config": "gridsynth_eps0.007",
    "benchmark_name": "qaoa p3 s6 n8",
    "n": 8,
    "seed": 0,
    "unitary_distance": 0.028934436583304097,
    "state_fidelity": 0.9991733079456747,
    "num_nontrivial_rotations": 60,
    "time": 3.9056599140167236,
    "num_gates": {
        "h": 1365,
        "t": 1284,
        "s": 785,
        "cx": 72,
        "x": 31
    },
    "noisy_fidelity": {
        "1e-06": 0.996665979043429,
        "1e-05": 0.9743916982832885,
        "0.0001": 0.7781165578641791
    },
    "t_depth": 547,
    "optimized_t_count": 1262,
    "optimized_num_gates": {
        "h": 1365,
        "t": 1262,
        "s": 791,
        "cx": 72,
        "x": 31
    },
    "optimized_t_depth": 536
}