{
    "algorithm_config": "gridsynth_eps0.007",
    "benchmark_name": "qaoa p5 s4 n12",
    "n": 12,
    "seed": 0,
    "unitary_distance": 0.04185198838337394,
    "state_fidelity": 0.998001119689401,
    "num_nontrivial_rotations": 147,
    "time": 9.438527345657349,
    "num_gates": {
        "h": 3319,
        "t": 3121,
        "s": 1736,
        "cx": 180,
        "x": 86
    },
    "noisy_fidelity": {
        "1e-06": 0.991937092883423,
        "1e-05": 0.9390137401645969,
        "0.0001": 0.543949316699565
    },
    "t_depth": 854,
    "optimized_t_count": 3077,
    "optimized_num_gates": {
        "h": 3319,
        "t": 3077,
        "s": 1747,
        "cx": 180,
        "x": 86
    },
    "optimized_t_depth": 847
}