{
    "algorithm_config": "gridsynth_eps0.007",
    "benchmark_name": "qaoa p2 s1 n8",
    "n": 8,
    "seed": 0,
    "unitary_distance": 0.017941638351797063,
    "state_fidelity": 0.9996799634682015,
    "num_nontrivial_rotations": 40,
    "time": 3.286362648010254,
    "num_gates": {
        "h": 937,
        "t": 869,
        "s": 465,
        "cx": 48,
        "x": 23
    },
    "noisy_fidelity": {
        "1e-06": 0.9979784817185309,
        "1e-05": 0.9827998722569384,
        "0.0001": 0.843579218176467
    },
    "t_depth": 475,
    "optimized_t_count": 851,
    "optimized_num_gates": {
        "h": 937,
        "t": 851,
        "s": 469,
        "cx": 48,
        "x": 23
    },
    "optimized_t_depth": 463
}