{
    "algorithm_config": "gridsynth_eps0.007",
    "benchmark_name": "qaoa p2 s3 n4",
    "n": 4,
    "seed": 0,
    "unitary_distance": 0.02149944415656953,
    "state_fidelity": 0.999664661415493,
    "num_nontrivial_rotations": 20,
    "time": 1.4939014911651611,
    "num_gates": {
        "h": 457,
        "t": 434,
        "s": 248,
        "cx": 24,
        "x": 7
    },
    "noisy_fidelity": {
        "1e-06": 0.998992209703574,
        "1e-05": 0.9929638188459236,
        "0.0001": 0.9349606346179637
    },
    "t_depth": 346,
    "optimized_t_count": 422,
    "optimized_num_gates": {
        "h": 457,
        "t": 422,
        "s": 252,
        "cx": 24,
        "x": 7
    },
    "optimized_t_depth": 335
}