{
    "algorithm_config": "gridsynth_eps0.007",
    "benchmark_name": "qaoa p1 s1 n8",
    "n": 8,
    "seed": 0,
    "unitary_distance": 0.013753640087726157,
    "state_fidelity": 0.9998379304446338,
    "num_nontrivial_rotations": 20,
    "time": 1.2892935276031494,
    "num_gates": {
        "h": 478,
        "t": 439,
        "s": 242,
        "cx": 24,
        "x": 16
    },
    "noisy_fidelity": {
        "1e-06": 0.9990095314631486,
        "1e-05": 0.9915863264803427,
        "0.0001": 0.9204663047204596
    },
    "t_depth": 285,
    "optimized_t_count": 437,
    "optimized_num_gates": {
        "h": 478,
        "t": 437,
        "s": 242,
        "cx": 24,
        "x": 16
    },
    "optimized_t_depth": 284
}