{
    "algorithm_config": "gridsynth_eps0.007",
    "benchmark_name": "qaoa p1 s8 n8",
    "n": 8,
    "seed": 0,
    "unitary_distance": 0.015755206345106024,
    "state_fidelity": 0.9998118980249089,
    "num_nontrivial_rotations": 20,
    "time": 1.6147682666778564,
    "num_gates": {
        "h": 469,
        "t": 443,
        "s": 235,
        "cx": 24,
        "x": 9
    },
    "noisy_fidelity": {
        "1e-06": 0.9991587761263976,
        "1e-05": 0.9933014333294289,
        "0.0001": 0.9367323965605809
    },
    "t_depth": 268,
    "optimized_t_count": 433,
    "optimized_num_gates": {
        "h": 469,
        "t": 433,
        "s": 240,
        "cx": 24,
        "x": 9
    },
    "optimized_t_depth": 263
}