{
    "algorithm_config": "gridsynth_eps0.007",
    "benchmark_name": "qaoa p3 s6 n6",
    "n": 6,
    "seed": 0,
    "unitary_distance": 0.024106645949593074,
    "state_fidelity": 0.9993303464115653,
    "num_nontrivial_rotations": 45,
    "time": 3.290797472000122,
    "num_gates": {
        "h": 1045,
        "t": 968,
        "s": 559,
        "cx": 54,
        "x": 27
    },
    "noisy_fidelity": {
        "1e-06": 0.9976587597158864,
        "1e-05": 0.9827498557223253,
        "0.0001": 0.8462586483184428
    },
    "t_depth": 607,
    "optimized_t_count": 958,
    "optimized_num_gates": {
        "h": 1045,
        "t": 958,
        "s": 563,
        "cx": 54,
        "x": 27
    },
    "optimized_t_depth": 599
}