{
    "algorithm_config": "gridsynth_eps0.007",
    "benchmark_name": "qaoa p3 s2 n10",
    "n": 10,
    "seed": 0,
    "unitary_distance": 0.032531795176794755,
    "state_fidelity": 0.9989446395012805,
    "num_nontrivial_rotations": 75,
    "time": 4.799066066741943,
    "num_gates": {
        "h": 1696,
        "t": 1605,
        "s": 930,
        "cx": 90,
        "x": 36
    },
    "noisy_fidelity": {
        "1e-06": 0.9959966414450134,
        "1e-05": 0.9698654433334838,
        "0.0001": 0.744398050823112
    },
    "t_depth": 800,
    "optimized_t_count": 1575,
    "optimized_num_gates": {
        "h": 1696,
        "t": 1575,
        "s": 937,
        "cx": 90,
        "x": 36
    },
    "optimized_t_depth": 787
}