{
    "algorithm_config": "gridsynth_eps0.007",
    "benchmark_name": "qaoa p1 s7 n4",
    "n": 4,
    "seed": 0,
    "unitary_distance": 0.008433043118853891,
    "state_fidelity": 0.9999436494643701,
    "num_nontrivial_rotations": 10,
    "time": 0.7439379692077637,
    "num_gates": {
        "h": 218,
        "t": 204,
        "s": 119,
        "cx": 12,
        "x": 2
    },
    "noisy_fidelity": {
        "1e-06": 0.9995565486437779,
        "1e-05": 0.9960803357663398,
        "0.0001": 0.9620685444704535
    },
    "t_depth": 181,
    "optimized_t_count": 196,
    "optimized_num_gates": {
        "h": 218,
        "t": 196,
        "s": 122,
        "cx": 12,
        "x": 2
    },
    "optimized_t_depth": 173
}