{
    "algorithm_config": "gridsynth_eps0.007",
    "benchmark_name": "qaoa p3 s7 n12",
    "n": 12,
    "seed": 0,
    "unitary_distance": 0.032399747844529966,
    "state_fidelity": 0.9988451497169886,
    "num_nontrivial_rotations": 90,
    "time": 5.889113664627075,
    "num_gates": {
        "h": 1994,
        "t": 1886,
        "s": 1237,
        "cx": 108,
        "x": 42
    },
    "noisy_fidelity": {
        "1e-06": 0.9950744555799726,
        "1e-05": 0.9617816498933103,
        "0.0001": 0.6850263062385694
    },
    "t_depth": 517,
    "optimized_t_count": 1814,
    "optimized_num_gates": {
        "h": 1994,
        "t": 1814,
        "s": 1247,
        "cx": 108,
        "x": 42
    },
    "optimized_t_depth": 513
}