{
    "algorithm_config": "gridsynth_eps0.007",
    "benchmark_name": "qaoa p3 s5 n12",
    "n": 12,
    "seed": 0,
    "unitary_distance": 0.03501287970229111,
    "state_fidelity": 0.9988353376898145,
    "num_nontrivial_rotations": 89,
    "time": 5.667815923690796,
    "num_gates": {
        "h": 1976,
        "t": 1838,
        "s": 1096,
        "cx": 108,
        "x": 37
    },
    "noisy_fidelity": {
        "1e-06": 0.9954317384307477,
        "1e-05": 0.9653304777240548,
        "0.0001": 0.7111324614398016
    },
    "t_depth": 729,
    "optimized_t_count": 1800,
    "optimized_num_gates": {
        "h": 1976,
        "t": 1800,
        "s": 1106,
        "cx": 108,
        "x": 37
    },
    "optimized_t_depth": 714
}