{
    "algorithm_config": "gridsynth_eps0.007",
    "benchmark_name": "qaoa p2 s2 n4",
    "n": 4,
    "seed": 0,
    "unitary_distance": 0.01525940955942526,
    "state_fidelity": 0.9996624220587235,
    "num_nontrivial_rotations": 18,
    "time": 1.6675660610198975,
    "num_gates": {
        "h": 387,
        "t": 353,
        "s": 204,
        "cx": 24,
        "x": 5
    },
    "noisy_fidelity": {
        "1e-06": 0.9990551263696233,
        "1e-05": 0.9936085578700258,
        "0.0001": 0.9409880581846546
    },
    "t_depth": 278,
    "optimized_t_count": 351,
    "optimized_num_gates": {
        "h": 387,
        "t": 351,
        "s": 204,
        "cx": 24,
        "x": 5
    },
    "optimized_t_depth": 278
}