{
    "algorithm_config": "gridsynth_eps0.007",
    "benchmark_name": "qaoa p5 s1 n10",
    "n": 10,
    "seed": 0,
    "unitary_distance": 0.05259134231303859,
    "state_fidelity": 0.9976223679183133,
    "num_nontrivial_rotations": 113,
    "time": 8.04109501838684,
    "num_gates": {
        "h": 2457,
        "t": 2315,
        "s": 1398,
        "cx": 150,
        "x": 44
    },
    "noisy_fidelity": {
        "1e-06": 0.9931497458082046,
        "1e-05": 0.9538119758816165,
        "0.0001": 0.6383686669218116
    },
    "t_depth": 880,
    "optimized_t_count": 2239,
    "optimized_num_gates": {
        "h": 2457,
        "t": 2239,
        "s": 1422,
        "cx": 150,
        "x": 44
    },
    "optimized_t_depth": 847
}