{
    "algorithm_config": "gridsynth_eps0.007",
    "benchmark_name": "qaoa p2 s0 n8",
    "n": 8,
    "seed": 0,
    "unitary_distance": 0.02211621711994148,
    "state_fidelity": 0.999506620506293,
    "num_nontrivial_rotations": 40,
    "time": 2.809746265411377,
    "num_gates": {
        "h": 890,
        "t": 833,
        "s": 500,
        "cx": 48,
        "x": 23
    },
    "noisy_fidelity": {
        "1e-06": 0.9981223713931497,
        "1e-05": 0.9857541330774363,
        "0.0001": 0.8705529046135605
    },
    "t_depth": 336,
    "optimized_t_count": 813,
    "optimized_num_gates": {
        "h": 890,
        "t": 813,
        "s": 500,
        "cx": 48,
        "x": 23
    },
    "optimized_t_depth": 332
}