{
    "algorithm_config": "gridsynth_eps0.007",
    "benchmark_name": "qaoa p5 s6 n6",
    "n": 6,
    "seed": 0,
    "unitary_distance": 0.029162809943302715,
    "state_fidelity": 0.998812761967038,
    "num_nontrivial_rotations": 75,
    "time": 5.05652642250061,
    "num_gates": {
        "h": 1694,
        "t": 1582,
        "s": 941,
        "cx": 90,
        "x": 46
    },
    "noisy_fidelity": {
        "1e-06": 0.9956649076888417,
        "1e-05": 0.9677952312275295,
        "0.0001": 0.7300572167396092
    },
    "t_depth": 934,
    "optimized_t_count": 1548,
    "optimized_num_gates": {
        "h": 1694,
        "t": 1548,
        "s": 950,
        "cx": 90,
        "x": 46
    },
    "optimized_t_depth": 918
}