{
    "algorithm_config": "gridsynth_eps0.007",
    "benchmark_name": "qaoa p4 s2 n4",
    "n": 4,
    "seed": 0,
    "unitary_distance": 0.024417243160948444,
    "state_fidelity": 0.9997193368865888,
    "num_nontrivial_rotations": 40,
    "time": 3.2169694900512695,
    "num_gates": {
        "h": 874,
        "t": 820,
        "s": 484,
        "cx": 48,
        "x": 16
    },
    "noisy_fidelity": {
        "1e-06": 0.9981505145411722,
        "1e-05": 0.9841577313604064,
        "0.0001": 0.8560224326719279
    },
    "t_depth": 617,
    "optimized_t_count": 790,
    "optimized_num_gates": {
        "h": 874,
        "t": 790,
        "s": 494,
        "cx": 48,
        "x": 16
    },
    "optimized_t_depth": 588
}