{
    "algorithm_config": "gridsynth_eps0.007",
    "benchmark_name": "qaoa p5 s3 n12",
    "n": 12,
    "seed": 0,
    "unitary_distance": 0.040955347373618646,
    "state_fidelity": 0.9981771551239924,
    "num_nontrivial_rotations": 147,
    "time": 9.844082832336426,
    "num_gates": {
        "h": 3363,
        "t": 3133,
        "s": 1860,
        "cx": 180,
        "x": 53
    },
    "noisy_fidelity": {
        "1e-06": 0.9920160407992095,
        "1e-05": 0.938282238139077,
        "0.0001": 0.5395525406346617
    },
    "t_depth": 1215,
    "optimized_t_count": 3061,
    "optimized_num_gates": {
        "h": 3363,
        "t": 3061,
        "s": 1877,
        "cx": 180,
        "x": 53
    },
    "optimized_t_depth": 1179
}