{
    "algorithm_config": "gridsynth_eps0.007",
    "benchmark_name": "qaoa p1 s4 n4",
    "n": 4,
    "seed": 0,
    "unitary_distance": 0.010174643608229308,
    "state_fidelity": 0.9998398406909786,
    "num_nontrivial_rotations": 10,
    "time": 0.9123129844665527,
    "num_gates": {
        "h": 237,
        "t": 225,
        "s": 140,
        "cx": 12
    },
    "noisy_fidelity": {
        "1e-06": 0.9994063633841912,
        "1e-05": 0.9955147192031373,
        "0.0001": 0.9575377376937326
    },
    "t_depth": 203,
    "optimized_t_count": 223,
    "optimized_num_gates": {
        "h": 237,
        "t": 223,
        "s": 140,
        "cx": 12
    },
    "optimized_t_depth": 202
}