{
    "algorithm_config": "gridsynth_eps0.007",
    "benchmark_name": "qaoa p4 s2 n8",
    "n": 8,
    "seed": 0,
    "unitary_distance": 0.02822503006061479,
    "state_fidelity": 0.9991740825506579,
    "num_nontrivial_rotations": 79,
    "time": 5.161161661148071,
    "num_gates": {
        "h": 1828,
        "t": 1704,
        "s": 1065,
        "cx": 96,
        "x": 37
    },
    "noisy_fidelity": {
        "1e-06": 0.995745578612985,
        "1e-05": 0.9654266713252877,
        "0.0001": 0.7096336525457909
    },
    "t_depth": 793,
    "optimized_t_count": 1694,
    "optimized_num_gates": {
        "h": 1828,
        "t": 1694,
        "s": 1066,
        "cx": 96,
        "x": 37
    },
    "optimized_t_depth": 790
}