{
    "algorithm_config": "gridsynth_eps0.007",
    "benchmark_name": "qaoa p3 s7 n4",
    "n": 4,
    "seed": 0,
    "unitary_distance": 0.017819625838009185,
    "state_fidelity": 0.9997996306033291,
    "num_nontrivial_rotations": 30,
    "time": 2.3025755882263184,
    "num_gates": {
        "h": 664,
        "t": 611,
        "s": 360,
        "cx": 36,
        "x": 19
    },
    "noisy_fidelity": {
        "1e-06": 0.9987979656827477,
        "1e-05": 0.9898351522432446,
        "0.0001": 0.9051694802180243
    },
    "t_depth": 468,
    "optimized_t_count": 603,
    "optimized_num_gates": {
        "h": 664,
        "t": 603,
        "s": 362,
        "cx": 36,
        "x": 19
    },
    "optimized_t_depth": 464
}