{
    "algorithm_config": "gridsynth_eps0.007",
    "benchmark_name": "qaoa p4 s9 n6",
    "n": 6,
    "seed": 0,
    "unitary_distance": 0.024967240147878707,
    "state_fidelity": 0.9993642106275763,
    "num_nontrivial_rotations": 59,
    "time": 4.318213939666748,
    "num_gates": {
        "h": 1300,
        "t": 1219,
        "s": 807,
        "cx": 72,
        "x": 27
    },
    "noisy_fidelity": {
        "1e-06": 0.9969093632697318,
        "1e-05": 0.9750971802151986,
        "0.0001": 0.7825633877365071
    },
    "t_depth": 628,
    "optimized_t_count": 1173,
    "optimized_num_gates": {
        "h": 1300,
        "t": 1173,
        "s": 824,
        "cx": 72,
        "x": 27
    },
    "optimized_t_depth": 616
}