{
    "algorithm_config": "gridsynth_eps0.007",
    "benchmark_name": "qaoa p1 s5 n8",
    "n": 8,
    "seed": 0,
    "unitary_distance": 0.014474288072475366,
    "state_fidelity": 0.9998429493102765,
    "num_nontrivial_rotations": 20,
    "time": 1.3066794872283936,
    "num_gates": {
        "h": 438,
        "t": 398,
        "s": 279,
        "cx": 24,
        "x": 10
    },
    "noisy_fidelity": {
        "1e-06": 0.9991297012523401,
        "1e-05": 0.9927347563885878,
        "0.0001": 0.9311275813702732
    },
    "t_depth": 300,
    "optimized_t_count": 398,
    "optimized_num_gates": {
        "h": 438,
        "t": 398,
        "s": 279,
        "cx": 24,
        "x": 10
    },
    "optimized_t_depth": 300
}