{
    "algorithm_config": "gridsynth_eps0.007",
    "benchmark_name": "qaoa p4 s9 n4",
    "n": 4,
    "seed": 0,
    "unitary_distance": 0.01885902605406245,
    "state_fidelity": 0.9995240431768473,
    "num_nontrivial_rotations": 39,
    "time": 3.1937499046325684,
    "num_gates": {
        "h": 838,
        "t": 797,
        "s": 488,
        "cx": 48,
        "x": 26
    },
    "noisy_fidelity": {
        "1e-06": 0.9981617346869647,
        "1e-05": 0.9859958194675158,
        "0.0001": 0.8732468275483483
    },
    "t_depth": 593,
    "optimized_t_count": 787,
    "optimized_num_gates": {
        "h": 838,
        "t": 787,
        "s": 488,
        "cx": 48,
        "x": 26
    },
    "optimized_t_depth": 584
}