{
    "algorithm_config": "gridsynth_eps0.007",
    "benchmark_name": "qaoa p2 s0 n4",
    "n": 4,
    "seed": 0,
    "unitary_distance": 0.012384417151907794,
    "state_fidelity": 0.9998737645852794,
    "num_nontrivial_rotations": 20,
    "time": 1.5905747413635254,
    "num_gates": {
        "h": 450,
        "t": 419,
        "s": 265,
        "cx": 24,
        "x": 10
    },
    "noisy_fidelity": {
        "1e-06": 0.9990464635992499,
        "1e-05": 0.9916358229155222,
        "0.0001": 0.9208916245509546
    },
    "t_depth": 336,
    "optimized_t_count": 415,
    "optimized_num_gates": {
        "h": 450,
        "t": 415,
        "s": 267,
        "cx": 24,
        "x": 10
    },
    "optimized_t_depth": 332
}