{
    "algorithm_config": "gridsynth_eps0.007",
    "benchmark_name": "qaoa p1 s9 n10",
    "n": 10,
    "seed": 0,
    "unitary_distance": 0.01844914553178665,
    "state_fidelity": 0.9997207563922704,
    "num_nontrivial_rotations": 25,
    "time": 1.6790544986724854,
    "num_gates": {
        "h": 588,
        "t": 540,
        "s": 318,
        "cx": 30,
        "x": 17
    },
    "noisy_fidelity": {
        "1e-06": 0.9989244106947031,
        "1e-05": 0.9917875819869364,
        "0.0001": 0.9233302415376
    },
    "t_depth": 285,
    "optimized_t_count": 520,
    "optimized_num_gates": {
        "h": 588,
        "t": 520,
        "s": 323,
        "cx": 30,
        "x": 17
    },
    "optimized_t_depth": 279
}