{
    "algorithm_config": "gridsynth_eps0.007",
    "benchmark_name": "qaoa p4 s0 n10",
    "n": 10,
    "seed": 0,
    "unitary_distance": 0.03347187511306463,
    "state_fidelity": 0.9986823571610596,
    "num_nontrivial_rotations": 99,
    "time": 6.35103440284729,
    "num_gates": {
        "h": 2319,
        "t": 2201,
        "s": 1246,
        "cx": 120,
        "x": 57
    },
    "noisy_fidelity": {
        "1e-06": 0.9943921054106755,
        "1e-05": 0.9566195788584068,
        "0.0001": 0.6508413306301494
    },
    "t_depth": 744,
    "optimized_t_count": 2135,
    "optimized_num_gates": {
        "h": 2319,
        "t": 2135,
        "s": 1269,
        "cx": 120,
        "x": 57
    },
    "optimized_t_depth": 728
}