{
    "algorithm_config": "gridsynth_eps0.007",
    "benchmark_name": "qaoa p5 s6 n8",
    "n": 8,
    "seed": 0,
    "unitary_distance": 0.03989468139077488,
    "state_fidelity": 0.9980394667248702,
    "num_nontrivial_rotations": 98,
    "time": 7.120808362960815,
    "num_gates": {
        "h": 2202,
        "t": 2066,
        "s": 1235,
        "cx": 120,
        "x": 53
    },
    "noisy_fidelity": {
        "1e-06": 0.9939820830596874,
        "1e-05": 0.9582252102485006,
        "0.0001": 0.6661124978120013
    },
    "t_depth": 863,
    "optimized_t_count": 2052,
    "optimized_num_gates": {
        "h": 2202,
        "t": 2052,
        "s": 1239,
        "cx": 120,
        "x": 53
    },
    "optimized_t_depth": 857
}