{
    "algorithm_config": "gridsynth_eps0.007",
    "benchmark_name": "qaoa p4 s1 n4",
    "n": 4,
    "seed": 0,
    "unitary_distance": 0.019922318922759655,
    "state_fidelity": 0.9995723524623684,
    "num_nontrivial_rotations": 38,
    "time": 3.133117198944092,
    "num_gates": {
        "h": 862,
        "t": 814,
        "s": 486,
        "cx": 48,
        "x": 23
    },
    "noisy_fidelity": {
        "1e-06": 0.9981063865340644,
        "1e-05": 0.9850214927757754,
        "0.0001": 0.8643607449225957
    },
    "t_depth": 632,
    "optimized_t_count": 802,
    "optimized_num_gates": {
        "h": 862,
        "t": 802,
        "s": 489,
        "cx": 48,
        "x": 23
    },
    "optimized_t_depth": 620
}