{
    "algorithm_config": "gridsynth_eps0.007",
    "benchmark_name": "qaoa p3 s3 n8",
    "n": 8,
    "seed": 0,
    "unitary_distance": 0.03242129561475437,
    "state_fidelity": 0.999011958533659,
    "num_nontrivial_rotations": 59,
    "time": 4.227640867233276,
    "num_gates": {
        "h": 1326,
        "t": 1243,
        "s": 786,
        "cx": 72,
        "x": 41
    },
    "noisy_fidelity": {
        "1e-06": 0.9967806448746294,
        "1e-05": 0.976931344800321,
        "0.0001": 0.7997188045431636
    },
    "t_depth": 819,
    "optimized_t_count": 1203,
    "optimized_num_gates": {
        "h": 1326,
        "t": 1203,
        "s": 798,
        "cx": 72,
        "x": 41
    },
    "optimized_t_depth": 799
}