{
    "algorithm_config": "gridsynth_eps0.007",
    "benchmark_name": "qaoa p5 s2 n4",
    "n": 4,
    "seed": 0,
    "unitary_distance": 0.027429202269302077,
    "state_fidelity": 0.9991276784223937,
    "num_nontrivial_rotations": 50,
    "time": 3.777747631072998,
    "num_gates": {
        "h": 1133,
        "t": 1064,
        "s": 648,
        "cx": 60,
        "x": 28
    },
    "noisy_fidelity": {
        "1e-06": 0.9971753819279628,
        "1e-05": 0.979797995965059,
        "0.0001": 0.8237931201356854
    },
    "t_depth": 792,
    "optimized_t_count": 1042,
    "optimized_num_gates": {
        "h": 1133,
        "t": 1042,
        "s": 654,
        "cx": 60,
        "x": 28
    },
    "optimized_t_depth": 775
}