{
    "algorithm_config": "gridsynth_eps0.007",
    "benchmark_name": "qaoa p4 s1 n10",
    "n": 10,
    "seed": 0,
    "unitary_distance": 0.03615868892704925,
    "state_fidelity": 0.9986509574629748,
    "num_nontrivial_rotations": 99,
    "time": 6.636700391769409,
    "num_gates": {
        "h": 2236,
        "t": 2091,
        "s": 1314,
        "cx": 120,
        "x": 62
    },
    "noisy_fidelity": {
        "1e-06": 0.9944426515074416,
        "1e-05": 0.957374542624597,
        "0.0001": 0.6560215675081186
    },
    "t_depth": 800,
    "optimized_t_count": 2041,
    "optimized_num_gates": {
        "h": 2236,
        "t": 2041,
        "s": 1327,
        "cx": 120,
        "x": 62
    },
    "optimized_t_depth": 774
}