{
    "algorithm_config": "gridsynth_eps0.007",
    "benchmark_name": "qaoa p2 s6 n6",
    "n": 6,
    "seed": 0,
    "unitary_distance": 0.019052625687359624,
    "state_fidelity": 0.9995615941342846,
    "num_nontrivial_rotations": 30,
    "time": 2.140561103820801,
    "num_gates": {
        "h": 699,
        "t": 655,
        "s": 360,
        "cx": 36,
        "x": 18
    },
    "noisy_fidelity": {
        "1e-06": 0.9983641784759696,
        "1e-05": 0.9876557629124636,
        "0.0001": 0.8870493165919722
    },
    "t_depth": 433,
    "optimized_t_count": 635,
    "optimized_num_gates": {
        "h": 699,
        "t": 635,
        "s": 367,
        "cx": 36,
        "x": 18
    },
    "optimized_t_depth": 416
}