{
    "algorithm_config": "gridsynth_eps0.007",
    "benchmark_name": "qaoa p5 s9 n8",
    "n": 8,
    "seed": 0,
    "unitary_distance": 0.044658232606614445,
    "state_fidelity": 0.9975258435120646,
    "num_nontrivial_rotations": 99,
    "time": 7.390537977218628,
    "num_gates": {
        "h": 2175,
        "t": 2050,
        "s": 1316,
        "cx": 120,
        "x": 33
    },
    "noisy_fidelity": {
        "1e-06": 0.9933761683114759,
        "1e-05": 0.9568175412534405,
        "0.0001": 0.6590771135153914
    },
    "t_depth": 787,
    "optimized_t_count": 1982,
    "optimized_num_gates": {
        "h": 2175,
        "t": 1982,
        "s": 1332,
        "cx": 120,
        "x": 33
    },
    "optimized_t_depth": 755
}