{
    "algorithm_config": "gridsynth_eps0.007",
    "benchmark_name": "qaoa p4 s8 n8",
    "n": 8,
    "seed": 0,
    "unitary_distance": 0.02607390166428985,
    "state_fidelity": 0.999283266232121,
    "num_nontrivial_rotations": 78,
    "time": 5.8732593059539795,
    "num_gates": {
        "h": 1722,
        "t": 1646,
        "s": 977,
        "cx": 96,
        "x": 34
    },
    "noisy_fidelity": {
        "1e-06": 0.9961161458580915,
        "1e-05": 0.9680775191618792,
        "0.0001": 0.7289814905697415
    },
    "t_depth": 799,
    "optimized_t_count": 1578,
    "optimized_num_gates": {
        "h": 1722,
        "t": 1578,
        "s": 987,
        "cx": 96,
        "x": 34
    },
    "optimized_t_depth": 764
}