{
    "algorithm_config": "gridsynth_eps0.007",
    "benchmark_name": "qaoa p3 s4 n4",
    "n": 4,
    "seed": 0,
    "unitary_distance": 0.021894020350992784,
    "state_fidelity": 0.999491625237764,
    "num_nontrivial_rotations": 30,
    "time": 2.287600040435791,
    "num_gates": {
        "h": 675,
        "t": 632,
        "s": 362,
        "cx": 36,
        "x": 11
    },
    "noisy_fidelity": {
        "1e-06": 0.9983229898362438,
        "1e-05": 0.9878744942167603,
        "0.0001": 0.8899451566419909
    },
    "t_depth": 487,
    "optimized_t_count": 612,
    "optimized_num_gates": {
        "h": 675,
        "t": 612,
        "s": 367,
        "cx": 36,
        "x": 11
    },
    "optimized_t_depth": 467
}