{
    "algorithm_config": "gridsynth_eps0.007",
    "benchmark_name": "qaoa p3 s3 n6",
    "n": 6,
    "seed": 0,
    "unitary_distance": 0.02121584272779013,
    "state_fidelity": 0.9996071331824584,
    "num_nontrivial_rotations": 44,
    "time": 3.1464791297912598,
    "num_gates": {
        "h": 1007,
        "t": 940,
        "s": 556,
        "cx": 54,
        "x": 24
    },
    "noisy_fidelity": {
        "1e-06": 0.9978441801813176,
        "1e-05": 0.9821239694190207,
        "0.0001": 0.8385374722154246
    },
    "t_depth": 503,
    "optimized_t_count": 908,
    "optimized_num_gates": {
        "h": 1007,
        "t": 908,
        "s": 563,
        "cx": 54,
        "x": 24
    },
    "optimized_t_depth": 486
}