{
    "algorithm_config": "gridsynth_eps0.007",
    "benchmark_name": "qaoa p5 s9 n4",
    "n": 4,
    "seed": 0,
    "unitary_distance": 0.02673917069714557,
    "state_fidelity": 0.9996911026035439,
    "num_nontrivial_rotations": 45,
    "time": 4.3340559005737305,
    "num_gates": {
        "h": 1014,
        "t": 955,
        "s": 569,
        "cx": 60,
        "x": 15
    },
    "noisy_fidelity": {
        "1e-06": 0.998071345519534,
        "1e-05": 0.983626760414858,
        "0.0001": 0.8515815876517573
    },
    "t_depth": 721,
    "optimized_t_count": 937,
    "optimized_num_gates": {
        "h": 1014,
        "t": 937,
        "s": 575,
        "cx": 60,
        "x": 15
    },
    "optimized_t_depth": 705
}