{
    "algorithm_config": "gridsynth_eps0.007",
    "benchmark_name": "qaoa p2 s3 n6",
    "n": 6,
    "seed": 0,
    "unitary_distance": 0.019388206022338664,
    "state_fidelity": 0.9996514271444565,
    "num_nontrivial_rotations": 30,
    "time": 2.113837242126465,
    "num_gates": {
        "h": 662,
        "t": 635,
        "s": 333,
        "cx": 36,
        "x": 22
    },
    "noisy_fidelity": {
        "1e-06": 0.9985367214916256,
        "1e-05": 0.9885638083233059,
        "0.0001": 0.8944854946449717
    },
    "t_depth": 358,
    "optimized_t_count": 613,
    "optimized_num_gates": {
        "h": 662,
        "t": 613,
        "s": 334,
        "cx": 36,
        "x": 22
    },
    "optimized_t_depth": 347
}