{
    "algorithm_config": "gridsynth_eps0.007",
    "benchmark_name": "qaoa p5 s5 n10",
    "n": 10,
    "seed": 0,
    "unitary_distance": 0.0407064025370777,
    "state_fidelity": 0.9981892344911918,
    "num_nontrivial_rotations": 125,
    "time": 8.468160629272461,
    "num_gates": {
        "h": 2803,
        "t": 2613,
        "s": 1633,
        "cx": 150,
        "x": 58
    },
    "noisy_fidelity": {
        "1e-06": 0.993295196308555,
        "1e-05": 0.9503305795623345,
        "0.0001": 0.6117648561796432
    },
    "t_depth": 759,
    "optimized_t_count": 2587,
    "optimized_num_gates": {
        "h": 2803,
        "t": 2587,
        "s": 1636,
        "cx": 150,
        "x": 58
    },
    "optimized_t_depth": 751
}