{
    "algorithm_config": "gridsynth_eps0.007",
    "benchmark_name": "qaoa p3 s2 n6",
    "n": 6,
    "seed": 0,
    "unitary_distance": 0.025169549845260458,
    "state_fidelity": 0.9993992640221772,
    "num_nontrivial_rotations": 45,
    "time": 3.343487024307251,
    "num_gates": {
        "h": 1039,
        "t": 967,
        "s": 585,
        "cx": 54,
        "x": 25
    },
    "noisy_fidelity": {
        "1e-06": 0.997531973739987,
        "1e-05": 0.9808922165586534,
        "0.0001": 0.8298491340587798
    },
    "t_depth": 523,
    "optimized_t_count": 953,
    "optimized_num_gates": {
        "h": 1039,
        "t": 953,
        "s": 590,
        "cx": 54,
        "x": 25
    },
    "optimized_t_depth": 517
}