{
    "algorithm_config": "gridsynth_eps0.007",
    "benchmark_name": "qaoa p2 s8 n4",
    "n": 4,
    "seed": 0,
    "unitary_distance": 0.015171916142827696,
    "state_fidelity": 0.9997755140081603,
    "num_nontrivial_rotations": 20,
    "time": 1.8220248222351074,
    "num_gates": {
        "h": 454,
        "t": 418,
        "s": 279,
        "cx": 24,
        "x": 7
    },
    "noisy_fidelity": {
        "1e-06": 0.9990629804967566,
        "1e-05": 0.9926759487765616,
        "0.0001": 0.9312883814875972
    },
    "t_depth": 335,
    "optimized_t_count": 414,
    "optimized_num_gates": {
        "h": 454,
        "t": 414,
        "s": 280,
        "cx": 24,
        "x": 7
    },
    "optimized_t_depth": 332
}