{
    "algorithm_config": "gridsynth_eps0.007",
    "benchmark_name": "qaoa p4 s0 n8",
    "n": 8,
    "seed": 0,
    "unitary_distance": 0.030778396580811294,
    "state_fidelity": 0.99912641352409,
    "num_nontrivial_rotations": 77,
    "time": 5.428065538406372,
    "num_gates": {
        "h": 1689,
        "t": 1585,
        "s": 931,
        "cx": 96,
        "x": 31
    },
    "noisy_fidelity": {
        "1e-06": 0.9960364993107039,
        "1e-05": 0.9686670055684503,
        "0.0001": 0.734132539206691
    },
    "t_depth": 599,
    "optimized_t_count": 1545,
    "optimized_num_gates": {
        "h": 1689,
        "t": 1545,
        "s": 933,
        "cx": 96,
        "x": 31
    },
    "optimized_t_depth": 579
}