{
    "algorithm_config": "gridsynth_eps0.007",
    "benchmark_name": "qaoa p4 s1 n6",
    "n": 6,
    "seed": 0,
    "unitary_distance": 0.02358265755314533,
    "state_fidelity": 0.9993616942912088,
    "num_nontrivial_rotations": 58,
    "time": 4.43310546875,
    "num_gates": {
        "h": 1309,
        "t": 1220,
        "s": 719,
        "cx": 72,
        "x": 26
    },
    "noisy_fidelity": {
        "1e-06": 0.9970397851408673,
        "1e-05": 0.9763957724134661,
        "0.0001": 0.7930586465649417
    },
    "t_depth": 609,
    "optimized_t_count": 1208,
    "optimized_num_gates": {
        "h": 1309,
        "t": 1208,
        "s": 722,
        "cx": 72,
        "x": 26
    },
    "optimized_t_depth": 602
}