{
    "algorithm_config": "gridsynth_eps0.007",
    "benchmark_name": "qaoa p2 s1 n6",
    "n": 6,
    "seed": 0,
    "unitary_distance": 0.021228013396882444,
    "state_fidelity": 0.9995386644178657,
    "num_nontrivial_rotations": 30,
    "time": 2.1272594928741455,
    "num_gates": {
        "h": 700,
        "t": 646,
        "s": 417,
        "cx": 36,
        "x": 15
    },
    "noisy_fidelity": {
        "1e-06": 0.998387294331011,
        "1e-05": 0.988088258169666,
        "0.0001": 0.8911072982035204
    },
    "t_depth": 349,
    "optimized_t_count": 626,
    "optimized_num_gates": {
        "h": 700,
        "t": 626,
        "s": 423,
        "cx": 36,
        "x": 15
    },
    "optimized_t_depth": 333
}