{
    "algorithm_config": "gridsynth_eps0.007",
    "benchmark_name": "qaoa p3 s3 n10",
    "n": 10,
    "seed": 0,
    "unitary_distance": 0.02530162491179226,
    "state_fidelity": 0.9993564802590695,
    "num_nontrivial_rotations": 72,
    "time": 5.289998292922974,
    "num_gates": {
        "h": 1630,
        "t": 1534,
        "s": 907,
        "cx": 90,
        "x": 30
    },
    "noisy_fidelity": {
        "1e-06": 0.9965705452403336,
        "1e-05": 0.9718574993086234,
        "0.0001": 0.7571001440560787
    },
    "t_depth": 585,
    "optimized_t_count": 1498,
    "optimized_num_gates": {
        "h": 1630,
        "t": 1498,
        "s": 920,
        "cx": 90,
        "x": 30
    },
    "optimized_t_depth": 565
}