{
    "algorithm_config": "gridsynth_eps0.007",
    "benchmark_name": "qaoa p2 s2 n6",
    "n": 6,
    "seed": 0,
    "unitary_distance": 0.01839384556104013,
    "state_fidelity": 0.9996052172293022,
    "num_nontrivial_rotations": 29,
    "time": 1.9912440776824951,
    "num_gates": {
        "h": 676,
        "t": 635,
        "s": 375,
        "cx": 36,
        "x": 15
    },
    "noisy_fidelity": {
        "1e-06": 0.9983987274155021,
        "1e-05": 0.9876097598874432,
        "0.0001": 0.8863016184091169
    },
    "t_depth": 356,
    "optimized_t_count": 613,
    "optimized_num_gates": {
        "h": 676,
        "t": 613,
        "s": 379,
        "cx": 36,
        "x": 15
    },
    "optimized_t_depth": 346
}