{
    "algorithm_config": "gridsynth_eps0.007",
    "benchmark_name": "qaoa p2 s1 n10",
    "n": 10,
    "seed": 0,
    "unitary_distance": 0.02791914510759202,
    "state_fidelity": 0.9993283227955628,
    "num_nontrivial_rotations": 50,
    "time": 3.5966413021087646,
    "num_gates": {
        "h": 1142,
        "t": 1079,
        "s": 662,
        "cx": 60,
        "x": 23
    },
    "noisy_fidelity": {
        "1e-06": 0.9972599096841078,
        "1e-05": 0.9788412818732354,
        "0.0001": 0.8128238676615642
    },
    "t_depth": 432,
    "optimized_t_count": 1045,
    "optimized_num_gates": {
        "h": 1142,
        "t": 1045,
        "s": 668,
        "cx": 60,
        "x": 23
    },
    "optimized_t_depth": 415
}