{
    "algorithm_config": "gridsynth_eps0.007",
    "benchmark_name": "qaoa p1 s6 n8",
    "n": 8,
    "seed": 0,
    "unitary_distance": 0.016824030388804322,
    "state_fidelity": 0.9996879437618249,
    "num_nontrivial_rotations": 20,
    "time": 1.4499471187591553,
    "num_gates": {
        "h": 462,
        "t": 423,
        "s": 268,
        "cx": 24,
        "x": 11
    },
    "noisy_fidelity": {
        "1e-06": 0.9989161471441925,
        "1e-05": 0.9919983116887284,
        "0.0001": 0.9255472534874978
    },
    "t_depth": 210,
    "optimized_t_count": 411,
    "optimized_num_gates": {
        "h": 462,
        "t": 411,
        "s": 268,
        "cx": 24,
        "x": 11
    },
    "optimized_t_depth": 206
}