{
    "algorithm_config": "gridsynth_eps0.007",
    "benchmark_name": "qaoa p2 s7 n8",
    "n": 8,
    "seed": 0,
    "unitary_distance": 0.017404476635817876,
    "state_fidelity": 0.9997557704937681,
    "num_nontrivial_rotations": 39,
    "time": 2.834510326385498,
    "num_gates": {
        "h": 863,
        "t": 811,
        "s": 511,
        "cx": 48,
        "x": 23
    },
    "noisy_fidelity": {
        "1e-06": 0.9983893679079165,
        "1e-05": 0.9861814511179599,
        "0.0001": 0.8725448582614289
    },
    "t_depth": 402,
    "optimized_t_count": 771,
    "optimized_num_gates": {
        "h": 863,
        "t": 771,
        "s": 522,
        "cx": 48,
        "x": 23
    },
    "optimized_t_depth": 386
}