{
    "algorithm_config": "gridsynth_eps0.007",
    "benchmark_name": "qaoa p3 s5 n8",
    "n": 8,
    "seed": 0,
    "unitary_distance": 0.025395921611004808,
    "state_fidelity": 0.9993865035616275,
    "num_nontrivial_rotations": 60,
    "time": 4.805202007293701,
    "num_gates": {
        "h": 1334,
        "t": 1251,
        "s": 853,
        "cx": 72,
        "x": 36
    },
    "noisy_fidelity": {
        "1e-06": 0.9968827837879122,
        "1e-05": 0.9746388639650337,
        "0.0001": 0.7784937831253542
    },
    "t_depth": 647,
    "optimized_t_count": 1215,
    "optimized_num_gates": {
        "h": 1334,
        "t": 1215,
        "s": 868,
        "cx": 72,
        "x": 36
    },
    "optimized_t_depth": 627
}