{
    "algorithm_config": "gridsynth_eps0.007",
    "benchmark_name": "qaoa p3 s8 n10",
    "n": 10,
    "seed": 0,
    "unitary_distance": 0.02738168964585539,
    "state_fidelity": 0.9993091649500269,
    "num_nontrivial_rotations": 75,
    "time": 4.917202949523926,
    "num_gates": {
        "h": 1647,
        "t": 1563,
        "s": 968,
        "cx": 90,
        "x": 50
    },
    "noisy_fidelity": {
        "1e-06": 0.996259372179163,
        "1e-05": 0.9692368020351738,
        "0.0001": 0.7369900859893364
    },
    "t_depth": 735,
    "optimized_t_count": 1523,
    "optimized_num_gates": {
        "h": 1647,
        "t": 1523,
        "s": 977,
        "cx": 90,
        "x": 50
    },
    "optimized_t_depth": 718
}