{
    "algorithm_config": "gridsynth_eps0.007",
    "benchmark_name": "qaoa p5 s9 n10",
    "n": 10,
    "seed": 0,
    "unitary_distance": 0.04321331228693315,
    "state_fidelity": 0.9981257786162677,
    "num_nontrivial_rotations": 113,
    "time": 8.16826319694519,
    "num_gates": {
        "h": 2492,
        "t": 2325,
        "s": 1395,
        "cx": 150,
        "x": 53
    },
    "noisy_fidelity": {
        "1e-06": 0.9937760836916435,
        "1e-05": 0.9554847164064597,
        "0.0001": 0.6459012627748116
    },
    "t_depth": 850,
    "optimized_t_count": 2295,
    "optimized_num_gates": {
        "h": 2492,
        "t": 2295,
        "s": 1402,
        "cx": 150,
        "x": 53
    },
    "optimized_t_depth": 844
}