{
    "algorithm_config": "gridsynth_eps0.007",
    "benchmark_name": "qaoa p4 s9 n10",
    "n": 10,
    "seed": 0,
    "unitary_distance": 0.037886599056251836,
    "state_fidelity": 0.9985885805952109,
    "num_nontrivial_rotations": 89,
    "time": 7.084827899932861,
    "num_gates": {
        "h": 1997,
        "t": 1878,
        "s": 1132,
        "cx": 120,
        "x": 56
    },
    "noisy_fidelity": {
        "1e-06": 0.9950002917344265,
        "1e-05": 0.9632944501544873,
        "0.0001": 0.697846133507428
    },
    "t_depth": 725,
    "optimized_t_count": 1816,
    "optimized_num_gates": {
        "h": 1997,
        "t": 1816,
        "s": 1136,
        "cx": 120,
        "x": 56
    },
    "optimized_t_depth": 708
}