{
    "algorithm_config": "gridsynth_eps0.007",
    "benchmark_name": "qaoa p5 s5 n12",
    "n": 12,
    "seed": 0,
    "unitary_distance": 0.043517424409788695,
    "state_fidelity": 0.9981058998538509,
    "num_nontrivial_rotations": 149,
    "time": 9.645009994506836,
    "num_gates": {
        "h": 3332,
        "t": 3142,
        "s": 1887,
        "cx": 180,
        "x": 75
    },
    "noisy_fidelity": {
        "1e-06": 0.9918584246890148,
        "1e-05": 0.9373796843605869,
        "0.0001": 0.5338505628409035
    },
    "t_depth": 1223,
    "optimized_t_count": 3060,
    "optimized_num_gates": {
        "h": 3332,
        "t": 3060,
        "s": 1913,
        "cx": 180,
        "x": 75
    },
    "optimized_t_depth": 1198
}