{
    "algorithm_config": "gridsynth_eps0.007",
    "benchmark_name": "qaoa p4 s7 n6",
    "n": 6,
    "seed": 0,
    "unitary_distance": 0.024171435443810237,
    "state_fidelity": 0.9994128394835916,
    "num_nontrivial_rotations": 59,
    "time": 4.047878742218018,
    "num_gates": {
        "h": 1322,
        "t": 1251,
        "s": 792,
        "cx": 72,
        "x": 28
    },
    "noisy_fidelity": {
        "1e-06": 0.9969394480890827,
        "1e-05": 0.9749658185199045,
        "0.0001": 0.7812790018633498
    },
    "t_depth": 663,
    "optimized_t_count": 1237,
    "optimized_num_gates": {
        "h": 1322,
        "t": 1237,
        "s": 797,
        "cx": 72,
        "x": 28
    },
    "optimized_t_depth": 649
}