{
    "algorithm_config": "gridsynth_eps0.007",
    "benchmark_name": "qaoa p2 s7 n12",
    "n": 12,
    "seed": 0,
    "unitary_distance": 0.028368562667104538,
    "state_fidelity": 0.9992122518595017,
    "num_nontrivial_rotations": 60,
    "time": 4.5465989112854,
    "num_gates": {
        "h": 1338,
        "t": 1260,
        "s": 745,
        "cx": 72,
        "x": 31
    },
    "noisy_fidelity": {
        "1e-06": 0.9967420174500407,
        "1e-05": 0.9747876816429863,
        "0.0001": 0.7805395864778633
    },
    "t_depth": 382,
    "optimized_t_count": 1214,
    "optimized_num_gates": {
        "h": 1338,
        "t": 1214,
        "s": 754,
        "cx": 72,
        "x": 31
    },
    "optimized_t_depth": 370
}