{
    "algorithm_config": "gridsynth_eps0.007",
    "benchmark_name": "qaoa p1 s6 n6",
    "n": 6,
    "seed": 0,
    "unitary_distance": 0.014949872317840875,
    "state_fidelity": 0.9998124320390966,
    "num_nontrivial_rotations": 14,
    "time": 1.039236068725586,
    "num_gates": {
        "h": 334,
        "t": 306,
        "s": 170,
        "cx": 18,
        "x": 10
    },
    "noisy_fidelity": {
        "1e-06": 0.9992935752642809,
        "1e-05": 0.99463709513174,
        "0.0001": 0.9493564080151151
    },
    "t_depth": 245,
    "optimized_t_count": 296,
    "optimized_num_gates": {
        "h": 334,
        "t": 296,
        "s": 174,
        "cx": 18,
        "x": 10
    },
    "optimized_t_depth": 235
}