{
    "algorithm_config": "gridsynth_eps0.007",
    "benchmark_name": "qaoa p1 s2 n6",
    "n": 6,
    "seed": 0,
    "unitary_distance": 0.013608892137883109,
    "state_fidelity": 0.9998431715044451,
    "num_nontrivial_rotations": 15,
    "time": 1.2321395874023438,
    "num_gates": {
        "h": 329,
        "t": 300,
        "s": 185,
        "cx": 18,
        "x": 2
    },
    "noisy_fidelity": {
        "1e-06": 0.9993832738652634,
        "1e-05": 0.9952546956839898,
        "0.0001": 0.9549899818682125
    },
    "t_depth": 200,
    "optimized_t_count": 290,
    "optimized_num_gates": {
        "h": 329,
        "t": 290,
        "s": 187,
        "cx": 18,
        "x": 2
    },
    "optimized_t_depth": 198
}