{
    "algorithm_config": "gridsynth_eps0.007",
    "benchmark_name": "qaoa p3 s9 n8",
    "n": 8,
    "seed": 0,
    "unitary_distance": 0.02427464396495694,
    "state_fidelity": 0.9995331576277243,
    "num_nontrivial_rotations": 60,
    "time": 4.179758787155151,
    "num_gates": {
        "h": 1360,
        "t": 1262,
        "s": 761,
        "cx": 72,
        "x": 29
    },
    "noisy_fidelity": {
        "1e-06": 0.997221349526458,
        "1e-05": 0.9766624064544073,
        "0.0001": 0.7936727668094491
    },
    "t_depth": 519,
    "optimized_t_count": 1240,
    "optimized_num_gates": {
        "h": 1360,
        "t": 1240,
        "s": 766,
        "cx": 72,
        "x": 29
    },
    "optimized_t_depth": 504
}