{
    "algorithm_config": "gridsynth_eps0.007",
    "benchmark_name": "qaoa p1 s3 n4",
    "n": 4,
    "seed": 0,
    "unitary_distance": 0.01106246208153079,
    "state_fidelity": 0.9999124374095743,
    "num_nontrivial_rotations": 10,
    "time": 0.8705012798309326,
    "num_gates": {
        "h": 224,
        "t": 206,
        "s": 121,
        "cx": 12,
        "x": 2
    },
    "noisy_fidelity": {
        "1e-06": 0.9995163722414895,
        "1e-05": 0.9959598659610653,
        "0.0001": 0.9611824015705281
    },
    "t_depth": 185,
    "optimized_t_count": 204,
    "optimized_num_gates": {
        "h": 224,
        "t": 204,
        "s": 122,
        "cx": 12,
        "x": 2
    },
    "optimized_t_depth": 183
}