{
    "algorithm_config": "gridsynth_eps0.007",
    "benchmark_name": "qaoa p2 s6 n12",
    "n": 12,
    "seed": 0,
    "unitary_distance": 0.024517470687067482,
    "state_fidelity": 0.9993658151831036,
    "num_nontrivial_rotations": 59,
    "time": 4.484103679656982,
    "num_gates": {
        "h": 1361,
        "t": 1264,
        "s": 717,
        "cx": 72,
        "x": 39
    },
    "noisy_fidelity": {
        "1e-06": 0.99754397298411,
        "1e-05": 0.9813034883973444,
        "0.0001": 0.8333735079505018
    },
    "t_depth": 537,
    "optimized_t_count": 1240,
    "optimized_num_gates": {
        "h": 1361,
        "t": 1240,
        "s": 727,
        "cx": 72,
        "x": 39
    },
    "optimized_t_depth": 535
}