{
    "algorithm_config": "gridsynth_eps0.007",
    "benchmark_name": "qaoa p3 s6 n12",
    "n": 12,
    "seed": 0,
    "unitary_distance": 0.032983360715626714,
    "state_fidelity": 0.9989123578191252,
    "num_nontrivial_rotations": 90,
    "time": 6.093357563018799,
    "num_gates": {
        "h": 2000,
        "t": 1884,
        "s": 1183,
        "cx": 108,
        "x": 46
    },
    "noisy_fidelity": {
        "1e-06": 0.9951191930011505,
        "1e-05": 0.9616332707469414,
        "0.0001": 0.6836761902773332
    },
    "t_depth": 770,
    "optimized_t_count": 1832,
    "optimized_num_gates": {
        "h": 2000,
        "t": 1832,
        "s": 1184,
        "cx": 108,
        "x": 46
    },
    "optimized_t_depth": 757
}