{
    "algorithm_config": "gridsynth_eps0.007",
    "benchmark_name": "qaoa p2 s9 n10",
    "n": 10,
    "seed": 0,
    "unitary_distance": 0.02465656992193469,
    "state_fidelity": 0.9996920853424534,
    "num_nontrivial_rotations": 46,
    "time": 3.638120412826538,
    "num_gates": {
        "h": 1073,
        "t": 1018,
        "s": 587,
        "cx": 60,
        "x": 14
    },
    "noisy_fidelity": {
        "1e-06": 0.9980432130583361,
        "1e-05": 0.983331183175941,
        "0.0001": 0.8481386833288009
    },
    "t_depth": 438,
    "optimized_t_count": 984,
    "optimized_num_gates": {
        "h": 1073,
        "t": 984,
        "s": 601,
        "cx": 60,
        "x": 14
    },
    "optimized_t_depth": 416
}