{
    "algorithm_config": "gridsynth_eps0.007",
    "benchmark_name": "qaoa p5 s9 n6",
    "n": 6,
    "seed": 0,
    "unitary_distance": 0.03445906586968311,
    "state_fidelity": 0.9992333233734038,
    "num_nontrivial_rotations": 75,
    "time": 5.60865330696106,
    "num_gates": {
        "h": 1664,
        "t": 1568,
        "s": 923,
        "cx": 90,
        "x": 28
    },
    "noisy_fidelity": {
        "1e-06": 0.9963361108907961,
        "1e-05": 0.970657283528038,
        "0.0001": 0.7492719104030063
    },
    "t_depth": 802,
    "optimized_t_count": 1520,
    "optimized_num_gates": {
        "h": 1664,
        "t": 1520,
        "s": 938,
        "cx": 90,
        "x": 28
    },
    "optimized_t_depth": 777
}