{
    "algorithm_config": "gridsynth_eps0.007",
    "benchmark_name": "qaoa p2 s2 n10",
    "n": 10,
    "seed": 0,
    "unitary_distance": 0.019789045313218095,
    "state_fidelity": 0.9996157930143461,
    "num_nontrivial_rotations": 50,
    "time": 3.392449140548706,
    "num_gates": {
        "h": 1163,
        "t": 1111,
        "s": 662,
        "cx": 60,
        "x": 16
    },
    "noisy_fidelity": {
        "1e-06": 0.9976710939694288,
        "1e-05": 0.9803442781202135,
        "0.0001": 0.8233054408271623
    },
    "t_depth": 601,
    "optimized_t_count": 1081,
    "optimized_num_gates": {
        "h": 1163,
        "t": 1081,
        "s": 670,
        "cx": 60,
        "x": 16
    },
    "optimized_t_depth": 578
}