{
    "algorithm_config": "gridsynth_eps0.007",
    "benchmark_name": "qaoa p4 s5 n4",
    "n": 4,
    "seed": 0,
    "unitary_distance": 0.021754572685314683,
    "state_fidelity": 0.9993875173459859,
    "num_nontrivial_rotations": 39,
    "time": 3.0751607418060303,
    "num_gates": {
        "h": 863,
        "t": 814,
        "s": 458,
        "cx": 48,
        "x": 15
    },
    "noisy_fidelity": {
        "1e-06": 0.9980240457350784,
        "1e-05": 0.9858475679550818,
        "0.0001": 0.8729858303326484
    },
    "t_depth": 630,
    "optimized_t_count": 802,
    "optimized_num_gates": {
        "h": 863,
        "t": 802,
        "s": 462,
        "cx": 48,
        "x": 15
    },
    "optimized_t_depth": 618
}