{
    "algorithm_config": "gridsynth_eps0.007",
    "benchmark_name": "qaoa p4 s3 n12",
    "n": 12,
    "seed": 0,
    "unitary_distance": 0.04549099300403241,
    "state_fidelity": 0.9975664816425003,
    "num_nontrivial_rotations": 116,
    "time": 7.679588079452515,
    "num_gates": {
        "h": 2562,
        "t": 2432,
        "s": 1498,
        "cx": 144,
        "x": 31
    },
    "noisy_fidelity": {
        "1e-06": 0.9931181957691027,
        "1e-05": 0.9539860991250988,
        "0.0001": 0.6395764911420112
    },
    "t_depth": 938,
    "optimized_t_count": 2376,
    "optimized_num_gates": {
        "h": 2562,
        "t": 2376,
        "s": 1519,
        "cx": 144,
        "x": 31
    },
    "optimized_t_depth": 913
}