{
    "algorithm_config": "gridsynth_eps0.007",
    "benchmark_name": "qaoa p4 s4 n6",
    "n": 6,
    "seed": 0,
    "unitary_distance": 0.0319998390875361,
    "state_fidelity": 0.9990916805235598,
    "num_nontrivial_rotations": 59,
    "time": 3.9665403366088867,
    "num_gates": {
        "h": 1357,
        "t": 1272,
        "s": 722,
        "cx": 72,
        "x": 39
    },
    "noisy_fidelity": {
        "1e-06": 0.9968221546755562,
        "1e-05": 0.9766384452087199,
        "0.0001": 0.7969268163305918
    },
    "t_depth": 727,
    "optimized_t_count": 1246,
    "optimized_num_gates": {
        "h": 1357,
        "t": 1246,
        "s": 723,
        "cx": 72,
        "x": 39
    },
    "optimized_t_depth": 720
}