{
    "algorithm_config": "gridsynth_eps0.007",
    "benchmark_name": "qaoa p3 s4 n12",
    "n": 12,
    "seed": 0,
    "unitary_distance": 0.03344421770452879,
    "state_fidelity": 0.9990376914697847,
    "num_nontrivial_rotations": 89,
    "time": 6.738206148147583,
    "num_gates": {
        "h": 1932,
        "t": 1836,
        "s": 1188,
        "cx": 108,
        "x": 39
    },
    "noisy_fidelity": {
        "1e-06": 0.9960394596421118,
        "1e-05": 0.9694694087221434,
        "0.0001": 0.7407344174429666
    },
    "t_depth": 530,
    "optimized_t_count": 1782,
    "optimized_num_gates": {
        "h": 1932,
        "t": 1782,
        "s": 1203,
        "cx": 108,
        "x": 39
    },
    "optimized_t_depth": 523
}