{
    "algorithm_config": "gridsynth_eps0.007",
    "benchmark_name": "qaoa p1 s6 n12",
    "n": 12,
    "seed": 0,
    "unitary_distance": 0.01752663844171513,
    "state_fidelity": 0.9996849038595519,
    "num_nontrivial_rotations": 29,
    "time": 1.822396993637085,
    "num_gates": {
        "h": 650,
        "t": 596,
        "s": 319,
        "cx": 36,
        "x": 8
    },
    "noisy_fidelity": {
        "1e-06": 0.9986859472399179,
        "1e-05": 0.9897423390017391,
        "0.0001": 0.9047947336425304
    },
    "t_depth": 355,
    "optimized_t_count": 588,
    "optimized_num_gates": {
        "h": 650,
        "t": 588,
        "s": 321,
        "cx": 36,
        "x": 8
    },
    "optimized_t_depth": 347
}