{
    "algorithm_config": "gridsynth_eps0.007",
    "benchmark_name": "qaoa p5 s3 n8",
    "n": 8,
    "seed": 0,
    "unitary_distance": 0.03441871539689425,
    "state_fidelity": 0.9985501341571226,
    "num_nontrivial_rotations": 98,
    "time": 7.298937082290649,
    "num_gates": {
        "h": 2288,
        "t": 2163,
        "s": 1309,
        "cx": 120,
        "x": 49
    },
    "noisy_fidelity": {
        "1e-06": 0.9942122277494029,
        "1e-05": 0.9560253708883856,
        "0.0001": 0.6473463469609029
    },
    "t_depth": 1385,
    "optimized_t_count": 2119,
    "optimized_num_gates": {
        "h": 2288,
        "t": 2119,
        "s": 1324,
        "cx": 120,
        "x": 49
    },
    "optimized_t_depth": 1351
}