{
    "algorithm_config": "gridsynth_eps0.007",
    "benchmark_name": "qaoa p5 s1 n12",
    "n": 12,
    "seed": 0,
    "unitary_distance": 0.04769392466165442,
    "state_fidelity": 0.9978128719404888,
    "num_nontrivial_rotations": 147,
    "time": 10.142982244491577,
    "num_gates": {
        "h": 3341,
        "t": 3122,
        "s": 1846,
        "cx": 180,
        "x": 91
    },
    "noisy_fidelity": {
        "1e-06": 0.9916779277645352,
        "1e-05": 0.9381640169831629,
        "0.0001": 0.5405390806688446
    },
    "t_depth": 929,
    "optimized_t_count": 3054,
    "optimized_num_gates": {
        "h": 3341,
        "t": 3054,
        "s": 1865,
        "cx": 180,
        "x": 91
    },
    "optimized_t_depth": 919
}