{
    "algorithm_config": "gridsynth_eps0.007",
    "benchmark_name": "qaoa p2 s8 n10",
    "n": 10,
    "seed": 0,
    "unitary_distance": 0.02224222836511926,
    "state_fidelity": 0.9994927598558896,
    "num_nontrivial_rotations": 49,
    "time": 3.420806407928467,
    "num_gates": {
        "h": 1087,
        "t": 1024,
        "s": 607,
        "cx": 60,
        "x": 24
    },
    "noisy_fidelity": {
        "1e-06": 0.9974908331051371,
        "1e-05": 0.9796569253103111,
        "0.0001": 0.8182778043274653
    },
    "t_depth": 506,
    "optimized_t_count": 994,
    "optimized_num_gates": {
        "h": 1087,
        "t": 994,
        "s": 619,
        "cx": 60,
        "x": 24
    },
    "optimized_t_depth": 490
}