{
    "algorithm_config": "gridsynth_eps0.007",
    "benchmark_name": "qaoa p4 s3 n4",
    "n": 4,
    "seed": 0,
    "unitary_distance": 0.03505080151579791,
    "state_fidelity": 0.9987063390436423,
    "num_nontrivial_rotations": 39,
    "time": 3.5908010005950928,
    "num_gates": {
        "h": 866,
        "t": 823,
        "s": 511,
        "cx": 48,
        "x": 18
    },
    "noisy_fidelity": {
        "1e-06": 0.9970873348446765,
        "1e-05": 0.9826493104925718,
        "0.0001": 0.8506535313877227
    },
    "t_depth": 624,
    "optimized_t_count": 801,
    "optimized_num_gates": {
        "h": 866,
        "t": 801,
        "s": 517,
        "cx": 48,
        "x": 18
    },
    "optimized_t_depth": 607
}