{
    "algorithm_config": "gridsynth_eps0.007",
    "benchmark_name": "qaoa p4 s3 n10",
    "n": 10,
    "seed": 0,
    "unitary_distance": 0.035006223547397367,
    "state_fidelity": 0.9993676943737166,
    "num_nontrivial_rotations": 99,
    "time": 6.851590871810913,
    "num_gates": {
        "h": 2223,
        "t": 2082,
        "s": 1341,
        "cx": 120,
        "x": 47
    },
    "noisy_fidelity": {
        "1e-06": 0.9960244343359179,
        "1e-05": 0.9664553384398379,
        "0.0001": 0.716580536458447
    },
    "t_depth": 753,
    "optimized_t_count": 2060,
    "optimized_num_gates": {
        "h": 2223,
        "t": 2060,
        "s": 1347,
        "cx": 120,
        "x": 47
    },
    "optimized_t_depth": 741
}