{
    "algorithm_config": "gridsynth_eps0.007",
    "benchmark_name": "qaoa p4 s1 n12",
    "n": 12,
    "seed": 0,
    "unitary_distance": 0.03801408824427654,
    "state_fidelity": 0.9984770412791563,
    "num_nontrivial_rotations": 118,
    "time": 7.5299036502838135,
    "num_gates": {
        "h": 2741,
        "t": 2579,
        "s": 1532,
        "cx": 144,
        "x": 69
    },
    "noisy_fidelity": {
        "1e-06": 0.9940318333289759,
        "1e-05": 0.9549292427047933,
        "0.0001": 0.6409088056445743
    },
    "t_depth": 811,
    "optimized_t_count": 2539,
    "optimized_num_gates": {
        "h": 2741,
        "t": 2539,
        "s": 1549,
        "cx": 144,
        "x": 69
    },
    "optimized_t_depth": 796
}