{
    "algorithm_config": "gridsynth_eps0.007",
    "benchmark_name": "qaoa p1 s5 n4",
    "n": 4,
    "seed": 0,
    "unitary_distance": 0.010508518780901357,
    "state_fidelity": 0.9998849228416499,
    "num_nontrivial_rotations": 10,
    "time": 0.8166563510894775,
    "num_gates": {
        "h": 230,
        "t": 214,
        "s": 138,
        "cx": 12,
        "x": 2
    },
    "noisy_fidelity": {
        "1e-06": 0.999492408851579,
        "1e-05": 0.9959677599194698,
        "0.0001": 0.961498804763367
    },
    "t_depth": 191,
    "optimized_t_count": 210,
    "optimized_num_gates": {
        "h": 230,
        "t": 210,
        "s": 139,
        "cx": 12,
        "x": 2
    },
    "optimized_t_depth": 188
}