{
    "algorithm_config": "gridsynth_eps0.007",
    "benchmark_name": "qaoa p3 s9 n10",
    "n": 10,
    "seed": 0,
    "unitary_distance": 0.02311429433981785,
    "state_fidelity": 0.9994178013969153,
    "num_nontrivial_rotations": 74,
    "time": 4.7752366065979,
    "num_gates": {
        "h": 1657,
        "t": 1573,
        "s": 989,
        "cx": 90,
        "x": 50
    },
    "noisy_fidelity": {
        "1e-06": 0.9962570763909018,
        "1e-05": 0.9682632535584723,
        "0.0001": 0.7286441034602396
    },
    "t_depth": 581,
    "optimized_t_count": 1539,
    "optimized_num_gates": {
        "h": 1657,
        "t": 1539,
        "s": 997,
        "cx": 90,
        "x": 50
    },
    "optimized_t_depth": 565
}