{
    "algorithm_config": "gridsynth_eps0.007",
    "benchmark_name": "qaoa p3 s1 n10",
    "n": 10,
    "seed": 0,
    "unitary_distance": 0.027301757681631178,
    "state_fidelity": 0.9993239801669526,
    "num_nontrivial_rotations": 75,
    "time": 5.005405902862549,
    "num_gates": {
        "h": 1720,
        "t": 1624,
        "s": 922,
        "cx": 90,
        "x": 33
    },
    "noisy_fidelity": {
        "1e-06": 0.9962687369409668,
        "1e-05": 0.9691986172691387,
        "0.0001": 0.7366066711687751
    },
    "t_depth": 633,
    "optimized_t_count": 1580,
    "optimized_num_gates": {
        "h": 1720,
        "t": 1580,
        "s": 933,
        "cx": 90,
        "x": 33
    },
    "optimized_t_depth": 607
}