{
    "algorithm_config": "gridsynth_eps0.007",
    "benchmark_name": "qaoa p5 s1 n8",
    "n": 8,
    "seed": 0,
    "unitary_distance": 0.03979313016545186,
    "state_fidelity": 0.9986321043619834,
    "num_nontrivial_rotations": 100,
    "time": 7.14215612411499,
    "num_gates": {
        "h": 2238,
        "t": 2107,
        "s": 1247,
        "cx": 120,
        "x": 50
    },
    "noisy_fidelity": {
        "1e-06": 0.9947351063184301,
        "1e-05": 0.9603646640429456,
        "0.0001": 0.67747900518402
    },
    "t_depth": 1039,
    "optimized_t_count": 2047,
    "optimized_num_gates": {
        "h": 2238,
        "t": 2047,
        "s": 1267,
        "cx": 120,
        "x": 50
    },
    "optimized_t_depth": 1005
}