{
    "algorithm_config": "gridsynth_eps0.007",
    "benchmark_name": "qaoa p4 s6 n6",
    "n": 6,
    "seed": 0,
    "unitary_distance": 0.025047818607005962,
    "state_fidelity": 0.9993894114797354,
    "num_nontrivial_rotations": 59,
    "time": 4.002409934997559,
    "num_gates": {
        "h": 1331,
        "t": 1245,
        "s": 673,
        "cx": 72,
        "x": 29
    },
    "noisy_fidelity": {
        "1e-06": 0.99717322134301,
        "1e-05": 0.9774595400306131,
        "0.0001": 0.8015568530376731
    },
    "t_depth": 758,
    "optimized_t_count": 1223,
    "optimized_num_gates": {
        "h": 1331,
        "t": 1223,
        "s": 679,
        "cx": 72,
        "x": 29
    },
    "optimized_t_depth": 738
}