{
    "algorithm_config": "gridsynth_eps0.007",
    "benchmark_name": "qaoa p2 s5 n4",
    "n": 4,
    "seed": 0,
    "unitary_distance": 0.019270200310461814,
    "state_fidelity": 0.9994182646964616,
    "num_nontrivial_rotations": 19,
    "time": 1.842357873916626,
    "num_gates": {
        "h": 404,
        "t": 374,
        "s": 253,
        "cx": 24,
        "x": 9
    },
    "noisy_fidelity": {
        "1e-06": 0.9986631066773676,
        "1e-05": 0.9918957100052315,
        "0.0001": 0.9270132459301237
    },
    "t_depth": 290,
    "optimized_t_count": 358,
    "optimized_num_gates": {
        "h": 404,
        "t": 358,
        "s": 257,
        "cx": 24,
        "x": 9
    },
    "optimized_t_depth": 276
}