{
    "algorithm_config": "gridsynth_eps0.007",
    "benchmark_name": "qaoa p5 s6 n12",
    "n": 12,
    "seed": 0,
    "unitary_distance": 0.038186042868349195,
    "state_fidelity": 0.998697250458742,
    "num_nontrivial_rotations": 148,
    "time": 8.997524499893188,
    "num_gates": {
        "h": 3386,
        "t": 3181,
        "s": 1820,
        "cx": 180,
        "x": 80
    },
    "noisy_fidelity": {
        "1e-06": 0.9928034336184608,
        "1e-05": 0.9413358111694441,
        "0.0001": 0.554937299961587
    },
    "t_depth": 1211,
    "optimized_t_count": 3107,
    "optimized_num_gates": {
        "h": 3386,
        "t": 3107,
        "s": 1842,
        "cx": 180,
        "x": 80
    },
    "optimized_t_depth": 1191
}