{
    "algorithm_config": "gridsynth_eps0.007",
    "benchmark_name": "qaoa p1 s8 n6",
    "n": 6,
    "seed": 0,
    "unitary_distance": 0.012342418678964006,
    "state_fidelity": 0.999884874418307,
    "num_nontrivial_rotations": 15,
    "time": 1.26822829246521,
    "num_gates": {
        "h": 331,
        "t": 304,
        "s": 191,
        "cx": 18,
        "x": 8
    },
    "noisy_fidelity": {
        "1e-06": 0.9993776089856348,
        "1e-05": 0.9948249023280534,
        "0.0001": 0.9505291011257615
    },
    "t_depth": 183,
    "optimized_t_count": 300,
    "optimized_num_gates": {
        "h": 331,
        "t": 300,
        "s": 192,
        "cx": 18,
        "x": 8
    },
    "optimized_t_depth": 182
}