{
    "algorithm_config": "gridsynth_eps0.007",
    "benchmark_name": "qaoa p4 s8 n6",
    "n": 6,
    "seed": 0,
    "unitary_distance": 0.027218863291194502,
    "state_fidelity": 0.9991601834178062,
    "num_nontrivial_rotations": 60,
    "time": 4.036197185516357,
    "num_gates": {
        "h": 1344,
        "t": 1271,
        "s": 745,
        "cx": 72,
        "x": 37
    },
    "noisy_fidelity": {
        "1e-06": 0.9968709920226662,
        "1e-05": 0.9765152805048555,
        "0.0001": 0.7955143002180114
    },
    "t_depth": 637,
    "optimized_t_count": 1227,
    "optimized_num_gates": {
        "h": 1344,
        "t": 1227,
        "s": 750,
        "cx": 72,
        "x": 37
    },
    "optimized_t_depth": 614
}