{
    "algorithm_config": "gridsynth_eps0.007",
    "benchmark_name": "qaoa p2 s9 n6",
    "n": 6,
    "seed": 0,
    "unitary_distance": 0.014072854583321862,
    "state_fidelity": 0.9998428279825868,
    "num_nontrivial_rotations": 29,
    "time": 2.359367847442627,
    "num_gates": {
        "h": 660,
        "t": 613,
        "s": 380,
        "cx": 36,
        "x": 17
    },
    "noisy_fidelity": {
        "1e-06": 0.9989464418634593,
        "1e-05": 0.9909187440247154,
        "0.0001": 0.9144452752863576
    },
    "t_depth": 334,
    "optimized_t_count": 595,
    "optimized_num_gates": {
        "h": 660,
        "t": 595,
        "s": 385,
        "cx": 36,
        "x": 17
    },
    "optimized_t_depth": 326
}