{
    "algorithm_config": "gridsynth_eps0.007",
    "benchmark_name": "qaoa p3 s1 n8",
    "n": 8,
    "seed": 0,
    "unitary_distance": 0.029340276200902553,
    "state_fidelity": 0.9990549138011796,
    "num_nontrivial_rotations": 50,
    "time": 4.034640073776245,
    "num_gates": {
        "h": 1105,
        "t": 1042,
        "s": 647,
        "cx": 72,
        "x": 23
    },
    "noisy_fidelity": {
        "1e-06": 0.9969615273251938,
        "1e-05": 0.9783215855558365,
        "0.0001": 0.8104112222982913
    },
    "t_depth": 526,
    "optimized_t_count": 986,
    "optimized_num_gates": {
        "h": 1105,
        "t": 986,
        "s": 657,
        "cx": 72,
        "x": 23
    },
    "optimized_t_depth": 502
}