{
    "algorithm_config": "gridsynth_eps0.007",
    "benchmark_name": "qaoa p1 s0 n12",
    "n": 12,
    "seed": 0,
    "unitary_distance": 0.0181485633849382,
    "state_fidelity": 0.9996772311828487,
    "num_nontrivial_rotations": 29,
    "time": 2.096017599105835,
    "num_gates": {
        "h": 676,
        "t": 626,
        "s": 356,
        "cx": 36,
        "x": 11
    },
    "noisy_fidelity": {
        "1e-06": 0.9985176617836011,
        "1e-05": 0.9881437440516565,
        "0.0001": 0.8903185509282676
    },
    "t_depth": 212,
    "optimized_t_count": 622,
    "optimized_num_gates": {
        "h": 676,
        "t": 622,
        "s": 358,
        "cx": 36,
        "x": 11
    },
    "optimized_t_depth": 210
}