{
    "algorithm_config": "gridsynth_eps0.007",
    "benchmark_name": "qaoa p1 s5 n10",
    "n": 10,
    "seed": 0,
    "unitary_distance": 0.01821216398482438,
    "state_fidelity": 0.9997193006218006,
    "num_nontrivial_rotations": 24,
    "time": 1.7385761737823486,
    "num_gates": {
        "h": 528,
        "t": 495,
        "s": 339,
        "cx": 30,
        "x": 13
    },
    "noisy_fidelity": {
        "1e-06": 0.9989142119558327,
        "1e-05": 0.991699214104915,
        "0.0001": 0.9225098145809836
    },
    "t_depth": 186,
    "optimized_t_count": 485,
    "optimized_num_gates": {
        "h": 528,
        "t": 485,
        "s": 341,
        "cx": 30,
        "x": 13
    },
    "optimized_t_depth": 179
}