{
    "algorithm_config": "gridsynth_eps0.007",
    "benchmark_name": "qaoa p5 s6 n10",
    "n": 10,
    "seed": 0,
    "unitary_distance": 0.036399912570535424,
    "state_fidelity": 0.9985729477417792,
    "num_nontrivial_rotations": 125,
    "time": 8.493017673492432,
    "num_gates": {
        "h": 2798,
        "t": 2631,
        "s": 1538,
        "cx": 150,
        "x": 53
    },
    "noisy_fidelity": {
        "1e-06": 0.9934689204689188,
        "1e-05": 0.9487210024705168,
        "0.0001": 0.6003505552038706
    },
    "t_depth": 801,
    "optimized_t_count": 2565,
    "optimized_num_gates": {
        "h": 2798,
        "t": 2565,
        "s": 1557,
        "cx": 150,
        "x": 53
    },
    "optimized_t_depth": 774
}