{
    "algorithm_config": "gridsynth_eps0.007",
    "benchmark_name": "qaoa p3 s9 n4",
    "n": 4,
    "seed": 0,
    "unitary_distance": 0.017927600280802987,
    "state_fidelity": 0.9993958844188301,
    "num_nontrivial_rotations": 30,
    "time": 2.473118305206299,
    "num_gates": {
        "h": 667,
        "t": 618,
        "s": 372,
        "cx": 36,
        "x": 8
    },
    "noisy_fidelity": {
        "1e-06": 0.9981531652443617,
        "1e-05": 0.9870483608356687,
        "0.0001": 0.8835132594602081
    },
    "t_depth": 476,
    "optimized_t_count": 604,
    "optimized_num_gates": {
        "h": 667,
        "t": 604,
        "s": 373,
        "cx": 36,
        "x": 8
    },
    "optimized_t_depth": 466
}