{
    "algorithm_config": "gridsynth_eps0.007",
    "benchmark_name": "qaoa p5 s8 n8",
    "n": 8,
    "seed": 0,
    "unitary_distance": 0.03749248564456897,
    "state_fidelity": 0.998118284886132,
    "num_nontrivial_rotations": 97,
    "time": 7.241739511489868,
    "num_gates": {
        "h": 2166,
        "t": 2028,
        "s": 1289,
        "cx": 120,
        "x": 37
    },
    "noisy_fidelity": {
        "1e-06": 0.9940603645671068,
        "1e-05": 0.9582913465635051,
        "0.0001": 0.6655667096376054
    },
    "t_depth": 981,
    "optimized_t_count": 2008,
    "optimized_num_gates": {
        "h": 2166,
        "t": 2008,
        "s": 1294,
        "cx": 120,
        "x": 37
    },
    "optimized_t_depth": 969
}