{
    "algorithm_config": "gridsynth_eps0.007",
    "benchmark_name": "qaoa p3 s1 n4",
    "n": 4,
    "seed": 0,
    "unitary_distance": 0.026057884517024343,
    "state_fidelity": 0.9994370636215437,
    "num_nontrivial_rotations": 29,
    "time": 2.4473719596862793,
    "num_gates": {
        "h": 627,
        "t": 591,
        "s": 332,
        "cx": 36,
        "x": 6
    },
    "noisy_fidelity": {
        "1e-06": 0.9983364362342886,
        "1e-05": 0.9884925669049085,
        "0.0001": 0.8959162783974668
    },
    "t_depth": 465,
    "optimized_t_count": 585,
    "optimized_num_gates": {
        "h": 627,
        "t": 585,
        "s": 335,
        "cx": 36,
        "x": 6
    },
    "optimized_t_depth": 459
}