{
    "algorithm_config": "gridsynth_eps0.007",
    "benchmark_name": "qaoa p1 s4 n10",
    "n": 10,
    "seed": 0,
    "unitary_distance": 0.014802477755714097,
    "state_fidelity": 0.9998052731170899,
    "num_nontrivial_rotations": 25,
    "time": 1.8804643154144287,
    "num_gates": {
        "h": 576,
        "t": 529,
        "s": 317,
        "cx": 30,
        "x": 5
    },
    "noisy_fidelity": {
        "1e-06": 0.9988891193747542,
        "1e-05": 0.9906832311564379,
        "0.0001": 0.9124075294112346
    },
    "t_depth": 275,
    "optimized_t_count": 515,
    "optimized_num_gates": {
        "h": 576,
        "t": 515,
        "s": 321,
        "cx": 30,
        "x": 5
    },
    "optimized_t_depth": 270
}