{
    "algorithm_config": "gridsynth_eps0.007",
    "benchmark_name": "qaoa p3 s0 n12",
    "n": 12,
    "seed": 0,
    "unitary_distance": 0.029817054087228807,
    "state_fidelity": 0.9989137871413626,
    "num_nontrivial_rotations": 89,
    "time": 6.068924903869629,
    "num_gates": {
        "h": 1982,
        "t": 1843,
        "s": 1112,
        "cx": 108,
        "x": 48
    },
    "noisy_fidelity": {
        "1e-06": 0.9955506799456618,
        "1e-05": 0.9658006563270966,
        "0.0001": 0.7140256420794476
    },
    "t_depth": 504,
    "optimized_t_count": 1803,
    "optimized_num_gates": {
        "h": 1982,
        "t": 1803,
        "s": 1125,
        "cx": 108,
        "x": 48
    },
    "optimized_t_depth": 486
}