{
    "algorithm_config": "gridsynth_eps0.007",
    "benchmark_name": "qaoa p1 s9 n4",
    "n": 4,
    "seed": 0,
    "unitary_distance": 0.011264884490028026,
    "state_fidelity": 0.9998560845123288,
    "num_nontrivial_rotations": 10,
    "time": 0.6774420738220215,
    "num_gates": {
        "h": 213,
        "t": 196,
        "s": 117,
        "cx": 12,
        "x": 8
    },
    "noisy_fidelity": {
        "1e-06": 0.9994803969328893,
        "1e-05": 0.9961064860360167,
        "0.0001": 0.9630772744201495
    },
    "t_depth": 175,
    "optimized_t_count": 196,
    "optimized_num_gates": {
        "h": 213,
        "t": 196,
        "s": 117,
        "cx": 12,
        "x": 8
    },
    "optimized_t_depth": 175
}