{
    "algorithm_config": "gridsynth_eps0.007",
    "benchmark_name": "qaoa p4 s1 n8",
    "n": 8,
    "seed": 0,
    "unitary_distance": 0.037149203774422206,
    "state_fidelity": 0.998849506342853,
    "num_nontrivial_rotations": 79,
    "time": 5.305297613143921,
    "num_gates": {
        "h": 1791,
        "t": 1679,
        "s": 998,
        "cx": 96,
        "x": 49
    },
    "noisy_fidelity": {
        "1e-06": 0.9957805162569731,
        "1e-05": 0.968598788622061,
        "0.0001": 0.7358347910793133
    },
    "t_depth": 858,
    "optimized_t_count": 1649,
    "optimized_num_gates": {
        "h": 1791,
        "t": 1649,
        "s": 1005,
        "cx": 96,
        "x": 49
    },
    "optimized_t_depth": 843
}