{
    "algorithm_config": "gridsynth_eps0.007",
    "benchmark_name": "qaoa p2 s8 n12",
    "n": 12,
    "seed": 0,
    "unitary_distance": 0.029624538152821255,
    "state_fidelity": 0.9992203826392326,
    "num_nontrivial_rotations": 60,
    "time": 4.288384437561035,
    "num_gates": {
        "h": 1386,
        "t": 1295,
        "s": 767,
        "cx": 72,
        "x": 17
    },
    "noisy_fidelity": {
        "1e-06": 0.9970845758026732,
        "1e-05": 0.9780755949691703,
        "0.0001": 0.8075604257657414
    },
    "t_depth": 476,
    "optimized_t_count": 1287,
    "optimized_num_gates": {
        "h": 1386,
        "t": 1287,
        "s": 769,
        "cx": 72,
        "x": 17
    },
    "optimized_t_depth": 472
}