{
    "algorithm_config": "gridsynth_eps0.007",
    "benchmark_name": "qaoa p5 s8 n4",
    "n": 4,
    "seed": 0,
    "unitary_distance": 0.0276995183843632,
    "state_fidelity": 0.9991922370506214,
    "num_nontrivial_rotations": 49,
    "time": 3.834564685821533,
    "num_gates": {
        "h": 1055,
        "t": 992,
        "s": 594,
        "cx": 60,
        "x": 16
    },
    "noisy_fidelity": {
        "1e-06": 0.9974934592142531,
        "1e-05": 0.9823517058644509,
        "0.0001": 0.8445887575338427
    },
    "t_depth": 728,
    "optimized_t_count": 970,
    "optimized_num_gates": {
        "h": 1055,
        "t": 970,
        "s": 601,
        "cx": 60,
        "x": 16
    },
    "optimized_t_depth": 708
}