{
    "algorithm_config": "gridsynth_eps0.007",
    "benchmark_name": "qaoa p1 s7 n10",
    "n": 10,
    "seed": 0,
    "unitary_distance": 0.015443743711075614,
    "state_fidelity": 0.99981474001528,
    "num_nontrivial_rotations": 25,
    "time": 1.7098162174224854,
    "num_gates": {
        "h": 609,
        "t": 564,
        "s": 371,
        "cx": 30,
        "x": 10
    },
    "noisy_fidelity": {
        "1e-06": 0.9989909175521248,
        "1e-05": 0.9916089490985041,
        "0.0001": 0.920903800390923
    },
    "t_depth": 245,
    "optimized_t_count": 550,
    "optimized_num_gates": {
        "h": 609,
        "t": 550,
        "s": 375,
        "cx": 30,
        "x": 10
    },
    "optimized_t_depth": 238
}