{
    "algorithm_config": "gridsynth_eps0.007",
    "benchmark_name": "qaoa p3 s1 n6",
    "n": 6,
    "seed": 0,
    "unitary_distance": 0.024258271459432514,
    "state_fidelity": 0.9994029259704517,
    "num_nontrivial_rotations": 45,
    "time": 3.2727999687194824,
    "num_gates": {
        "h": 997,
        "t": 930,
        "s": 615,
        "cx": 54,
        "x": 33
    },
    "noisy_fidelity": {
        "1e-06": 0.9978425585435873,
        "1e-05": 0.9839175895465369,
        "0.0001": 0.8557184316012985
    },
    "t_depth": 474,
    "optimized_t_count": 906,
    "optimized_num_gates": {
        "h": 997,
        "t": 906,
        "s": 621,
        "cx": 54,
        "x": 33
    },
    "optimized_t_depth": 460
}