{
    "algorithm_config": "gridsynth_eps0.007",
    "benchmark_name": "qaoa p5 s8 n12",
    "n": 12,
    "seed": 0,
    "unitary_distance": 0.0427138242797005,
    "state_fidelity": 0.9981217096449286,
    "num_nontrivial_rotations": 146,
    "time": 9.811426639556885,
    "num_gates": {
        "h": 3249,
        "t": 3021,
        "s": 1882,
        "cx": 180,
        "x": 66
    },
    "noisy_fidelity": {
        "1e-06": 0.9919863383644263,
        "1e-05": 0.9384501910265404,
        "0.0001": 0.5395866493858724
    },
    "t_depth": 969,
    "optimized_t_count": 2989,
    "optimized_num_gates": {
        "h": 3249,
        "t": 2989,
        "s": 1892,
        "cx": 180,
        "x": 66
    },
    "optimized_t_depth": 964
}