{
    "algorithm_config": "gridsynth_eps0.007",
    "benchmark_name": "qaoa p4 s9 n8",
    "n": 8,
    "seed": 0,
    "unitary_distance": 0.031699768043438964,
    "state_fidelity": 0.9991337471579026,
    "num_nontrivial_rotations": 79,
    "time": 6.273962736129761,
    "num_gates": {
        "h": 1841,
        "t": 1754,
        "s": 1027,
        "cx": 96,
        "x": 28
    },
    "noisy_fidelity": {
        "1e-06": 0.9958521238111209,
        "1e-05": 0.96681644528733,
        "0.0001": 0.7205531974755801
    },
    "t_depth": 728,
    "optimized_t_count": 1700,
    "optimized_num_gates": {
        "h": 1841,
        "t": 1700,
        "s": 1046,
        "cx": 96,
        "x": 28
    },
    "optimized_t_depth": 697
}