{
    "algorithm_config": "gridsynth_eps0.007",
    "benchmark_name": "qaoa p5 s5 n4",
    "n": 4,
    "seed": 0,
    "unitary_distance": 0.02214982280299957,
    "state_fidelity": 0.9995295093877236,
    "num_nontrivial_rotations": 50,
    "time": 3.6717960834503174,
    "num_gates": {
        "h": 1134,
        "t": 1075,
        "s": 628,
        "cx": 60,
        "x": 16
    },
    "noisy_fidelity": {
        "1e-06": 0.9976456160492004,
        "1e-05": 0.9808699540394585,
        "0.0001": 0.8296528460705712
    },
    "t_depth": 798,
    "optimized_t_count": 1051,
    "optimized_num_gates": {
        "h": 1134,
        "t": 1051,
        "s": 633,
        "cx": 60,
        "x": 16
    },
    "optimized_t_depth": 778
}