{
    "algorithm_config": "gridsynth_eps0.007",
    "benchmark_name": "qaoa p5 s2 n8",
    "n": 8,
    "seed": 0,
    "unitary_distance": 0.036465206748082214,
    "state_fidelity": 0.9988410142202088,
    "num_nontrivial_rotations": 92,
    "time": 6.719573736190796,
    "num_gates": {
        "h": 2046,
        "t": 1906,
        "s": 1226,
        "cx": 120,
        "x": 48
    },
    "noisy_fidelity": {
        "1e-06": 0.9950345230699954,
        "1e-05": 0.9614392989539188,
        "0.0001": 0.6832126947188002
    },
    "t_depth": 870,
    "optimized_t_count": 1884,
    "optimized_num_gates": {
        "h": 2046,
        "t": 1884,
        "s": 1229,
        "cx": 120,
        "x": 48
    },
    "optimized_t_depth": 852
}