{
    "algorithm_config": "gridsynth_eps0.007",
    "benchmark_name": "qaoa p2 s8 n8",
    "n": 8,
    "seed": 0,
    "unitary_distance": 0.02469563590864521,
    "state_fidelity": 0.9993334796948344,
    "num_nontrivial_rotations": 40,
    "time": 2.8475301265716553,
    "num_gates": {
        "h": 886,
        "t": 838,
        "s": 509,
        "cx": 48,
        "x": 20
    },
    "noisy_fidelity": {
        "1e-06": 0.9979974672342476,
        "1e-05": 0.9860589054966689,
        "0.0001": 0.8747364014740838
    },
    "t_depth": 432,
    "optimized_t_count": 826,
    "optimized_num_gates": {
        "h": 886,
        "t": 826,
        "s": 513,
        "cx": 48,
        "x": 20
    },
    "optimized_t_depth": 428
}