{
    "algorithm_config": "gridsynth_eps0.007",
    "benchmark_name": "qaoa p2 s1 n12",
    "n": 12,
    "seed": 0,
    "unitary_distance": 0.02818406762275331,
    "state_fidelity": 0.9993076910574846,
    "num_nontrivial_rotations": 59,
    "time": 4.168679475784302,
    "num_gates": {
        "h": 1362,
        "t": 1276,
        "s": 808,
        "cx": 72,
        "x": 32
    },
    "noisy_fidelity": {
        "1e-06": 0.9968714730740889,
        "1e-05": 0.975219670596706,
        "0.0001": 0.7836466025834181
    },
    "t_depth": 501,
    "optimized_t_count": 1222,
    "optimized_num_gates": {
        "h": 1362,
        "t": 1222,
        "s": 823,
        "cx": 72,
        "x": 32
    },
    "optimized_t_depth": 473
}