{
    "algorithm_config": "gridsynth_eps0.007",
    "benchmark_name": "qaoa p2 s0 n6",
    "n": 6,
    "seed": 0,
    "unitary_distance": 0.020192326734771636,
    "state_fidelity": 0.9996514288746835,
    "num_nontrivial_rotations": 30,
    "time": 2.0221924781799316,
    "num_gates": {
        "h": 665,
        "t": 630,
        "s": 408,
        "cx": 36,
        "x": 10
    },
    "noisy_fidelity": {
        "1e-06": 0.9985212887640174,
        "1e-05": 0.9884119567780161,
        "0.0001": 0.8931968201073122
    },
    "t_depth": 335,
    "optimized_t_count": 628,
    "optimized_num_gates": {
        "h": 665,
        "t": 628,
        "s": 409,
        "cx": 36,
        "x": 10
    },
    "optimized_t_depth": 333
}