{
    "algorithm_config": "gridsynth_eps0.007",
    "benchmark_name": "qaoa p1 s1 n6",
    "n": 6,
    "seed": 0,
    "unitary_distance": 0.016084943099073976,
    "state_fidelity": 0.999585791837774,
    "num_nontrivial_rotations": 15,
    "time": 1.1997356414794922,
    "num_gates": {
        "h": 357,
        "t": 334,
        "s": 195,
        "cx": 18,
        "x": 9
    },
    "noisy_fidelity": {
        "1e-06": 0.9989993660014421,
        "1e-05": 0.9937383536452794,
        "0.0001": 0.9427568001997797
    },
    "t_depth": 201,
    "optimized_t_count": 330,
    "optimized_num_gates": {
        "h": 357,
        "t": 330,
        "s": 195,
        "cx": 18,
        "x": 9
    },
    "optimized_t_depth": 200
}