{
    "algorithm_config": "gridsynth_eps0.007",
    "benchmark_name": "qaoa p5 s7 n4",
    "n": 4,
    "seed": 0,
    "unitary_distance": 0.028858534279303242,
    "state_fidelity": 0.9993353380152526,
    "num_nontrivial_rotations": 48,
    "time": 3.938265323638916,
    "num_gates": {
        "h": 1058,
        "t": 998,
        "s": 618,
        "cx": 60,
        "x": 28
    },
    "noisy_fidelity": {
        "1e-06": 0.9975801100695897,
        "1e-05": 0.9819420587847265,
        "0.0001": 0.8402554452092514
    },
    "t_depth": 770,
    "optimized_t_count": 970,
    "optimized_num_gates": {
        "h": 1058,
        "t": 970,
        "s": 626,
        "cx": 60,
        "x": 28
    },
    "optimized_t_depth": 746
}