{
    "algorithm_config": "gridsynth_eps0.007",
    "benchmark_name": "qaoa p5 s2 n6",
    "n": 6,
    "seed": 0,
    "unitary_distance": 0.03128886547020283,
    "state_fidelity": 0.9991228460863149,
    "num_nontrivial_rotations": 68,
    "time": 5.350560903549194,
    "num_gates": {
        "h": 1535,
        "t": 1438,
        "s": 851,
        "cx": 90,
        "x": 24
    },
    "noisy_fidelity": {
        "1e-06": 0.9962332554937081,
        "1e-05": 0.9706137263638585,
        "0.0001": 0.7491117946644318
    },
    "t_depth": 723,
    "optimized_t_count": 1410,
    "optimized_num_gates": {
        "h": 1535,
        "t": 1410,
        "s": 859,
        "cx": 90,
        "x": 24
    },
    "optimized_t_depth": 699
}