{
    "algorithm_config": "gridsynth_eps0.007",
    "benchmark_name": "qaoa p5 s0 n4",
    "n": 4,
    "seed": 0,
    "unitary_distance": 0.02429544918332521,
    "state_fidelity": 0.9990496866704185,
    "num_nontrivial_rotations": 50,
    "time": 3.819808006286621,
    "num_gates": {
        "h": 1143,
        "t": 1071,
        "s": 668,
        "cx": 60,
        "x": 27
    },
    "noisy_fidelity": {
        "1e-06": 0.9971131117263319,
        "1e-05": 0.9798742469149833,
        "0.0001": 0.8249898302487686
    },
    "t_depth": 798,
    "optimized_t_count": 1053,
    "optimized_num_gates": {
        "h": 1143,
        "t": 1053,
        "s": 674,
        "cx": 60,
        "x": 27
    },
    "optimized_t_depth": 782
}