{
    "algorithm_config": "gridsynth_eps0.007",
    "benchmark_name": "qaoa p1 s1 n4",
    "n": 4,
    "seed": 0,
    "unitary_distance": 0.008334859719874639,
    "state_fidelity": 0.9999655370071425,
    "num_nontrivial_rotations": 9,
    "time": 0.9556951522827148,
    "num_gates": {
        "h": 209,
        "t": 196,
        "s": 114,
        "cx": 12,
        "x": 2
    },
    "noisy_fidelity": {
        "1e-06": 0.9996421379923227,
        "1e-05": 0.9967370429773658,
        "0.0001": 0.9682231002037065
    },
    "t_depth": 176,
    "optimized_t_count": 188,
    "optimized_num_gates": {
        "h": 209,
        "t": 188,
        "s": 116,
        "cx": 12,
        "x": 2
    },
    "optimized_t_depth": 169
}