{
    "algorithm_config": "gridsynth_eps0.007",
    "benchmark_name": "qaoa p2 s2 n8",
    "n": 8,
    "seed": 0,
    "unitary_distance": 0.021669495570198174,
    "state_fidelity": 0.9995592072839864,
    "num_nontrivial_rotations": 39,
    "time": 2.8629443645477295,
    "num_gates": {
        "h": 874,
        "t": 815,
        "s": 453,
        "cx": 48,
        "x": 16
    },
    "noisy_fidelity": {
        "1e-06": 0.997958553223916,
        "1e-05": 0.9836712233991223,
        "0.0001": 0.8519006564471867
    },
    "t_depth": 444,
    "optimized_t_count": 777,
    "optimized_num_gates": {
        "h": 874,
        "t": 777,
        "s": 467,
        "cx": 48,
        "x": 16
    },
    "optimized_t_depth": 430
}