{
    "algorithm_config": "gridsynth_eps0.007",
    "benchmark_name": "qaoa p3 s7 n8",
    "n": 8,
    "seed": 0,
    "unitary_distance": 0.030590686911335048,
    "state_fidelity": 0.9995364803721821,
    "num_nontrivial_rotations": 60,
    "time": 4.371219158172607,
    "num_gates": {
        "h": 1327,
        "t": 1236,
        "s": 817,
        "cx": 72,
        "x": 30
    },
    "noisy_fidelity": {
        "1e-06": 0.9974300295166453,
        "1e-05": 0.978680722244893,
        "0.0001": 0.8103574096892588
    },
    "t_depth": 556,
    "optimized_t_count": 1204,
    "optimized_num_gates": {
        "h": 1327,
        "t": 1204,
        "s": 823,
        "cx": 72,
        "x": 30
    },
    "optimized_t_depth": 538
}