{
    "algorithm_config": "gridsynth_eps0.007",
    "benchmark_name": "qaoa p5 s7 n8",
    "n": 8,
    "seed": 0,
    "unitary_distance": 0.04233318296066925,
    "state_fidelity": 0.9982564282627159,
    "num_nontrivial_rotations": 99,
    "time": 7.612704038619995,
    "num_gates": {
        "h": 2185,
        "t": 2077,
        "s": 1254,
        "cx": 120,
        "x": 49
    },
    "noisy_fidelity": {
        "1e-06": 0.9941449507611018,
        "1e-05": 0.9579145663731959,
        "0.0001": 0.6622170980011477
    },
    "t_depth": 865,
    "optimized_t_count": 2021,
    "optimized_num_gates": {
        "h": 2185,
        "t": 2021,
        "s": 1273,
        "cx": 120,
        "x": 49
    },
    "optimized_t_depth": 836
}