{
    "algorithm_config": "gridsynth_eps0.007",
    "benchmark_name": "qaoa p5 s1 n6",
    "n": 6,
    "seed": 0,
    "unitary_distance": 0.03154701467573552,
    "state_fidelity": 0.999316855485088,
    "num_nontrivial_rotations": 69,
    "time": 5.479608058929443,
    "num_gates": {
        "h": 1527,
        "t": 1426,
        "s": 931,
        "cx": 90,
        "x": 27
    },
    "noisy_fidelity": {
        "1e-06": 0.9965398681635201,
        "1e-05": 0.9719082829661629,
        "0.0001": 0.7580634906165555
    },
    "t_depth": 687,
    "optimized_t_count": 1396,
    "optimized_num_gates": {
        "h": 1527,
        "t": 1396,
        "s": 942,
        "cx": 90,
        "x": 27
    },
    "optimized_t_depth": 667
}