{
    "algorithm_config": "gridsynth_eps0.007",
    "benchmark_name": "qaoa p3 s9 n6",
    "n": 6,
    "seed": 0,
    "unitary_distance": 0.019145141075605634,
    "state_fidelity": 0.9997230703714716,
    "num_nontrivial_rotations": 44,
    "time": 3.3020730018615723,
    "num_gates": {
        "h": 975,
        "t": 906,
        "s": 526,
        "cx": 54,
        "x": 22
    },
    "noisy_fidelity": {
        "1e-06": 0.9980725860575277,
        "1e-05": 0.983347473294947,
        "0.0001": 0.8481574634894209
    },
    "t_depth": 496,
    "optimized_t_count": 898,
    "optimized_num_gates": {
        "h": 975,
        "t": 898,
        "s": 529,
        "cx": 54,
        "x": 22
    },
    "optimized_t_depth": 493
}