{
    "algorithm_config": "gridsynth_eps0.007",
    "benchmark_name": "qaoa p5 s3 n6",
    "n": 6,
    "seed": 0,
    "unitary_distance": 0.02717901217413494,
    "state_fidelity": 0.9993264329492935,
    "num_nontrivial_rotations": 65,
    "time": 5.739964485168457,
    "num_gates": {
        "h": 1460,
        "t": 1380,
        "s": 877,
        "cx": 90,
        "x": 34
    },
    "noisy_fidelity": {
        "1e-06": 0.9967774427186858,
        "1e-05": 0.9741446250443354,
        "0.0001": 0.7756673828060706
    },
    "t_depth": 745,
    "optimized_t_count": 1346,
    "optimized_num_gates": {
        "h": 1460,
        "t": 1346,
        "s": 883,
        "cx": 90,
        "x": 34
    },
    "optimized_t_depth": 725
}