{
    "algorithm_config": "gridsynth_eps0.007",
    "benchmark_name": "qaoa p5 s4 n6",
    "n": 6,
    "seed": 0,
    "unitary_distance": 0.030750531544481565,
    "state_fidelity": 0.9987825171074367,
    "num_nontrivial_rotations": 72,
    "time": 5.95136022567749,
    "num_gates": {
        "h": 1634,
        "t": 1525,
        "s": 913,
        "cx": 90,
        "x": 34
    },
    "noisy_fidelity": {
        "1e-06": 0.9957666305510666,
        "1e-05": 0.9690496001747032,
        "0.0001": 0.7398469956005859
    },
    "t_depth": 841,
    "optimized_t_count": 1471,
    "optimized_num_gates": {
        "h": 1634,
        "t": 1471,
        "s": 925,
        "cx": 90,
        "x": 34
    },
    "optimized_t_depth": 819
}