{
    "algorithm_config": "gridsynth_eps0.007",
    "benchmark_name": "qaoa p3 s0 n8",
    "n": 8,
    "seed": 0,
    "unitary_distance": 0.03232622778784013,
    "state_fidelity": 0.9993052573962024,
    "num_nontrivial_rotations": 59,
    "time": 4.267853260040283,
    "num_gates": {
        "h": 1307,
        "t": 1211,
        "s": 741,
        "cx": 72,
        "x": 31
    },
    "noisy_fidelity": {
        "1e-06": 0.9971029776472178,
        "1e-05": 0.9775101040888521,
        "0.0001": 0.8024241564960483
    },
    "t_depth": 474,
    "optimized_t_count": 1177,
    "optimized_num_gates": {
        "h": 1307,
        "t": 1177,
        "s": 754,
        "cx": 72,
        "x": 31
    },
    "optimized_t_depth": 465
}