{
    "algorithm_config": "gridsynth_eps0.007",
    "benchmark_name": "qaoa p5 s7 n6",
    "n": 6,
    "seed": 0,
    "unitary_distance": 0.02872530703377409,
    "state_fidelity": 0.9992265445945929,
    "num_nontrivial_rotations": 74,
    "time": 5.577941417694092,
    "num_gates": {
        "h": 1704,
        "t": 1606,
        "s": 980,
        "cx": 90,
        "x": 40
    },
    "noisy_fidelity": {
        "1e-06": 0.9963663083941987,
        "1e-05": 0.9710099604792644,
        "0.0001": 0.7519725427107407
    },
    "t_depth": 833,
    "optimized_t_count": 1564,
    "optimized_num_gates": {
        "h": 1704,
        "t": 1564,
        "s": 997,
        "cx": 90,
        "x": 40
    },
    "optimized_t_depth": 811
}