{
    "algorithm_config": "gridsynth_eps0.007",
    "benchmark_name": "qaoa p3 s4 n8",
    "n": 8,
    "seed": 0,
    "unitary_distance": 0.034166501603977904,
    "state_fidelity": 0.9988222112435339,
    "num_nontrivial_rotations": 52,
    "time": 4.134390592575073,
    "num_gates": {
        "h": 1130,
        "t": 1057,
        "s": 640,
        "cx": 72,
        "x": 19
    },
    "noisy_fidelity": {
        "1e-06": 0.9968479620117776,
        "1e-05": 0.9792614736660396,
        "0.0001": 0.8201856814344597
    },
    "t_depth": 449,
    "optimized_t_count": 1029,
    "optimized_num_gates": {
        "h": 1130,
        "t": 1029,
        "s": 648,
        "cx": 72,
        "x": 19
    },
    "optimized_t_depth": 439
}