{
    "algorithm_config": "gridsynth_eps0.007",
    "benchmark_name": "qaoa p2 s3 n10",
    "n": 10,
    "seed": 0,
    "unitary_distance": 0.021078104316375808,
    "state_fidelity": 0.999600493392096,
    "num_nontrivial_rotations": 50,
    "time": 3.3826699256896973,
    "num_gates": {
        "h": 1115,
        "t": 1031,
        "s": 611,
        "cx": 60,
        "x": 13
    },
    "noisy_fidelity": {
        "1e-06": 0.9975871201425349,
        "1e-05": 0.9796516761018358,
        "0.0001": 0.8173940809603529
    },
    "t_depth": 431,
    "optimized_t_count": 1019,
    "optimized_num_gates": {
        "h": 1115,
        "t": 1019,
        "s": 616,
        "cx": 60,
        "x": 13
    },
    "optimized_t_depth": 429
}