{
    "algorithm_config": "gridsynth_eps0.007",
    "benchmark_name": "qaoa p2 s6 n4",
    "n": 4,
    "seed": 0,
    "unitary_distance": 0.013824729032465798,
    "state_fidelity": 0.9998135611038809,
    "num_nontrivial_rotations": 20,
    "time": 1.736750602722168,
    "num_gates": {
        "h": 446,
        "t": 413,
        "s": 221,
        "cx": 24,
        "x": 6
    },
    "noisy_fidelity": {
        "1e-06": 0.9990534996718242,
        "1e-05": 0.992242551445701,
        "0.0001": 0.9269786587645795
    },
    "t_depth": 332,
    "optimized_t_count": 405,
    "optimized_num_gates": {
        "h": 446,
        "t": 405,
        "s": 222,
        "cx": 24,
        "x": 6
    },
    "optimized_t_depth": 327
}