{
    "algorithm_config": "gridsynth_eps0.007",
    "benchmark_name": "qaoa p3 s0 n10",
    "n": 10,
    "seed": 0,
    "unitary_distance": 0.025720413786199756,
    "state_fidelity": 0.999339653436639,
    "num_nontrivial_rotations": 75,
    "time": 5.293142080307007,
    "num_gates": {
        "h": 1732,
        "t": 1627,
        "s": 1088,
        "cx": 90,
        "x": 48
    },
    "noisy_fidelity": {
        "1e-06": 0.996048918723824,
        "1e-05": 0.9669301372647452,
        "0.0001": 0.71977664605695
    },
    "t_depth": 558,
    "optimized_t_count": 1579,
    "optimized_num_gates": {
        "h": 1732,
        "t": 1579,
        "s": 1106,
        "cx": 90,
        "x": 48
    },
    "optimized_t_depth": 532
}