{
    "algorithm_config": "gridsynth_eps0.007",
    "benchmark_name": "qaoa p2 s7 n4",
    "n": 4,
    "seed": 0,
    "unitary_distance": 0.020480308695769035,
    "state_fidelity": 0.9997893251035814,
    "num_nontrivial_rotations": 20,
    "time": 1.4031243324279785,
    "num_gates": {
        "h": 449,
        "t": 422,
        "s": 250,
        "cx": 24,
        "x": 8
    },
    "noisy_fidelity": {
        "1e-06": 0.9990466355795579,
        "1e-05": 0.9923909483109092,
        "0.0001": 0.9285757262967927
    },
    "t_depth": 337,
    "optimized_t_count": 408,
    "optimized_num_gates": {
        "h": 449,
        "t": 408,
        "s": 255,
        "cx": 24,
        "x": 8
    },
    "optimized_t_depth": 323
}