{
    "algorithm_config": "gridsynth_eps0.007",
    "benchmark_name": "qaoa p5 s2 n10",
    "n": 10,
    "seed": 0,
    "unitary_distance": 0.04480784676484367,
    "state_fidelity": 0.9984034537451809,
    "num_nontrivial_rotations": 123,
    "time": 8.009883880615234,
    "num_gates": {
        "h": 2681,
        "t": 2522,
        "s": 1489,
        "cx": 150,
        "x": 53
    },
    "noisy_fidelity": {
        "1e-06": 0.9942122947793284,
        "1e-05": 0.9573041487001713,
        "0.0001": 0.6578147825928553
    },
    "t_depth": 1175,
    "optimized_t_count": 2470,
    "optimized_num_gates": {
        "h": 2681,
        "t": 2470,
        "s": 1507,
        "cx": 150,
        "x": 53
    },
    "optimized_t_depth": 1142
}