{
    "algorithm_config": "gridsynth_eps0.007",
    "benchmark_name": "qaoa p4 s2 n10",
    "n": 10,
    "seed": 0,
    "unitary_distance": 0.0402375404542764,
    "state_fidelity": 0.9985862529455837,
    "num_nontrivial_rotations": 98,
    "time": 6.638941526412964,
    "num_gates": {
        "h": 2219,
        "t": 2103,
        "s": 1268,
        "cx": 120,
        "x": 50
    },
    "noisy_fidelity": {
        "1e-06": 0.9947144559105909,
        "1e-05": 0.960556885475188,
        "0.0001": 0.6787129162596354
    },
    "t_depth": 994,
    "optimized_t_count": 2021,
    "optimized_num_gates": {
        "h": 2219,
        "t": 2021,
        "s": 1295,
        "cx": 120,
        "x": 50
    },
    "optimized_t_depth": 954
}