{
    "algorithm_config": "gridsynth_eps0.007",
    "benchmark_name": "qaoa p4 s5 n6",
    "n": 6,
    "seed": 0,
    "unitary_distance": 0.034482927506233114,
    "state_fidelity": 0.9989705612138869,
    "num_nontrivial_rotations": 53,
    "time": 4.055058002471924,
    "num_gates": {
        "h": 1151,
        "t": 1077,
        "s": 633,
        "cx": 72,
        "x": 14
    },
    "noisy_fidelity": {
        "1e-06": 0.9970046994169717,
        "1e-05": 0.9794951644073018,
        "0.0001": 0.8213093971600633
    },
    "t_depth": 533,
    "optimized_t_count": 1053,
    "optimized_num_gates": {
        "h": 1151,
        "t": 1053,
        "s": 640,
        "cx": 72,
        "x": 14
    },
    "optimized_t_depth": 511
}