{
    "algorithm_config": "gridsynth_eps0.007",
    "benchmark_name": "qaoa p5 s3 n10",
    "n": 10,
    "seed": 0,
    "unitary_distance": 0.03776926991946908,
    "state_fidelity": 0.9988099806489932,
    "num_nontrivial_rotations": 125,
    "time": 8.076702356338501,
    "num_gates": {
        "h": 2854,
        "t": 2711,
        "s": 1623,
        "cx": 150,
        "x": 67
    },
    "noisy_fidelity": {
        "1e-06": 0.9935610090593991,
        "1e-05": 0.9475644371448335,
        "0.0001": 0.59115499878628
    },
    "t_depth": 923,
    "optimized_t_count": 2655,
    "optimized_num_gates": {
        "h": 2854,
        "t": 2655,
        "s": 1633,
        "cx": 150,
        "x": 67
    },
    "optimized_t_depth": 902
}