{
    "algorithm_config": "gridsynth_eps0.007",
    "benchmark_name": "qaoa p1 s9 n8",
    "n": 8,
    "seed": 0,
    "unitary_distance": 0.0146287886553169,
    "state_fidelity": 0.9998266240765572,
    "num_nontrivial_rotations": 20,
    "time": 1.3618929386138916,
    "num_gates": {
        "h": 447,
        "t": 427,
        "s": 228,
        "cx": 24,
        "x": 13
    },
    "noisy_fidelity": {
        "1e-06": 0.999195681408994,
        "1e-05": 0.993536378117521,
        "0.0001": 0.9387978930514054
    },
    "t_depth": 232,
    "optimized_t_count": 401,
    "optimized_num_gates": {
        "h": 447,
        "t": 401,
        "s": 235,
        "cx": 24,
        "x": 13
    },
    "optimized_t_depth": 211
}