{
    "algorithm_config": "trasyn_tshxyz_tb10_ns40000_bc2",
    "benchmark_name": "qaoa p2 s9 n4",
    "n": 4,
    "seed": 0,
    "unitary_distance": 0.023184115588452795,
    "state_fidelity": 0.9995268128427506,
    "num_nontrivial_rotations": 13,
    "time": 0.8794801235198975,
    "num_gates": {
        "h": 259,
        "t": 253,
        "x": 44,
        "y": 44,
        "cx": 24,
        "s": 6,
        "z": 3
    },
    "noisy_fidelity": {
        "1e-06": 0.9992086893043809,
        "1e-05": 0.9963508219843955,
        "0.0001": 0.9682848062771803
    },
    "t_depth": 197,
    "optimized_t_count": 251,
    "optimized_num_gates": {
        "h": 259,
        "t": 251,
        "x": 88,
        "s": 51,
        "sdg": 44,
        "cx": 24,
        "z": 3
    },
    "optimized_t_depth": 196
}