{
    "algorithm_config": "trasyn_tshxyz_tb10_ns40000_bc2",
    "benchmark_name": "qaoa p5 s9 n12",
    "n": 12,
    "seed": 0,
    "unitary_distance": 0.045257543346530656,
    "state_fidelity": 0.9981074565391843,
    "num_nontrivial_rotations": 100,
    "time": 5.791980743408203,
    "num_gates": {
        "h": 1976,
        "t": 1922,
        "x": 353,
        "y": 346,
        "cx": 180,
        "s": 66,
        "z": 22
    },
    "noisy_fidelity": {
        "1e-06": 0.9951466219044633,
        "1e-05": 0.9688949700721349,
        "0.0001": 0.7418919149637494
    },
    "t_depth": 504,
    "optimized_t_count": 1910,
    "optimized_num_gates": {
        "h": 1976,
        "t": 1910,
        "x": 699,
        "s": 414,
        "sdg": 346,
        "cx": 180,
        "z": 22
    },
    "optimized_t_depth": 502
}