{
    "algorithm_config": "trasyn_tshxyz_tb10_ns40000_bc2",
    "benchmark_name": "qaoa p1 s9 n4",
    "n": 4,
    "seed": 0,
    "unitary_distance": 0.018325792414841807,
    "state_fidelity": 0.9998290181642805,
    "num_nontrivial_rotations": 7,
    "time": 0.47915196418762207,
    "num_gates": {
        "h": 123,
        "t": 117,
        "x": 26,
        "cx": 12,
        "y": 11,
        "s": 5,
        "z": 1
    },
    "noisy_fidelity": {
        "1e-06": 0.9996467230802164,
        "1e-05": 0.9980077694674832,
        "0.0001": 0.9817855434608207
    },
    "t_depth": 98,
    "optimized_t_count": 117,
    "optimized_num_gates": {
        "h": 123,
        "t": 117,
        "x": 37,
        "s": 16,
        "cx": 12,
        "sdg": 11,
        "z": 1
    },
    "optimized_t_depth": 98
}