{
    "algorithm_config": "trasyn_tshxyz_tb10_ns40000_bc2",
    "benchmark_name": "qaoa p2 s3 n6",
    "n": 6,
    "seed": 0,
    "unitary_distance": 0.01811938121975347,
    "state_fidelity": 0.999769253725597,
    "num_nontrivial_rotations": 20,
    "time": 1.2923262119293213,
    "num_gates": {
        "h": 397,
        "t": 386,
        "y": 78,
        "x": 72,
        "cx": 36,
        "s": 13,
        "z": 6
    },
    "noisy_fidelity": {
        "1e-06": 0.9992181746971396,
        "1e-05": 0.9942729535065647,
        "0.0001": 0.9462268424018543
    },
    "t_depth": 213,
    "optimized_t_count": 386,
    "optimized_num_gates": {
        "h": 397,
        "t": 386,
        "x": 150,
        "s": 91,
        "sdg": 78,
        "cx": 36,
        "z": 6
    },
    "optimized_t_depth": 213
}