{
    "algorithm_config": "trasyn_tshxyz_tb10_ns40000_bc2",
    "benchmark_name": "qaoa p5 s5 n6",
    "n": 6,
    "seed": 0,
    "unitary_distance": 0.03540521045365498,
    "state_fidelity": 0.9987394929363468,
    "num_nontrivial_rotations": 51,
    "time": 3.0726585388183594,
    "num_gates": {
        "h": 1006,
        "t": 987,
        "y": 189,
        "x": 181,
        "cx": 90,
        "s": 30,
        "z": 9
    },
    "noisy_fidelity": {
        "1e-06": 0.9973173335707273,
        "1e-05": 0.9846133950525028,
        "0.0001": 0.8665620812125178
    },
    "t_depth": 428,
    "optimized_t_count": 979,
    "optimized_num_gates": {
        "h": 1006,
        "t": 979,
        "x": 370,
        "s": 221,
        "sdg": 189,
        "cx": 90,
        "z": 9
    },
    "optimized_t_depth": 427
}