{
    "algorithm_config": "trasyn_tshxyz_tb10_ns40000_bc2",
    "benchmark_name": "qaoa p5 s6 n12",
    "n": 12,
    "seed": 0,
    "unitary_distance": 0.03474836470519855,
    "state_fidelity": 0.9988458657662125,
    "num_nontrivial_rotations": 95,
    "time": 5.585529088973999,
    "num_gates": {
        "h": 1882,
        "t": 1830,
        "y": 330,
        "x": 324,
        "cx": 180,
        "s": 53,
        "z": 23
    },
    "noisy_fidelity": {
        "1e-06": 0.9961188222658199,
        "1e-05": 0.9719154376727275,
        "0.0001": 0.7605594900393452
    },
    "t_depth": 699,
    "optimized_t_count": 1808,
    "optimized_num_gates": {
        "h": 1882,
        "t": 1808,
        "x": 654,
        "s": 388,
        "sdg": 330,
        "cx": 180,
        "z": 23
    },
    "optimized_t_depth": 692
}