{
    "algorithm_config": "trasyn_tshxyz_tb10_ns40000_bc2",
    "benchmark_name": "qaoa p1 s7 n4",
    "n": 4,
    "seed": 0,
    "unitary_distance": 0.011760792698879254,
    "state_fidelity": 0.9999028542300341,
    "num_nontrivial_rotations": 7,
    "time": 0.47454404830932617,
    "num_gates": {
        "h": 142,
        "t": 135,
        "x": 22,
        "y": 21,
        "cx": 12,
        "s": 5,
        "z": 1
    },
    "noisy_fidelity": {
        "1e-06": 0.9997032703707293,
        "1e-05": 0.9979090593147761,
        "0.0001": 0.9801676916925854
    },
    "t_depth": 117,
    "optimized_t_count": 135,
    "optimized_num_gates": {
        "h": 142,
        "t": 135,
        "x": 43,
        "s": 26,
        "sdg": 21,
        "cx": 12,
        "z": 1
    },
    "optimized_t_depth": 117
}