{
    "algorithm_config": "trasyn_tshxyz_tb10_ns40000_bc2",
    "benchmark_name": "qaoa p4 s7 n10",
    "n": 10,
    "seed": 0,
    "unitary_distance": 0.036546242709208435,
    "state_fidelity": 0.9990934799614983,
    "num_nontrivial_rotations": 68,
    "time": 3.8719706535339355,
    "num_gates": {
        "h": 1337,
        "t": 1313,
        "x": 240,
        "y": 238,
        "cx": 120,
        "s": 27,
        "z": 9
    },
    "noisy_fidelity": {
        "1e-06": 0.9971865578222717,
        "1e-05": 0.9801915380081363,
        "0.0001": 0.8257492900581986
    },
    "t_depth": 404,
    "optimized_t_count": 1295,
    "optimized_num_gates": {
        "h": 1337,
        "t": 1295,
        "x": 478,
        "s": 270,
        "sdg": 238,
        "cx": 120,
        "z": 9
    },
    "optimized_t_depth": 401
}