{
    "algorithm_config": "trasyn_tshxyz_tb10_ns40000_bc2",
    "benchmark_name": "qaoa p2 s8 n8",
    "n": 8,
    "seed": 0,
    "unitary_distance": 0.02004446968741524,
    "state_fidelity": 0.9996738247521338,
    "num_nontrivial_rotations": 26,
    "time": 1.66733980178833,
    "num_gates": {
        "h": 511,
        "t": 500,
        "y": 92,
        "x": 86,
        "cx": 48,
        "s": 13,
        "z": 7
    },
    "noisy_fidelity": {
        "1e-06": 0.9990485708463582,
        "1e-05": 0.9934399754329314,
        "0.0001": 0.9391622609539376
    },
    "t_depth": 248,
    "optimized_t_count": 496,
    "optimized_num_gates": {
        "h": 511,
        "t": 496,
        "x": 178,
        "s": 105,
        "sdg": 92,
        "cx": 48,
        "z": 7
    },
    "optimized_t_depth": 245
}