{
    "algorithm_config": "trasyn_tshxyz_tb10_ns40000_bc2",
    "benchmark_name": "qaoa p5 s0 n10",
    "n": 10,
    "seed": 0,
    "unitary_distance": 0.035790075964374106,
    "state_fidelity": 0.9988190651679164,
    "num_nontrivial_rotations": 79,
    "time": 4.699862241744995,
    "num_gates": {
        "h": 1563,
        "t": 1512,
        "y": 296,
        "x": 277,
        "cx": 150,
        "s": 51,
        "z": 18
    },
    "noisy_fidelity": {
        "1e-06": 0.996510994285996,
        "1e-05": 0.975981780641112,
        "0.0001": 0.792971006661152
    },
    "t_depth": 459,
    "optimized_t_count": 1498,
    "optimized_num_gates": {
        "h": 1563,
        "t": 1498,
        "x": 573,
        "s": 350,
        "sdg": 296,
        "cx": 150,
        "z": 18
    },
    "optimized_t_depth": 455
}