{
    "algorithm_config": "trasyn_tshxyz_tb10_ns40000_bc2",
    "benchmark_name": "qaoa p5 s9 n4",
    "n": 4,
    "seed": 0,
    "unitary_distance": 0.030017382861215212,
    "state_fidelity": 0.9993767767326257,
    "num_nontrivial_rotations": 33,
    "time": 2.103634834289551,
    "num_gates": {
        "h": 671,
        "t": 657,
        "y": 137,
        "x": 104,
        "cx": 60,
        "s": 22,
        "z": 9
    },
    "noisy_fidelity": {
        "1e-06": 0.998496384037632,
        "1e-05": 0.9906119001099178,
        "0.0001": 0.9155057199579422
    },
    "t_depth": 430,
    "optimized_t_count": 647,
    "optimized_num_gates": {
        "h": 671,
        "t": 647,
        "x": 241,
        "s": 161,
        "sdg": 137,
        "cx": 60,
        "z": 9
    },
    "optimized_t_depth": 425
}