{
    "algorithm_config": "trasyn_tshxyz_tb10_ns40000_bc2",
    "benchmark_name": "qaoa p1 s9 n10",
    "n": 10,
    "seed": 0,
    "unitary_distance": 0.02298750531789307,
    "state_fidelity": 0.9997244661585429,
    "num_nontrivial_rotations": 16,
    "time": 0.9842309951782227,
    "num_gates": {
        "h": 318,
        "t": 306,
        "y": 57,
        "x": 53,
        "cx": 30,
        "s": 8,
        "z": 4
    },
    "noisy_fidelity": {
        "1e-06": 0.9993664970026145,
        "1e-05": 0.9961508520312141,
        "0.0001": 0.9645882298407
    },
    "t_depth": 150,
    "optimized_t_count": 304,
    "optimized_num_gates": {
        "h": 318,
        "t": 304,
        "x": 110,
        "s": 66,
        "sdg": 57,
        "cx": 30,
        "z": 4
    },
    "optimized_t_depth": 149
}