{
    "algorithm_config": "trasyn_tshxyz_tb10_ns40000_bc2",
    "benchmark_name": "qaoa p2 s0 n8",
    "n": 8,
    "seed": 0,
    "unitary_distance": 0.022711210136923666,
    "state_fidelity": 0.9994252014346152,
    "num_nontrivial_rotations": 27,
    "time": 1.6189899444580078,
    "num_gates": {
        "h": 531,
        "t": 510,
        "x": 96,
        "y": 87,
        "cx": 48,
        "s": 16,
        "z": 5
    },
    "noisy_fidelity": {
        "1e-06": 0.9987461974298639,
        "1e-05": 0.9926567822076453,
        "0.0001": 0.933851890284834
    },
    "t_depth": 194,
    "optimized_t_count": 502,
    "optimized_num_gates": {
        "h": 531,
        "t": 502,
        "x": 183,
        "s": 105,
        "sdg": 87,
        "cx": 48,
        "z": 5
    },
    "optimized_t_depth": 192
}