{
    "algorithm_config": "trasyn_tshxyz_tb10_ns40000_bc2",
    "benchmark_name": "qaoa p2 s6 n10",
    "n": 10,
    "seed": 0,
    "unitary_distance": 0.03029574070450184,
    "state_fidelity": 0.9991663970953122,
    "num_nontrivial_rotations": 34,
    "time": 1.9031667709350586,
    "num_gates": {
        "h": 658,
        "t": 638,
        "x": 129,
        "y": 99,
        "cx": 60,
        "s": 26,
        "z": 8
    },
    "noisy_fidelity": {
        "1e-06": 0.9982252529700355,
        "1e-05": 0.9897961986624146,
        "0.0001": 0.9094555678707241
    },
    "t_depth": 216,
    "optimized_t_count": 634,
    "optimized_num_gates": {
        "h": 658,
        "t": 634,
        "x": 228,
        "s": 125,
        "sdg": 99,
        "cx": 60,
        "z": 8
    },
    "optimized_t_depth": 215
}