{
    "algorithm_config": "trasyn_tshxyz_tb10_ns40000_bc2",
    "benchmark_name": "qaoa p3 s4 n8",
    "n": 8,
    "seed": 0,
    "unitary_distance": 0.029670257710777644,
    "state_fidelity": 0.9993576652062711,
    "num_nontrivial_rotations": 40,
    "time": 2.4627788066864014,
    "num_gates": {
        "h": 804,
        "t": 775,
        "y": 153,
        "x": 131,
        "cx": 72,
        "s": 30,
        "z": 11
    },
    "noisy_fidelity": {
        "1e-06": 0.9982178977595704,
        "1e-05": 0.9880205427398594,
        "0.0001": 0.8918059407256507
    },
    "t_depth": 334,
    "optimized_t_count": 773,
    "optimized_num_gates": {
        "h": 804,
        "t": 773,
        "x": 284,
        "s": 183,
        "sdg": 153,
        "cx": 72,
        "z": 11
    },
    "optimized_t_depth": 333
}