{
    "algorithm_config": "trasyn_tshxyz_tb10_ns40000_bc2",
    "benchmark_name": "qaoa p1 s7 n12",
    "n": 12,
    "seed": 0,
    "unitary_distance": 0.02045763551590205,
    "state_fidelity": 0.9997356664369973,
    "num_nontrivial_rotations": 20,
    "time": 1.172286033630371,
    "num_gates": {
        "h": 404,
        "t": 381,
        "y": 83,
        "x": 49,
        "cx": 36,
        "s": 15,
        "z": 7
    },
    "noisy_fidelity": {
        "1e-06": 0.9992639009309245,
        "1e-05": 0.9950284537714407,
        "0.0001": 0.9536903942569931
    },
    "t_depth": 156,
    "optimized_t_count": 381,
    "optimized_num_gates": {
        "h": 404,
        "t": 381,
        "x": 132,
        "s": 98,
        "sdg": 83,
        "cx": 36,
        "z": 7
    },
    "optimized_t_depth": 156
}