{
    "algorithm_config": "trasyn_tshxyz_tb10_ns40000_bc2",
    "benchmark_name": "qaoa p5 s5 n10",
    "n": 10,
    "seed": 0,
    "unitary_distance": 0.04232685948263049,
    "state_fidelity": 0.9981534847867801,
    "num_nontrivial_rotations": 85,
    "time": 4.894534111022949,
    "num_gates": {
        "h": 1685,
        "t": 1649,
        "y": 302,
        "x": 262,
        "cx": 150,
        "s": 58,
        "z": 21
    },
    "noisy_fidelity": {
        "1e-06": 0.9957339772432954,
        "1e-05": 0.9742243274175104,
        "0.0001": 0.7833958963161186
    },
    "t_depth": 452,
    "optimized_t_count": 1639,
    "optimized_num_gates": {
        "h": 1685,
        "t": 1639,
        "x": 564,
        "s": 362,
        "sdg": 302,
        "cx": 150,
        "z": 21
    },
    "optimized_t_depth": 450
}