{
    "algorithm_config": "trasyn_tshxyz_tb10_ns40000_bc2",
    "benchmark_name": "qaoa p3 s1 n6",
    "n": 6,
    "seed": 0,
    "unitary_distance": 0.026077595410635934,
    "state_fidelity": 0.999567221726917,
    "num_nontrivial_rotations": 30,
    "time": 1.8899998664855957,
    "num_gates": {
        "h": 600,
        "t": 577,
        "y": 107,
        "x": 95,
        "cx": 54,
        "s": 26,
        "z": 10
    },
    "noisy_fidelity": {
        "1e-06": 0.9988169042947552,
        "1e-05": 0.992091365439595,
        "0.0001": 0.9274653559713109
    },
    "t_depth": 266,
    "optimized_t_count": 573,
    "optimized_num_gates": {
        "h": 600,
        "t": 573,
        "x": 202,
        "s": 134,
        "sdg": 107,
        "cx": 54,
        "z": 10
    },
    "optimized_t_depth": 264
}