{
    "algorithm_config": "trasyn_tshxyz_tb10_ns40000_bc2",
    "benchmark_name": "qaoa p1 s1 n6",
    "n": 6,
    "seed": 0,
    "unitary_distance": 0.012477423710089329,
    "state_fidelity": 0.9998546140611851,
    "num_nontrivial_rotations": 10,
    "time": 0.6524622440338135,
    "num_gates": {
        "h": 201,
        "t": 192,
        "x": 33,
        "y": 33,
        "cx": 18,
        "s": 7,
        "z": 1
    },
    "noisy_fidelity": {
        "1e-06": 0.9995918690396286,
        "1e-05": 0.9972305174398616,
        "0.0001": 0.9739457378783462
    },
    "t_depth": 116,
    "optimized_t_count": 192,
    "optimized_num_gates": {
        "h": 201,
        "t": 192,
        "x": 66,
        "s": 40,
        "sdg": 33,
        "cx": 18,
        "z": 1
    },
    "optimized_t_depth": 116
}