{
    "algorithm_config": "trasyn_tshxyz_tb10_ns40000_bc2",
    "benchmark_name": "qaoa p4 s4 n10",
    "n": 10,
    "seed": 0,
    "unitary_distance": 0.03867972975813911,
    "state_fidelity": 0.9987550214085883,
    "num_nontrivial_rotations": 67,
    "time": 3.892000436782837,
    "num_gates": {
        "h": 1304,
        "t": 1271,
        "x": 259,
        "y": 197,
        "cx": 120,
        "s": 44,
        "z": 21
    },
    "noisy_fidelity": {
        "1e-06": 0.9968313881696527,
        "1e-05": 0.9796876200875236,
        "0.0001": 0.8239157779127213
    },
    "t_depth": 449,
    "optimized_t_count": 1257,
    "optimized_num_gates": {
        "h": 1304,
        "t": 1257,
        "x": 456,
        "s": 246,
        "sdg": 197,
        "cx": 120,
        "z": 21
    },
    "optimized_t_depth": 446
}