{
    "algorithm_config": "trasyn_tshxyz_tb10_ns40000_bc2",
    "benchmark_name": "qaoa p4 s1 n8",
    "n": 8,
    "seed": 0,
    "unitary_distance": 0.028585028613023207,
    "state_fidelity": 0.9994203585443711,
    "num_nontrivial_rotations": 51,
    "time": 3.2356579303741455,
    "num_gates": {
        "h": 974,
        "t": 965,
        "y": 194,
        "x": 170,
        "cx": 96,
        "s": 27,
        "z": 13
    },
    "noisy_fidelity": {
        "1e-06": 0.9980328399638553,
        "1e-05": 0.9856350571114599,
        "0.0001": 0.8701307352600031
    },
    "t_depth": 464,
    "optimized_t_count": 957,
    "optimized_num_gates": {
        "h": 974,
        "t": 957,
        "x": 364,
        "s": 222,
        "sdg": 194,
        "cx": 96,
        "z": 13
    },
    "optimized_t_depth": 459
}