{
    "algorithm_config": "trasyn_tshxyz_tb10_ns40000_bc2",
    "benchmark_name": "qaoa p2 s6 n12",
    "n": 12,
    "seed": 0,
    "unitary_distance": 0.02844354217309743,
    "state_fidelity": 0.999443509711266,
    "num_nontrivial_rotations": 38,
    "time": 2.2825233936309814,
    "num_gates": {
        "h": 710,
        "t": 687,
        "y": 137,
        "x": 122,
        "cx": 72,
        "s": 23,
        "z": 12
    },
    "noisy_fidelity": {
        "1e-06": 0.9986392622267539,
        "1e-05": 0.9914313752116011,
        "0.0001": 0.9222707794186756
    },
    "t_depth": 337,
    "optimized_t_count": 683,
    "optimized_num_gates": {
        "h": 710,
        "t": 683,
        "x": 259,
        "s": 162,
        "sdg": 137,
        "cx": 72,
        "z": 12
    },
    "optimized_t_depth": 334
}