{
    "algorithm_config": "trasyn_tshxyz_tb10_ns40000_bc2",
    "benchmark_name": "qaoa p2 s1 n6",
    "n": 6,
    "seed": 0,
    "unitary_distance": 0.022679890160866936,
    "state_fidelity": 0.9995440103252065,
    "num_nontrivial_rotations": 20,
    "time": 1.3947961330413818,
    "num_gates": {
        "h": 392,
        "t": 375,
        "x": 73,
        "y": 72,
        "cx": 36,
        "s": 16,
        "z": 5
    },
    "noisy_fidelity": {
        "1e-06": 0.9990300106894557,
        "1e-05": 0.9944166486502937,
        "0.0001": 0.9495105715743073
    },
    "t_depth": 192,
    "optimized_t_count": 373,
    "optimized_num_gates": {
        "h": 392,
        "t": 373,
        "x": 145,
        "s": 88,
        "sdg": 72,
        "cx": 36,
        "z": 5
    },
    "optimized_t_depth": 192
}