{
    "algorithm_config": "trasyn_tshxyz_tb10_ns40000_bc2",
    "benchmark_name": "qaoa p1 s3 n10",
    "n": 10,
    "seed": 0,
    "unitary_distance": 0.017500612175158334,
    "state_fidelity": 0.9997565523677946,
    "num_nontrivial_rotations": 16,
    "time": 0.9972820281982422,
    "num_gates": {
        "h": 320,
        "t": 307,
        "x": 63,
        "y": 57,
        "cx": 30,
        "s": 10,
        "z": 2
    },
    "noisy_fidelity": {
        "1e-06": 0.9993556034856539,
        "1e-05": 0.9957546857316387,
        "0.0001": 0.9604891327910263
    },
    "t_depth": 174,
    "optimized_t_count": 307,
    "optimized_num_gates": {
        "h": 320,
        "t": 307,
        "x": 120,
        "s": 67,
        "sdg": 57,
        "cx": 30,
        "z": 2
    },
    "optimized_t_depth": 174
}