{
    "algorithm_config": "trasyn_tshxyz_tb10_ns40000_bc2",
    "benchmark_name": "qaoa p5 s4 n8",
    "n": 8,
    "seed": 0,
    "unitary_distance": 0.04031145964364122,
    "state_fidelity": 0.9986069158370415,
    "num_nontrivial_rotations": 70,
    "time": 3.9906649589538574,
    "num_gates": {
        "h": 1353,
        "t": 1327,
        "y": 241,
        "x": 217,
        "cx": 120,
        "s": 45,
        "z": 16
    },
    "noisy_fidelity": {
        "1e-06": 0.9965788645530781,
        "1e-05": 0.9785159072619125,
        "0.0001": 0.8153825228151828
    },
    "t_depth": 505,
    "optimized_t_count": 1321,
    "optimized_num_gates": {
        "h": 1353,
        "t": 1321,
        "x": 458,
        "s": 288,
        "sdg": 241,
        "cx": 120,
        "z": 16
    },
    "optimized_t_depth": 501
}