{
    "algorithm_config": "trasyn_tshxyz_tb10_ns40000_bc2",
    "benchmark_name": "qaoa p3 s1 n12",
    "n": 12,
    "seed": 0,
    "unitary_distance": 0.031750241883193565,
    "state_fidelity": 0.9990600094769468,
    "num_nontrivial_rotations": 57,
    "time": 3.3600683212280273,
    "num_gates": {
        "h": 1137,
        "t": 1109,
        "x": 216,
        "y": 182,
        "cx": 108,
        "s": 26,
        "z": 11
    },
    "noisy_fidelity": {
        "1e-06": 0.9976295178905508,
        "1e-05": 0.9848496821711257,
        "0.0001": 0.8659605709958378
    },
    "t_depth": 354,
    "optimized_t_count": 1105,
    "optimized_num_gates": {
        "h": 1137,
        "t": 1105,
        "x": 398,
        "s": 209,
        "sdg": 182,
        "cx": 108,
        "z": 11
    },
    "optimized_t_depth": 351
}