{
    "algorithm_config": "trasyn_tshxyz_tb10_ns40000_bc2",
    "benchmark_name": "qaoa p4 s1 n4",
    "n": 4,
    "seed": 0,
    "unitary_distance": 0.021416605304743926,
    "state_fidelity": 0.9996982425306191,
    "num_nontrivial_rotations": 27,
    "time": 1.6989357471466064,
    "num_gates": {
        "h": 527,
        "t": 516,
        "y": 102,
        "x": 71,
        "cx": 48,
        "s": 17,
        "z": 15
    },
    "noisy_fidelity": {
        "1e-06": 0.9989711764181242,
        "1e-05": 0.9924542549265246,
        "0.0001": 0.9298536015122845
    },
    "t_depth": 347,
    "optimized_t_count": 512,
    "optimized_num_gates": {
        "h": 527,
        "t": 512,
        "x": 173,
        "s": 120,
        "sdg": 102,
        "cx": 48,
        "z": 15
    },
    "optimized_t_depth": 345
}