{
    "algorithm_config": "trasyn_tshxyz_tb10_ns40000_bc2",
    "benchmark_name": "qaoa p5 s7 n10",
    "n": 10,
    "seed": 0,
    "unitary_distance": 0.04319803739400412,
    "state_fidelity": 0.9981794748032595,
    "num_nontrivial_rotations": 85,
    "time": 4.679137468338013,
    "num_gates": {
        "h": 1671,
        "t": 1633,
        "y": 307,
        "x": 284,
        "cx": 150,
        "s": 53,
        "z": 20
    },
    "noisy_fidelity": {
        "1e-06": 0.9958258760983465,
        "1e-05": 0.9748974155584502,
        "0.0001": 0.7888086426398018
    },
    "t_depth": 489,
    "optimized_t_count": 1615,
    "optimized_num_gates": {
        "h": 1671,
        "t": 1615,
        "x": 591,
        "s": 363,
        "sdg": 307,
        "cx": 150,
        "z": 20
    },
    "optimized_t_depth": 484
}