{
    "algorithm_config": "trasyn_tshxyz_tb10_ns40000_bc2",
    "benchmark_name": "qaoa p1 s4 n4",
    "n": 4,
    "seed": 0,
    "unitary_distance": 0.012721685724342515,
    "state_fidelity": 0.9997771870617705,
    "num_nontrivial_rotations": 7,
    "time": 0.4735395908355713,
    "num_gates": {
        "h": 143,
        "t": 136,
        "y": 31,
        "x": 21,
        "cx": 12,
        "s": 5
    },
    "noisy_fidelity": {
        "1e-06": 0.9995759875788397,
        "1e-05": 0.9977672778641272,
        "0.0001": 0.979885021409583
    },
    "t_depth": 117,
    "optimized_t_count": 136,
    "optimized_num_gates": {
        "h": 143,
        "t": 136,
        "x": 52,
        "s": 36,
        "sdg": 31,
        "cx": 12
    },
    "optimized_t_depth": 117
}