{
    "algorithm_config": "trasyn_tshxyz_tb10_ns40000_bc2",
    "benchmark_name": "qaoa p5 s4 n12",
    "n": 12,
    "seed": 0,
    "unitary_distance": 0.03859450893731071,
    "state_fidelity": 0.9987549353804467,
    "num_nontrivial_rotations": 95,
    "time": 5.523427963256836,
    "num_gates": {
        "h": 1871,
        "t": 1831,
        "y": 328,
        "x": 323,
        "cx": 180,
        "s": 55,
        "z": 27
    },
    "noisy_fidelity": {
        "1e-06": 0.9958956299370036,
        "1e-05": 0.9705319385266131,
        "0.0001": 0.7501906827697182
    },
    "t_depth": 518,
    "optimized_t_count": 1815,
    "optimized_num_gates": {
        "h": 1871,
        "t": 1815,
        "x": 651,
        "s": 388,
        "sdg": 328,
        "cx": 180,
        "z": 27
    },
    "optimized_t_depth": 511
}