{
    "algorithm_config": "trasyn_tshxyz_tb10_ns40000_bc2",
    "benchmark_name": "qaoa p5 s3 n6",
    "n": 6,
    "seed": 0,
    "unitary_distance": 0.028050363120612983,
    "state_fidelity": 0.9992699620407315,
    "num_nontrivial_rotations": 45,
    "time": 3.0684304237365723,
    "num_gates": {
        "h": 889,
        "t": 863,
        "y": 153,
        "x": 148,
        "cx": 90,
        "s": 37,
        "z": 9
    },
    "noisy_fidelity": {
        "1e-06": 0.9980145974237941,
        "1e-05": 0.9867911002071722,
        "0.0001": 0.8816333357496605
    },
    "t_depth": 445,
    "optimized_t_count": 855,
    "optimized_num_gates": {
        "h": 889,
        "t": 855,
        "x": 301,
        "s": 192,
        "sdg": 153,
        "cx": 90,
        "z": 9
    },
    "optimized_t_depth": 442
}