{
    "algorithm_config": "trasyn_tshxyz_tb10_ns40000_bc2",
    "benchmark_name": "qaoa p1 s5 n6",
    "n": 6,
    "seed": 0,
    "unitary_distance": 0.013796658770088085,
    "state_fidelity": 0.9998330360092778,
    "num_nontrivial_rotations": 11,
    "time": 0.7403242588043213,
    "num_gates": {
        "h": 227,
        "t": 215,
        "y": 40,
        "x": 33,
        "cx": 18,
        "s": 5,
        "z": 3
    },
    "noisy_fidelity": {
        "1e-06": 0.9995344137380626,
        "1e-05": 0.9968511051696186,
        "0.0001": 0.970438241037098
    },
    "t_depth": 116,
    "optimized_t_count": 215,
    "optimized_num_gates": {
        "h": 227,
        "t": 215,
        "x": 73,
        "s": 45,
        "sdg": 40,
        "cx": 18,
        "z": 3
    },
    "optimized_t_depth": 116
}