{
    "algorithm_config": "trasyn_tshxyz_tb10_ns40000_bc2",
    "benchmark_name": "qaoa p5 s8 n6",
    "n": 6,
    "seed": 0,
    "unitary_distance": 0.03317715410546586,
    "state_fidelity": 0.9990326221531752,
    "num_nontrivial_rotations": 50,
    "time": 3.032876491546631,
    "num_gates": {
        "h": 988,
        "t": 960,
        "y": 198,
        "x": 166,
        "cx": 90,
        "s": 29,
        "z": 8
    },
    "noisy_fidelity": {
        "1e-06": 0.9975282503624507,
        "1e-05": 0.9840945319775527,
        "0.0001": 0.8596808928740896
    },
    "t_depth": 424,
    "optimized_t_count": 942,
    "optimized_num_gates": {
        "h": 988,
        "t": 942,
        "x": 364,
        "s": 231,
        "sdg": 198,
        "cx": 90,
        "z": 8
    },
    "optimized_t_depth": 418
}