{
    "algorithm_config": "trasyn_tshxyz_tb10_ns40000_bc2",
    "benchmark_name": "qaoa p5 s2 n10",
    "n": 10,
    "seed": 0,
    "unitary_distance": 0.03423338087703617,
    "state_fidelity": 0.9991073878084615,
    "num_nontrivial_rotations": 80,
    "time": 4.701792001724243,
    "num_gates": {
        "h": 1579,
        "t": 1526,
        "y": 318,
        "x": 243,
        "cx": 150,
        "s": 54,
        "z": 17
    },
    "noisy_fidelity": {
        "1e-06": 0.9970667859118809,
        "1e-05": 0.9788944316802988,
        "0.0001": 0.8149701191249066
    },
    "t_depth": 684,
    "optimized_t_count": 1508,
    "optimized_num_gates": {
        "h": 1579,
        "t": 1508,
        "x": 561,
        "s": 377,
        "sdg": 318,
        "cx": 150,
        "z": 17
    },
    "optimized_t_depth": 679
}