{
    "algorithm_config": "trasyn_tshxyz_tb10_ns40000_bc2",
    "benchmark_name": "qaoa p2 s7 n6",
    "n": 6,
    "seed": 0,
    "unitary_distance": 0.023377659393138912,
    "state_fidelity": 0.9995776887876058,
    "num_nontrivial_rotations": 20,
    "time": 1.2863848209381104,
    "num_gates": {
        "h": 377,
        "t": 362,
        "y": 74,
        "x": 64,
        "cx": 36,
        "s": 18,
        "z": 1
    },
    "noisy_fidelity": {
        "1e-06": 0.9990105786814965,
        "1e-05": 0.9939215816179584,
        "0.0001": 0.9444869512396675
    },
    "t_depth": 218,
    "optimized_t_count": 360,
    "optimized_num_gates": {
        "h": 377,
        "t": 360,
        "x": 138,
        "s": 92,
        "sdg": 74,
        "cx": 36,
        "z": 1
    },
    "optimized_t_depth": 217
}