{
    "algorithm_config": "trasyn_tshxyz_tb10_ns40000_bc2",
    "benchmark_name": "qaoa p2 s1 n8",
    "n": 8,
    "seed": 0,
    "unitary_distance": 0.027396118276339265,
    "state_fidelity": 0.9991234593095552,
    "num_nontrivial_rotations": 26,
    "time": 1.6255099773406982,
    "num_gates": {
        "h": 498,
        "t": 484,
        "y": 99,
        "x": 63,
        "cx": 48,
        "s": 23,
        "z": 7
    },
    "noisy_fidelity": {
        "1e-06": 0.998351582493116,
        "1e-05": 0.9914323879467688,
        "0.0001": 0.9249091557497338
    },
    "t_depth": 252,
    "optimized_t_count": 482,
    "optimized_num_gates": {
        "h": 498,
        "t": 482,
        "x": 162,
        "s": 123,
        "sdg": 99,
        "cx": 48,
        "z": 7
    },
    "optimized_t_depth": 251
}