{
    "algorithm_config": "trasyn_tshxyz_tb10_ns40000_bc2",
    "benchmark_name": "qaoa p4 s6 n6",
    "n": 6,
    "seed": 0,
    "unitary_distance": 0.0306227461577962,
    "state_fidelity": 0.9991944423931858,
    "num_nontrivial_rotations": 39,
    "time": 2.475614070892334,
    "num_gates": {
        "h": 753,
        "t": 734,
        "y": 149,
        "x": 120,
        "cx": 72,
        "s": 24,
        "z": 8
    },
    "noisy_fidelity": {
        "1e-06": 0.9981322446674058,
        "1e-05": 0.9886257875602267,
        "0.0001": 0.8986439173402143
    },
    "t_depth": 450,
    "optimized_t_count": 728,
    "optimized_num_gates": {
        "h": 753,
        "t": 728,
        "x": 269,
        "s": 174,
        "sdg": 149,
        "cx": 72,
        "z": 8
    },
    "optimized_t_depth": 448
}