{
    "algorithm_config": "trasyn_tshxyz_tb10_ns40000_bc2",
    "benchmark_name": "qaoa p2 s9 n10",
    "n": 10,
    "seed": 0,
    "unitary_distance": 0.030624121141949453,
    "state_fidelity": 0.9994454193222835,
    "num_nontrivial_rotations": 30,
    "time": 1.9000070095062256,
    "num_gates": {
        "h": 601,
        "t": 576,
        "y": 119,
        "x": 97,
        "cx": 60,
        "s": 21,
        "z": 7
    },
    "noisy_fidelity": {
        "1e-06": 0.9986899677672108,
        "1e-05": 0.9919177448979499,
        "0.0001": 0.9267815252375691
    },
    "t_depth": 230,
    "optimized_t_count": 574,
    "optimized_num_gates": {
        "h": 601,
        "t": 574,
        "x": 216,
        "s": 141,
        "sdg": 119,
        "cx": 60,
        "z": 7
    },
    "optimized_t_depth": 230
}