{
    "algorithm_config": "trasyn_tshxyz_tb10_ns40000_bc2",
    "benchmark_name": "qaoa p2 s7 n12",
    "n": 12,
    "seed": 0,
    "unitary_distance": 0.029615049818212728,
    "state_fidelity": 0.9992043673781373,
    "num_nontrivial_rotations": 39,
    "time": 2.268404006958008,
    "num_gates": {
        "h": 772,
        "t": 749,
        "y": 144,
        "x": 123,
        "cx": 72,
        "s": 24,
        "z": 4
    },
    "noisy_fidelity": {
        "1e-06": 0.9980498863360321,
        "1e-05": 0.9877203856362693,
        "0.0001": 0.8902149813190692
    },
    "t_depth": 231,
    "optimized_t_count": 743,
    "optimized_num_gates": {
        "h": 772,
        "t": 743,
        "x": 267,
        "s": 170,
        "sdg": 144,
        "cx": 72,
        "z": 4
    },
    "optimized_t_depth": 228
}