{
    "algorithm_config": "trasyn_tshxyz_tb10_ns40000_bc2",
    "benchmark_name": "qaoa p4 s9 n10",
    "n": 10,
    "seed": 0,
    "unitary_distance": 0.03041423767847369,
    "state_fidelity": 0.999149402902438,
    "num_nontrivial_rotations": 62,
    "time": 3.771779775619507,
    "num_gates": {
        "h": 1239,
        "t": 1203,
        "y": 207,
        "x": 203,
        "cx": 120,
        "s": 40,
        "z": 16
    },
    "noisy_fidelity": {
        "1e-06": 0.9973260325989249,
        "1e-05": 0.981068158064,
        "0.0001": 0.8326687699860966
    },
    "t_depth": 402,
    "optimized_t_count": 1187,
    "optimized_num_gates": {
        "h": 1239,
        "t": 1187,
        "x": 410,
        "s": 250,
        "sdg": 207,
        "cx": 120,
        "z": 16
    },
    "optimized_t_depth": 396
}