{
    "algorithm_config": "trasyn_tshxyz_tb10_ns40000_bc2",
    "benchmark_name": "qaoa p5 s7 n8",
    "n": 8,
    "seed": 0,
    "unitary_distance": 0.03862559227395704,
    "state_fidelity": 0.9985803871437812,
    "num_nontrivial_rotations": 64,
    "time": 3.961446762084961,
    "num_gates": {
        "h": 1232,
        "t": 1198,
        "x": 238,
        "y": 211,
        "cx": 120,
        "s": 48,
        "z": 14
    },
    "noisy_fidelity": {
        "1e-06": 0.9966764354906683,
        "1e-05": 0.9797074193011411,
        "0.0001": 0.8254645124244493
    },
    "t_depth": 511,
    "optimized_t_count": 1184,
    "optimized_num_gates": {
        "h": 1232,
        "t": 1184,
        "x": 449,
        "s": 261,
        "sdg": 211,
        "cx": 120,
        "z": 14
    },
    "optimized_t_depth": 506
}