{
    "algorithm_config": "trasyn_tshxyz_tb10_ns40000_bc2",
    "benchmark_name": "qaoa p1 s6 n10",
    "n": 10,
    "seed": 0,
    "unitary_distance": 0.02119880183317858,
    "state_fidelity": 0.999619093090894,
    "num_nontrivial_rotations": 17,
    "time": 0.9865944385528564,
    "num_gates": {
        "h": 346,
        "t": 330,
        "x": 69,
        "y": 55,
        "cx": 30,
        "s": 15,
        "z": 4
    },
    "noisy_fidelity": {
        "1e-06": 0.9991312762256467,
        "1e-05": 0.9947520912326877,
        "0.0001": 0.9520466400106358
    },
    "t_depth": 134,
    "optimized_t_count": 328,
    "optimized_num_gates": {
        "h": 346,
        "t": 328,
        "x": 124,
        "s": 70,
        "sdg": 55,
        "cx": 30,
        "z": 4
    },
    "optimized_t_depth": 134
}