{
    "algorithm_config": "trasyn_tshxyz_tb10_ns40000_bc2",
    "benchmark_name": "qaoa p3 s2 n8",
    "n": 8,
    "seed": 0,
    "unitary_distance": 0.02641717539986441,
    "state_fidelity": 0.9993840196496748,
    "num_nontrivial_rotations": 39,
    "time": 2.487013101577759,
    "num_gates": {
        "h": 778,
        "t": 752,
        "x": 145,
        "y": 128,
        "cx": 72,
        "s": 33,
        "z": 5
    },
    "noisy_fidelity": {
        "1e-06": 0.9982511009251634,
        "1e-05": 0.9881147084927548,
        "0.0001": 0.8924465659654269
    },
    "t_depth": 350,
    "optimized_t_count": 750,
    "optimized_num_gates": {
        "h": 778,
        "t": 750,
        "x": 273,
        "s": 161,
        "sdg": 128,
        "cx": 72,
        "z": 5
    },
    "optimized_t_depth": 350
}