{
    "algorithm_config": "trasyn_tshxyz_tb10_ns40000_bc2",
    "benchmark_name": "qaoa p5 s4 n6",
    "n": 6,
    "seed": 0,
    "unitary_distance": 0.027798790047900607,
    "state_fidelity": 0.999108414773412,
    "num_nontrivial_rotations": 49,
    "time": 3.0924084186553955,
    "num_gates": {
        "h": 955,
        "t": 931,
        "x": 178,
        "y": 167,
        "cx": 90,
        "s": 28,
        "z": 12
    },
    "noisy_fidelity": {
        "1e-06": 0.9976530340766298,
        "1e-05": 0.984653789265671,
        "0.0001": 0.8639923879891753
    },
    "t_depth": 498,
    "optimized_t_count": 925,
    "optimized_num_gates": {
        "h": 955,
        "t": 925,
        "x": 345,
        "s": 197,
        "sdg": 167,
        "cx": 90,
        "z": 12
    },
    "optimized_t_depth": 496
}