{
    "algorithm_config": "trasyn_tshxyz_tb10_ns40000_bc2",
    "benchmark_name": "qaoa p4 s8 n4",
    "n": 4,
    "seed": 0,
    "unitary_distance": 0.02813210477529575,
    "state_fidelity": 0.9995409310322925,
    "num_nontrivial_rotations": 28,
    "time": 1.7331247329711914,
    "num_gates": {
        "h": 562,
        "t": 545,
        "x": 107,
        "y": 88,
        "cx": 48,
        "s": 15,
        "z": 9
    },
    "noisy_fidelity": {
        "1e-06": 0.9987879120446808,
        "1e-05": 0.9920397078325343,
        "0.0001": 0.9273425710435683
    },
    "t_depth": 354,
    "optimized_t_count": 533,
    "optimized_num_gates": {
        "h": 562,
        "t": 533,
        "x": 195,
        "s": 105,
        "sdg": 88,
        "cx": 48,
        "z": 9
    },
    "optimized_t_depth": 346
}