{
    "algorithm_config": "trasyn_tshxyz_tb10_ns40000_bc2",
    "benchmark_name": "qaoa p1 s5 n8",
    "n": 8,
    "seed": 0,
    "unitary_distance": 0.013534065252057704,
    "state_fidelity": 0.9998730496508501,
    "num_nontrivial_rotations": 13,
    "time": 0.8348643779754639,
    "num_gates": {
        "h": 258,
        "t": 249,
        "y": 52,
        "x": 39,
        "cx": 24,
        "s": 8,
        "z": 4
    },
    "noisy_fidelity": {
        "1e-06": 0.9995432323446061,
        "1e-05": 0.9965800604685167,
        "0.0001": 0.9674553720346573
    },
    "t_depth": 191,
    "optimized_t_count": 249,
    "optimized_num_gates": {
        "h": 258,
        "t": 249,
        "x": 91,
        "s": 60,
        "sdg": 52,
        "cx": 24,
        "z": 4
    },
    "optimized_t_depth": 191
}