{
    "algorithm_config": "trasyn_tshxyz_tb10_ns40000_bc2",
    "benchmark_name": "qaoa p5 s0 n12",
    "n": 12,
    "seed": 0,
    "unitary_distance": 0.043265438409922516,
    "state_fidelity": 0.9984542360608469,
    "num_nontrivial_rotations": 97,
    "time": 5.523322820663452,
    "num_gates": {
        "h": 1929,
        "t": 1883,
        "x": 418,
        "y": 324,
        "cx": 180,
        "s": 68,
        "z": 22
    },
    "noisy_fidelity": {
        "1e-06": 0.9955582363623149,
        "1e-05": 0.9698754638130602,
        "0.0001": 0.7472829659307209
    },
    "t_depth": 453,
    "optimized_t_count": 1871,
    "optimized_num_gates": {
        "h": 1929,
        "t": 1871,
        "x": 742,
        "s": 396,
        "sdg": 324,
        "cx": 180,
        "z": 22
    },
    "optimized_t_depth": 453
}