{
    "algorithm_config": "trasyn_tshxyz_tb10_ns40000_bc2",
    "benchmark_name": "qaoa p1 s1 n12",
    "n": 12,
    "seed": 0,
    "unitary_distance": 0.022746515186876672,
    "state_fidelity": 0.9995375527205109,
    "num_nontrivial_rotations": 19,
    "time": 1.1710636615753174,
    "num_gates": {
        "h": 388,
        "t": 367,
        "x": 74,
        "y": 60,
        "cx": 36,
        "s": 15,
        "z": 7
    },
    "noisy_fidelity": {
        "1e-06": 0.9990122590729993,
        "1e-05": 0.9942974222142835,
        "0.0001": 0.9483936445446817
    },
    "t_depth": 195,
    "optimized_t_count": 367,
    "optimized_num_gates": {
        "h": 388,
        "t": 367,
        "x": 134,
        "s": 75,
        "sdg": 60,
        "cx": 36,
        "z": 7
    },
    "optimized_t_depth": 195
}