{
    "algorithm_config": "trasyn_tshxyz_tb10_ns40000_bc2",
    "benchmark_name": "qaoa p1 s0 n10",
    "n": 10,
    "seed": 0,
    "unitary_distance": 0.0169824842333504,
    "state_fidelity": 0.99975703311011,
    "num_nontrivial_rotations": 16,
    "time": 1.4104163646697998,
    "num_gates": {
        "h": 327,
        "t": 306,
        "x": 60,
        "y": 44,
        "cx": 30,
        "s": 16,
        "z": 4
    },
    "noisy_fidelity": {
        "1e-06": 0.9993853958283003,
        "1e-05": 0.9960472209306694,
        "0.0001": 0.963306192865214
    },
    "t_depth": 147,
    "optimized_t_count": 306,
    "optimized_num_gates": {
        "h": 327,
        "t": 306,
        "x": 104,
        "s": 60,
        "sdg": 44,
        "cx": 30,
        "z": 4
    },
    "optimized_t_depth": 147
}