{
    "algorithm_config": "trasyn_tshxyz_tb10_ns40000_bc2",
    "benchmark_name": "qaoa p4 s0 n10",
    "n": 10,
    "seed": 0,
    "unitary_distance": 0.04023522040880901,
    "state_fidelity": 0.9986153107049686,
    "num_nontrivial_rotations": 63,
    "time": 3.867682933807373,
    "num_gates": {
        "h": 1249,
        "t": 1217,
        "y": 233,
        "x": 216,
        "cx": 120,
        "s": 40,
        "z": 13
    },
    "noisy_fidelity": {
        "1e-06": 0.9967068348422098,
        "1e-05": 0.979697800855114,
        "0.0001": 0.8251161532610554
    },
    "t_depth": 390,
    "optimized_t_count": 1211,
    "optimized_num_gates": {
        "h": 1249,
        "t": 1211,
        "x": 449,
        "s": 274,
        "sdg": 233,
        "cx": 120,
        "z": 13
    },
    "optimized_t_depth": 389
}