{
    "algorithm_config": "trasyn_tshxyz_tb10_ns40000_bc2",
    "benchmark_name": "qaoa p3 s3 n10",
    "n": 10,
    "seed": 0,
    "unitary_distance": 0.02268687922271341,
    "state_fidelity": 0.9995776260587745,
    "num_nontrivial_rotations": 46,
    "time": 2.83366322517395,
    "num_gates": {
        "h": 906,
        "t": 878,
        "y": 182,
        "x": 126,
        "cx": 90,
        "s": 28,
        "z": 13
    },
    "noisy_fidelity": {
        "1e-06": 0.9983211663003684,
        "1e-05": 0.9870865596196576,
        "0.0001": 0.8817047106794541
    },
    "t_depth": 323,
    "optimized_t_count": 872,
    "optimized_num_gates": {
        "h": 906,
        "t": 872,
        "x": 308,
        "s": 211,
        "sdg": 182,
        "cx": 90,
        "z": 13
    },
    "optimized_t_depth": 321
}