{
    "algorithm_config": "trasyn_tshxyz_tb10_ns40000_bc2",
    "benchmark_name": "qaoa p2 s1 n4",
    "n": 4,
    "seed": 0,
    "unitary_distance": 0.021773898860286637,
    "state_fidelity": 0.9996185758217799,
    "num_nontrivial_rotations": 14,
    "time": 0.8807282447814941,
    "num_gates": {
        "h": 281,
        "t": 270,
        "y": 49,
        "x": 44,
        "cx": 24,
        "s": 10,
        "z": 4
    },
    "noisy_fidelity": {
        "1e-06": 0.9992053859075835,
        "1e-05": 0.9954953864444389,
        "0.0001": 0.9592439185393302
    },
    "t_depth": 194,
    "optimized_t_count": 266,
    "optimized_num_gates": {
        "h": 281,
        "t": 266,
        "x": 93,
        "s": 60,
        "sdg": 49,
        "cx": 24,
        "z": 4
    },
    "optimized_t_depth": 192
}