{
    "algorithm_config": "trasyn_tshxyz_tb10_ns40000_bc2",
    "benchmark_name": "qaoa p4 s0 n4",
    "n": 4,
    "seed": 0,
    "unitary_distance": 0.02470373412424582,
    "state_fidelity": 0.9993972876031532,
    "num_nontrivial_rotations": 28,
    "time": 1.6916184425354004,
    "num_gates": {
        "h": 558,
        "t": 544,
        "y": 104,
        "x": 90,
        "cx": 48,
        "s": 19,
        "z": 5
    },
    "noisy_fidelity": {
        "1e-06": 0.9985961989384217,
        "1e-05": 0.9914186825689449,
        "0.0001": 0.9227441967359069
    },
    "t_depth": 356,
    "optimized_t_count": 534,
    "optimized_num_gates": {
        "h": 558,
        "t": 534,
        "x": 194,
        "s": 126,
        "sdg": 104,
        "cx": 48,
        "z": 5
    },
    "optimized_t_depth": 352
}