{
    "algorithm_config": "trasyn_tshxyz_tb10_ns40000_bc2",
    "benchmark_name": "qaoa p1 s8 n6",
    "n": 6,
    "seed": 0,
    "unitary_distance": 0.010323966523679354,
    "state_fidelity": 0.9998828994912511,
    "num_nontrivial_rotations": 10,
    "time": 0.7052335739135742,
    "num_gates": {
        "h": 192,
        "t": 183,
        "y": 38,
        "x": 33,
        "cx": 18,
        "s": 7,
        "z": 1
    },
    "noisy_fidelity": {
        "1e-06": 0.9996438443657332,
        "1e-05": 0.9974951470869887,
        "0.0001": 0.9762827387472872
    },
    "t_depth": 113,
    "optimized_t_count": 181,
    "optimized_num_gates": {
        "h": 192,
        "t": 181,
        "x": 71,
        "s": 45,
        "sdg": 38,
        "cx": 18,
        "z": 1
    },
    "optimized_t_depth": 113
}