{
    "algorithm_config": "trasyn_tshxyz_tb10_ns40000_bc2",
    "benchmark_name": "qaoa p1 s1 n4",
    "n": 4,
    "seed": 0,
    "unitary_distance": 0.011003482667630324,
    "state_fidelity": 0.999895080030836,
    "num_nontrivial_rotations": 7,
    "time": 0.4749462604522705,
    "num_gates": {
        "h": 143,
        "t": 136,
        "y": 25,
        "x": 22,
        "cx": 12,
        "z": 3,
        "s": 1
    },
    "noisy_fidelity": {
        "1e-06": 0.9997225785732153,
        "1e-05": 0.9981715920565812,
        "0.0001": 0.9828118343064396
    },
    "t_depth": 116,
    "optimized_t_count": 134,
    "optimized_num_gates": {
        "h": 143,
        "t": 134,
        "x": 47,
        "s": 26,
        "sdg": 25,
        "cx": 12,
        "z": 3
    },
    "optimized_t_depth": 115
}