{
    "algorithm_config": "trasyn_tshxyz_tb10_ns40000_bc2",
    "benchmark_name": "qaoa p3 s5 n10",
    "n": 10,
    "seed": 0,
    "unitary_distance": 0.02435498944505505,
    "state_fidelity": 0.9994858206925205,
    "num_nontrivial_rotations": 51,
    "time": 2.9129388332366943,
    "num_gates": {
        "h": 999,
        "t": 984,
        "y": 171,
        "x": 157,
        "cx": 90,
        "s": 26,
        "z": 16
    },
    "noisy_fidelity": {
        "1e-06": 0.9980116545032818,
        "1e-05": 0.9848439317443143,
        "0.0001": 0.8625559923319119
    },
    "t_depth": 292,
    "optimized_t_count": 980,
    "optimized_num_gates": {
        "h": 999,
        "t": 980,
        "x": 328,
        "s": 197,
        "sdg": 171,
        "cx": 90,
        "z": 16
    },
    "optimized_t_depth": 291
}