{
    "algorithm_config": "trasyn_tshxyz_tb10_ns40000_bc2",
    "benchmark_name": "qaoa p5 s5 n8",
    "n": 8,
    "seed": 0,
    "unitary_distance": 0.0369196192424606,
    "state_fidelity": 0.9987153482306099,
    "num_nontrivial_rotations": 64,
    "time": 3.986055374145508,
    "num_gates": {
        "h": 1235,
        "t": 1193,
        "x": 219,
        "y": 195,
        "cx": 120,
        "s": 38,
        "z": 12
    },
    "noisy_fidelity": {
        "1e-06": 0.9967962700017723,
        "1e-05": 0.9796920949241368,
        "0.0001": 0.8241981654851228
    },
    "t_depth": 524,
    "optimized_t_count": 1177,
    "optimized_num_gates": {
        "h": 1235,
        "t": 1177,
        "x": 414,
        "s": 238,
        "sdg": 195,
        "cx": 120,
        "z": 12
    },
    "optimized_t_depth": 519
}