{
    "algorithm_config": "trasyn_tshxyz_tb10_ns40000_bc2",
    "benchmark_name": "qaoa p4 s7 n6",
    "n": 6,
    "seed": 0,
    "unitary_distance": 0.02654481605492912,
    "state_fidelity": 0.9992632614036338,
    "num_nontrivial_rotations": 40,
    "time": 2.491152286529541,
    "num_gates": {
        "h": 789,
        "t": 770,
        "y": 166,
        "x": 124,
        "cx": 72,
        "s": 26,
        "z": 10
    },
    "noisy_fidelity": {
        "1e-06": 0.9980760711249165,
        "1e-05": 0.9874574566785899,
        "0.0001": 0.8875476028086166
    },
    "t_depth": 392,
    "optimized_t_count": 768,
    "optimized_num_gates": {
        "h": 789,
        "t": 768,
        "x": 290,
        "s": 192,
        "sdg": 166,
        "cx": 72,
        "z": 10
    },
    "optimized_t_depth": 391
}