{
    "algorithm_config": "trasyn_tshxyz_tb10_ns40000_bc2",
    "benchmark_name": "qaoa p3 s4 n6",
    "n": 6,
    "seed": 0,
    "unitary_distance": 0.023899348408760183,
    "state_fidelity": 0.9994090122696456,
    "num_nontrivial_rotations": 30,
    "time": 1.8903706073760986,
    "num_gates": {
        "h": 576,
        "t": 559,
        "y": 102,
        "x": 100,
        "cx": 54,
        "s": 21,
        "z": 10
    },
    "noisy_fidelity": {
        "1e-06": 0.9985960625724987,
        "1e-05": 0.991311031285899,
        "0.0001": 0.9214901782254298
    },
    "t_depth": 322,
    "optimized_t_count": 559,
    "optimized_num_gates": {
        "h": 576,
        "t": 559,
        "x": 202,
        "s": 123,
        "sdg": 102,
        "cx": 54,
        "z": 10
    },
    "optimized_t_depth": 322
}