{
    "algorithm_config": "trasyn_tshxyz_tb10_ns40000_bc2",
    "benchmark_name": "qaoa p3 s9 n4",
    "n": 4,
    "seed": 0,
    "unitary_distance": 0.022300105513805398,
    "state_fidelity": 0.999460584718358,
    "num_nontrivial_rotations": 21,
    "time": 1.2843451499938965,
    "num_gates": {
        "h": 426,
        "t": 413,
        "x": 75,
        "y": 72,
        "cx": 36,
        "s": 14,
        "z": 3
    },
    "noisy_fidelity": {
        "1e-06": 0.9988121159676566,
        "1e-05": 0.9929974328243805,
        "0.0001": 0.9369293990024726
    },
    "t_depth": 276,
    "optimized_t_count": 407,
    "optimized_num_gates": {
        "h": 426,
        "t": 407,
        "x": 147,
        "s": 88,
        "sdg": 72,
        "cx": 36,
        "z": 3
    },
    "optimized_t_depth": 273
}