{
    "algorithm_config": "trasyn_tshxyz_tb10_ns40000_bc2",
    "benchmark_name": "qaoa p3 s2 n12",
    "n": 12,
    "seed": 0,
    "unitary_distance": 0.03153837575151514,
    "state_fidelity": 0.9990968251515105,
    "num_nontrivial_rotations": 57,
    "time": 3.347774028778076,
    "num_gates": {
        "h": 1127,
        "t": 1105,
        "y": 205,
        "x": 191,
        "cx": 108,
        "s": 36,
        "z": 20
    },
    "noisy_fidelity": {
        "1e-06": 0.9974044461822348,
        "1e-05": 0.9823041203571725,
        "0.0001": 0.8435490031112657
    },
    "t_depth": 353,
    "optimized_t_count": 1105,
    "optimized_num_gates": {
        "h": 1127,
        "t": 1105,
        "x": 396,
        "s": 241,
        "sdg": 205,
        "cx": 108,
        "z": 20
    },
    "optimized_t_depth": 353
}