{
    "algorithm_config": "trasyn_tshxyz_tb10_ns40000_bc2",
    "benchmark_name": "qaoa p5 s0 n4",
    "n": 4,
    "seed": 0,
    "unitary_distance": 0.030358952717358376,
    "state_fidelity": 0.9990906649721173,
    "num_nontrivial_rotations": 35,
    "time": 2.100287437438965,
    "num_gates": {
        "h": 666,
        "t": 654,
        "y": 116,
        "x": 103,
        "cx": 60,
        "s": 19,
        "z": 10
    },
    "noisy_fidelity": {
        "1e-06": 0.9981682926821416,
        "1e-05": 0.9899098756811241,
        "0.0001": 0.9114295464236171
    },
    "t_depth": 427,
    "optimized_t_count": 646,
    "optimized_num_gates": {
        "h": 666,
        "t": 646,
        "x": 219,
        "s": 138,
        "sdg": 116,
        "cx": 60,
        "z": 10
    },
    "optimized_t_depth": 425
}