{
    "algorithm_config": "trasyn_tshxyz_tb10_ns40000_bc2",
    "benchmark_name": "qaoa p3 s4 n4",
    "n": 4,
    "seed": 0,
    "unitary_distance": 0.022421759570572117,
    "state_fidelity": 0.9994588647575836,
    "num_nontrivial_rotations": 21,
    "time": 1.2924995422363281,
    "num_gates": {
        "h": 414,
        "t": 403,
        "x": 91,
        "y": 57,
        "cx": 36,
        "s": 7,
        "z": 2
    },
    "noisy_fidelity": {
        "1e-06": 0.998868037296409,
        "1e-05": 0.9935681906442009,
        "0.0001": 0.9422735186648761
    },
    "t_depth": 270,
    "optimized_t_count": 395,
    "optimized_num_gates": {
        "h": 414,
        "t": 395,
        "x": 148,
        "s": 65,
        "sdg": 57,
        "cx": 36,
        "z": 2
    },
    "optimized_t_depth": 266
}