{
    "algorithm_config": "trasyn_tshxyz_tb10_ns40000_bc2",
    "benchmark_name": "qaoa p5 s4 n4",
    "n": 4,
    "seed": 0,
    "unitary_distance": 0.026324160519116877,
    "state_fidelity": 0.9995506073549328,
    "num_nontrivial_rotations": 34,
    "time": 2.1052513122558594,
    "num_gates": {
        "h": 680,
        "t": 659,
        "y": 119,
        "x": 111,
        "cx": 60,
        "s": 24,
        "z": 14
    },
    "noisy_fidelity": {
        "1e-06": 0.9985905205323933,
        "1e-05": 0.9899964078387663,
        "0.0001": 0.9085088139581122
    },
    "t_depth": 430,
    "optimized_t_count": 653,
    "optimized_num_gates": {
        "h": 680,
        "t": 653,
        "x": 230,
        "s": 144,
        "sdg": 119,
        "cx": 60,
        "z": 14
    },
    "optimized_t_depth": 429
}