{
    "algorithm_config": "trasyn_tshxyz_tb10_ns40000_bc2",
    "benchmark_name": "qaoa p2 s5 n10",
    "n": 10,
    "seed": 0,
    "unitary_distance": 0.025963680666559193,
    "state_fidelity": 0.9993981376855245,
    "num_nontrivial_rotations": 34,
    "time": 1.9031155109405518,
    "num_gates": {
        "h": 676,
        "t": 655,
        "x": 122,
        "y": 112,
        "cx": 60,
        "s": 20,
        "z": 8
    },
    "noisy_fidelity": {
        "1e-06": 0.998475893899673,
        "1e-05": 0.9902151354222476,
        "0.0001": 0.9113874829835238
    },
    "t_depth": 214,
    "optimized_t_count": 653,
    "optimized_num_gates": {
        "h": 676,
        "t": 653,
        "x": 234,
        "s": 132,
        "sdg": 112,
        "cx": 60,
        "z": 8
    },
    "optimized_t_depth": 214
}