{
    "algorithm_config": "trasyn_tshxyz_tb10_ns40000_bc2",
    "benchmark_name": "qaoa p3 s7 n4",
    "n": 4,
    "seed": 0,
    "unitary_distance": 0.017164250204523168,
    "state_fidelity": 0.9997734923521957,
    "num_nontrivial_rotations": 21,
    "time": 1.2925620079040527,
    "num_gates": {
        "h": 419,
        "t": 404,
        "x": 75,
        "y": 73,
        "cx": 36,
        "s": 15,
        "z": 8
    },
    "noisy_fidelity": {
        "1e-06": 0.9992450910219556,
        "1e-05": 0.9945038274752063,
        "0.0001": 0.9484823342794421
    },
    "t_depth": 272,
    "optimized_t_count": 400,
    "optimized_num_gates": {
        "h": 419,
        "t": 400,
        "x": 148,
        "s": 88,
        "sdg": 73,
        "cx": 36,
        "z": 8
    },
    "optimized_t_depth": 270
}