{
    "algorithm_config": "trasyn_tshxyz_tb10_ns40000_bc2",
    "benchmark_name": "qaoa p1 s3 n12",
    "n": 12,
    "seed": 0,
    "unitary_distance": 0.024204078917670988,
    "state_fidelity": 0.9996526091292557,
    "num_nontrivial_rotations": 19,
    "time": 1.1618497371673584,
    "num_gates": {
        "h": 369,
        "t": 351,
        "y": 76,
        "x": 62,
        "cx": 36,
        "s": 9,
        "z": 4
    },
    "noisy_fidelity": {
        "1e-06": 0.9992451319540884,
        "1e-05": 0.9955856589364643,
        "0.0001": 0.9597539314489415
    },
    "t_depth": 163,
    "optimized_t_count": 349,
    "optimized_num_gates": {
        "h": 369,
        "t": 349,
        "x": 138,
        "s": 86,
        "sdg": 76,
        "cx": 36,
        "z": 4
    },
    "optimized_t_depth": 161
}