{
    "algorithm_config": "trasyn_tshxyz_tb10_ns40000_bc2",
    "benchmark_name": "qaoa p4 s2 n10",
    "n": 10,
    "seed": 0,
    "unitary_distance": 0.038799960211134014,
    "state_fidelity": 0.9988464529913565,
    "num_nontrivial_rotations": 64,
    "time": 3.8989644050598145,
    "num_gates": {
        "h": 1257,
        "t": 1224,
        "x": 237,
        "y": 205,
        "cx": 120,
        "s": 42,
        "z": 15
    },
    "noisy_fidelity": {
        "1e-06": 0.9970447096579277,
        "1e-05": 0.9809786961014494,
        "0.0001": 0.8342416174940918
    },
    "t_depth": 563,
    "optimized_t_count": 1212,
    "optimized_num_gates": {
        "h": 1257,
        "t": 1212,
        "x": 442,
        "s": 251,
        "sdg": 205,
        "cx": 120,
        "z": 15
    },
    "optimized_t_depth": 561
}