{
    "algorithm_config": "trasyn_tshxyz_tb10_ns40000_bc2",
    "benchmark_name": "qaoa p5 s8 n10",
    "n": 10,
    "seed": 0,
    "unitary_distance": 0.0365517539788944,
    "state_fidelity": 0.9990719353921198,
    "num_nontrivial_rotations": 80,
    "time": 4.693861722946167,
    "num_gates": {
        "h": 1575,
        "t": 1534,
        "y": 301,
        "x": 293,
        "cx": 150,
        "s": 55,
        "z": 14
    },
    "noisy_fidelity": {
        "1e-06": 0.9970093407914569,
        "1e-05": 0.9786428443816362,
        "0.0001": 0.8131175911791464
    },
    "t_depth": 631,
    "optimized_t_count": 1524,
    "optimized_num_gates": {
        "h": 1575,
        "t": 1524,
        "x": 594,
        "s": 357,
        "sdg": 301,
        "cx": 150,
        "z": 14
    },
    "optimized_t_depth": 627
}