{
    "algorithm_config": "trasyn_tshxyz_tb10_ns40000_bc2",
    "benchmark_name": "qaoa p3 s3 n4",
    "n": 4,
    "seed": 0,
    "unitary_distance": 0.01780658192751566,
    "state_fidelity": 0.9997687630158879,
    "num_nontrivial_rotations": 20,
    "time": 1.289294719696045,
    "num_gates": {
        "h": 398,
        "t": 385,
        "x": 70,
        "y": 65,
        "cx": 36,
        "s": 12,
        "z": 4
    },
    "noisy_fidelity": {
        "1e-06": 0.9992118900806937,
        "1e-05": 0.9942158651113857,
        "0.0001": 0.9457894916613158
    },
    "t_depth": 274,
    "optimized_t_count": 381,
    "optimized_num_gates": {
        "h": 398,
        "t": 381,
        "x": 135,
        "s": 78,
        "sdg": 65,
        "cx": 36,
        "z": 4
    },
    "optimized_t_depth": 272
}