{
    "algorithm_config": "trasyn_tshxyz_tb10_ns40000_bc2",
    "benchmark_name": "qaoa p3 s3 n6",
    "n": 6,
    "seed": 0,
    "unitary_distance": 0.021843413228111848,
    "state_fidelity": 0.9997359073427334,
    "num_nontrivial_rotations": 29,
    "time": 1.8862407207489014,
    "num_gates": {
        "h": 571,
        "t": 555,
        "x": 104,
        "y": 102,
        "cx": 54,
        "s": 23,
        "z": 7
    },
    "noisy_fidelity": {
        "1e-06": 0.9989083268330897,
        "1e-05": 0.9914923589075522,
        "0.0001": 0.9204336861156461
    },
    "t_depth": 275,
    "optimized_t_count": 549,
    "optimized_num_gates": {
        "h": 571,
        "t": 549,
        "x": 206,
        "s": 126,
        "sdg": 102,
        "cx": 54,
        "z": 7
    },
    "optimized_t_depth": 272
}