{
    "algorithm_config": "trasyn_tshxyz_tb10_ns40000_bc2",
    "benchmark_name": "qaoa p3 s8 n12",
    "n": 12,
    "seed": 0,
    "unitary_distance": 0.03567207710544262,
    "state_fidelity": 0.9987646824647128,
    "num_nontrivial_rotations": 61,
    "time": 3.3918795585632324,
    "num_gates": {
        "h": 1215,
        "t": 1173,
        "y": 214,
        "x": 212,
        "cx": 108,
        "s": 41,
        "z": 11
    },
    "noisy_fidelity": {
        "1e-06": 0.9970275448489507,
        "1e-05": 0.9815316334749635,
        "0.0001": 0.8394755325986496
    },
    "t_depth": 433,
    "optimized_t_count": 1165,
    "optimized_num_gates": {
        "h": 1215,
        "t": 1165,
        "x": 426,
        "s": 256,
        "sdg": 214,
        "cx": 108,
        "z": 11
    },
    "optimized_t_depth": 429
}