{
    "algorithm_config": "trasyn_tshxyz_tb10_ns40000_bc2",
    "benchmark_name": "qaoa p2 s2 n10",
    "n": 10,
    "seed": 0,
    "unitary_distance": 0.02337661073901106,
    "state_fidelity": 0.9995138062522464,
    "num_nontrivial_rotations": 32,
    "time": 1.9175806045532227,
    "num_gates": {
        "h": 645,
        "t": 622,
        "y": 120,
        "x": 104,
        "cx": 60,
        "s": 26,
        "z": 6
    },
    "noisy_fidelity": {
        "1e-06": 0.9986227786144282,
        "1e-05": 0.9906403402187712,
        "0.0001": 0.9143481490652072
    },
    "t_depth": 334,
    "optimized_t_count": 618,
    "optimized_num_gates": {
        "h": 645,
        "t": 618,
        "x": 224,
        "s": 148,
        "sdg": 120,
        "cx": 60,
        "z": 6
    },
    "optimized_t_depth": 332
}