{
    "algorithm_config": "trasyn_tshxyz_tb10_ns40000_bc2",
    "benchmark_name": "qaoa p4 s7 n12",
    "n": 12,
    "seed": 0,
    "unitary_distance": 0.048061063218061126,
    "state_fidelity": 0.9978340394797975,
    "num_nontrivial_rotations": 77,
    "time": 4.429123640060425,
    "num_gates": {
        "h": 1504,
        "t": 1456,
        "y": 254,
        "x": 254,
        "cx": 144,
        "s": 57,
        "z": 25
    },
    "noisy_fidelity": {
        "1e-06": 0.9956868722513071,
        "1e-05": 0.976573754490787,
        "0.0001": 0.8048864062086819
    },
    "t_depth": 410,
    "optimized_t_count": 1438,
    "optimized_num_gates": {
        "h": 1504,
        "t": 1438,
        "x": 508,
        "s": 313,
        "sdg": 254,
        "cx": 144,
        "z": 25
    },
    "optimized_t_depth": 406
}