{
    "algorithm_config": "trasyn_tshxyz_tb10_ns40000_bc2",
    "benchmark_name": "qaoa p2 s2 n12",
    "n": 12,
    "seed": 0,
    "unitary_distance": 0.03423302283023714,
    "state_fidelity": 0.9992581907788718,
    "num_nontrivial_rotations": 40,
    "time": 2.2733237743377686,
    "num_gates": {
        "h": 787,
        "t": 761,
        "y": 147,
        "x": 138,
        "cx": 72,
        "s": 25,
        "z": 10
    },
    "noisy_fidelity": {
        "1e-06": 0.9983195753509727,
        "1e-05": 0.9899134149361775,
        "0.0001": 0.9098126094017929
    },
    "t_depth": 272,
    "optimized_t_count": 757,
    "optimized_num_gates": {
        "h": 787,
        "t": 757,
        "x": 285,
        "s": 172,
        "sdg": 147,
        "cx": 72,
        "z": 10
    },
    "optimized_t_depth": 271
}