{
    "algorithm_config": "trasyn_tshxyz_tb10_ns40000_bc2",
    "benchmark_name": "qaoa p4 s0 n6",
    "n": 6,
    "seed": 0,
    "unitary_distance": 0.03002391616008538,
    "state_fidelity": 0.9992021801004274,
    "num_nontrivial_rotations": 40,
    "time": 2.516711473464966,
    "num_gates": {
        "h": 788,
        "t": 766,
        "y": 163,
        "x": 114,
        "cx": 72,
        "s": 25,
        "z": 6
    },
    "noisy_fidelity": {
        "1e-06": 0.9981130187436786,
        "1e-05": 0.988367419966079,
        "0.0001": 0.8963205051291244
    },
    "t_depth": 345,
    "optimized_t_count": 758,
    "optimized_num_gates": {
        "h": 788,
        "t": 758,
        "x": 277,
        "s": 191,
        "sdg": 163,
        "cx": 72,
        "z": 6
    },
    "optimized_t_depth": 339
}