{
    "algorithm_config": "trasyn_tshxyz_tb10_ns40000_bc2",
    "benchmark_name": "qaoa p2 s3 n10",
    "n": 10,
    "seed": 0,
    "unitary_distance": 0.021905924008483492,
    "state_fidelity": 0.9995687421083795,
    "num_nontrivial_rotations": 32,
    "time": 1.965012550354004,
    "num_gates": {
        "h": 623,
        "t": 601,
        "y": 121,
        "x": 111,
        "cx": 60,
        "s": 20,
        "z": 5
    },
    "noisy_fidelity": {
        "1e-06": 0.9986529208886092,
        "1e-05": 0.99044890456689,
        "0.0001": 0.9120905625473938
    },
    "t_depth": 249,
    "optimized_t_count": 597,
    "optimized_num_gates": {
        "h": 623,
        "t": 597,
        "x": 232,
        "s": 141,
        "sdg": 121,
        "cx": 60,
        "z": 5
    },
    "optimized_t_depth": 246
}