{
    "algorithm_config": "trasyn_tshxyz_tb10_ns40000_bc2",
    "benchmark_name": "qaoa p3 s9 n10",
    "n": 10,
    "seed": 0,
    "unitary_distance": 0.028337200665339703,
    "state_fidelity": 0.9992407434049577,
    "num_nontrivial_rotations": 48,
    "time": 2.8645291328430176,
    "num_gates": {
        "h": 950,
        "t": 922,
        "y": 173,
        "x": 170,
        "cx": 90,
        "s": 36,
        "z": 9
    },
    "noisy_fidelity": {
        "1e-06": 0.9977843669044186,
        "1e-05": 0.9847734589138288,
        "0.0001": 0.8637567377903734
    },
    "t_depth": 331,
    "optimized_t_count": 914,
    "optimized_num_gates": {
        "h": 950,
        "t": 914,
        "x": 343,
        "s": 212,
        "sdg": 173,
        "cx": 90,
        "z": 9
    },
    "optimized_t_depth": 328
}