{
    "algorithm_config": "trasyn_tshxyz_tb10_ns40000_bc2",
    "benchmark_name": "qaoa p2 s3 n8",
    "n": 8,
    "seed": 0,
    "unitary_distance": 0.027045581502235218,
    "state_fidelity": 0.9993579219780315,
    "num_nontrivial_rotations": 26,
    "time": 1.7646996974945068,
    "num_gates": {
        "h": 522,
        "t": 506,
        "y": 96,
        "x": 88,
        "cx": 48,
        "s": 15,
        "z": 7
    },
    "noisy_fidelity": {
        "1e-06": 0.9986624352770972,
        "1e-05": 0.9924260918871919,
        "0.0001": 0.9322859921729816
    },
    "t_depth": 350,
    "optimized_t_count": 500,
    "optimized_num_gates": {
        "h": 522,
        "t": 500,
        "x": 184,
        "s": 113,
        "sdg": 96,
        "cx": 48,
        "z": 7
    },
    "optimized_t_depth": 345
}