{
    "algorithm_config": "trasyn_tshxyz_tb10_ns40000_bc2",
    "benchmark_name": "qaoa p3 s6 n10",
    "n": 10,
    "seed": 0,
    "unitary_distance": 0.03532494644771247,
    "state_fidelity": 0.9988589251006531,
    "num_nontrivial_rotations": 51,
    "time": 2.8381800651550293,
    "num_gates": {
        "h": 1011,
        "t": 982,
        "y": 183,
        "x": 179,
        "cx": 90,
        "s": 33,
        "z": 14
    },
    "noisy_fidelity": {
        "1e-06": 0.9974672848839907,
        "1e-05": 0.9850321552543715,
        "0.0001": 0.8691345368222771
    },
    "t_depth": 292,
    "optimized_t_count": 974,
    "optimized_num_gates": {
        "h": 1011,
        "t": 974,
        "x": 362,
        "s": 217,
        "sdg": 183,
        "cx": 90,
        "z": 14
    },
    "optimized_t_depth": 292
}