{
    "algorithm_config": "trasyn_tshxyz_tb10_ns40000_bc2",
    "benchmark_name": "qaoa p5 s3 n12",
    "n": 12,
    "seed": 0,
    "unitary_distance": 0.048855395182484364,
    "state_fidelity": 0.997739223944133,
    "num_nontrivial_rotations": 99,
    "time": 5.493345499038696,
    "num_gates": {
        "h": 1940,
        "t": 1882,
        "x": 370,
        "y": 302,
        "cx": 180,
        "s": 54,
        "z": 19
    },
    "noisy_fidelity": {
        "1e-06": 0.9947940467754646,
        "1e-05": 0.9686829351480477,
        "0.0001": 0.7430132988056716
    },
    "t_depth": 712,
    "optimized_t_count": 1852,
    "optimized_num_gates": {
        "h": 1940,
        "t": 1852,
        "x": 672,
        "s": 365,
        "sdg": 302,
        "cx": 180,
        "z": 19
    },
    "optimized_t_depth": 706
}