{
    "algorithm_config": "trasyn_tshxyz_tb10_ns40000_bc2",
    "benchmark_name": "qaoa p5 s0 n6",
    "n": 6,
    "seed": 0,
    "unitary_distance": 0.031534220249696224,
    "state_fidelity": 0.9995144800489381,
    "num_nontrivial_rotations": 50,
    "time": 3.0793652534484863,
    "num_gates": {
        "h": 963,
        "t": 942,
        "y": 168,
        "x": 154,
        "cx": 90,
        "s": 36,
        "z": 14
    },
    "noisy_fidelity": {
        "1e-06": 0.9981332957593284,
        "1e-05": 0.9857930364418246,
        "0.0001": 0.8709084969545762
    },
    "t_depth": 421,
    "optimized_t_count": 938,
    "optimized_num_gates": {
        "h": 963,
        "t": 938,
        "x": 322,
        "s": 205,
        "sdg": 168,
        "cx": 90,
        "z": 14
    },
    "optimized_t_depth": 418
}