{
    "algorithm_config": "trasyn_tshxyz_tb10_ns40000_bc2",
    "benchmark_name": "qaoa p2 s0 n10",
    "n": 10,
    "seed": 0,
    "unitary_distance": 0.02367648130259614,
    "state_fidelity": 0.9995309117225264,
    "num_nontrivial_rotations": 32,
    "time": 1.976125955581665,
    "num_gates": {
        "h": 646,
        "t": 621,
        "y": 118,
        "x": 99,
        "cx": 60,
        "s": 28,
        "z": 3
    },
    "noisy_fidelity": {
        "1e-06": 0.9987799632129939,
        "1e-05": 0.9920481525962279,
        "0.0001": 0.9273045722564559
    },
    "t_depth": 237,
    "optimized_t_count": 615,
    "optimized_num_gates": {
        "h": 646,
        "t": 615,
        "x": 217,
        "s": 148,
        "sdg": 118,
        "cx": 60,
        "z": 3
    },
    "optimized_t_depth": 236
}