{
    "algorithm_config": "trasyn_tshxyz_tb10_ns40000_bc2",
    "benchmark_name": "qaoa p4 s6 n8",
    "n": 8,
    "seed": 0,
    "unitary_distance": 0.03319107369068426,
    "state_fidelity": 0.9989975378857526,
    "num_nontrivial_rotations": 52,
    "time": 3.2354774475097656,
    "num_gates": {
        "h": 997,
        "t": 967,
        "y": 182,
        "x": 170,
        "cx": 96,
        "s": 32,
        "z": 8
    },
    "noisy_fidelity": {
        "1e-06": 0.997444127524871,
        "1e-05": 0.9835750349891813,
        "0.0001": 0.855353089587296
    },
    "t_depth": 416,
    "optimized_t_count": 959,
    "optimized_num_gates": {
        "h": 997,
        "t": 959,
        "x": 352,
        "s": 216,
        "sdg": 182,
        "cx": 96,
        "z": 8
    },
    "optimized_t_depth": 415
}