{
    "algorithm_config": "trasyn_tshxyz_tb10_ns40000_bc2",
    "benchmark_name": "qaoa p4 s0 n8",
    "n": 8,
    "seed": 0,
    "unitary_distance": 0.0382381190118958,
    "state_fidelity": 0.9984257510970662,
    "num_nontrivial_rotations": 53,
    "time": 3.2685391902923584,
    "num_gates": {
        "h": 1023,
        "t": 997,
        "y": 200,
        "x": 161,
        "cx": 96,
        "s": 28,
        "z": 11
    },
    "noisy_fidelity": {
        "1e-06": 0.9968839568393844,
        "1e-05": 0.9831176302330924,
        "0.0001": 0.8557620624091489
    },
    "t_depth": 350,
    "optimized_t_count": 983,
    "optimized_num_gates": {
        "h": 1023,
        "t": 983,
        "x": 361,
        "s": 231,
        "sdg": 200,
        "cx": 96,
        "z": 11
    },
    "optimized_t_depth": 345
}