{
    "algorithm_config": "trasyn_tshxyz_tb10_ns40000_bc2",
    "benchmark_name": "qaoa p1 s6 n4",
    "n": 4,
    "seed": 0,
    "unitary_distance": 0.015668485316335443,
    "state_fidelity": 0.9997886766195724,
    "num_nontrivial_rotations": 7,
    "time": 0.4732203483581543,
    "num_gates": {
        "h": 139,
        "t": 133,
        "x": 18,
        "y": 18,
        "cx": 12,
        "s": 5,
        "z": 3
    },
    "noisy_fidelity": {
        "1e-06": 0.9995970085993379,
        "1e-05": 0.9978738756609713,
        "0.0001": 0.9808271997164639
    },
    "t_depth": 115,
    "optimized_t_count": 133,
    "optimized_num_gates": {
        "h": 139,
        "t": 133,
        "x": 36,
        "s": 23,
        "sdg": 18,
        "cx": 12,
        "z": 3
    },
    "optimized_t_depth": 115
}