{
    "algorithm_config": "trasyn_tshxyz_tb10_ns40000_bc2",
    "benchmark_name": "qaoa p2 s2 n8",
    "n": 8,
    "seed": 0,
    "unitary_distance": 0.02253996778348198,
    "state_fidelity": 0.9995624300716014,
    "num_nontrivial_rotations": 26,
    "time": 1.6106326580047607,
    "num_gates": {
        "h": 498,
        "t": 480,
        "x": 86,
        "y": 83,
        "cx": 48,
        "s": 15,
        "z": 4
    },
    "noisy_fidelity": {
        "1e-06": 0.998809087842862,
        "1e-05": 0.99205527040952,
        "0.0001": 0.9270497908985866
    },
    "t_depth": 249,
    "optimized_t_count": 476,
    "optimized_num_gates": {
        "h": 498,
        "t": 476,
        "x": 169,
        "s": 98,
        "sdg": 83,
        "cx": 48,
        "z": 4
    },
    "optimized_t_depth": 249
}