{
    "algorithm_config": "trasyn_tshxyz_tb10_ns40000_bc2",
    "benchmark_name": "qaoa p2 s6 n4",
    "n": 4,
    "seed": 0,
    "unitary_distance": 0.01630800772227559,
    "state_fidelity": 0.9996795091726632,
    "num_nontrivial_rotations": 14,
    "time": 0.8792407512664795,
    "num_gates": {
        "h": 286,
        "t": 275,
        "y": 56,
        "x": 48,
        "cx": 24,
        "s": 15,
        "z": 7
    },
    "noisy_fidelity": {
        "1e-06": 0.9992687218559807,
        "1e-05": 0.9955801992154694,
        "0.0001": 0.9595294294378258
    },
    "t_depth": 198,
    "optimized_t_count": 273,
    "optimized_num_gates": {
        "h": 286,
        "t": 273,
        "x": 104,
        "s": 71,
        "sdg": 56,
        "cx": 24,
        "z": 7
    },
    "optimized_t_depth": 197
}