{
    "algorithm_config": "trasyn_tshxyz_tb10_ns40000_bc2",
    "benchmark_name": "qaoa p3 s1 n4",
    "n": 4,
    "seed": 0,
    "unitary_distance": 0.025892906289853492,
    "state_fidelity": 0.9995553028306015,
    "num_nontrivial_rotations": 21,
    "time": 1.2860422134399414,
    "num_gates": {
        "h": 361,
        "t": 350,
        "y": 65,
        "x": 60,
        "cx": 36,
        "s": 10,
        "z": 6
    },
    "noisy_fidelity": {
        "1e-06": 0.999032232665445,
        "1e-05": 0.9943383858713155,
        "0.0001": 0.9487376604869229
    },
    "t_depth": 277,
    "optimized_t_count": 346,
    "optimized_num_gates": {
        "h": 361,
        "t": 346,
        "x": 125,
        "s": 75,
        "sdg": 65,
        "cx": 36,
        "z": 6
    },
    "optimized_t_depth": 275
}