{
    "algorithm_config": "trasyn_tshxyz_tb10_ns40000_bc2",
    "benchmark_name": "qaoa p4 s4 n4",
    "n": 4,
    "seed": 0,
    "unitary_distance": 0.02303383409842331,
    "state_fidelity": 0.9996207096592472,
    "num_nontrivial_rotations": 28,
    "time": 1.6889276504516602,
    "num_gates": {
        "h": 552,
        "t": 540,
        "y": 105,
        "x": 92,
        "cx": 48,
        "s": 11,
        "z": 4
    },
    "noisy_fidelity": {
        "1e-06": 0.9988565715596721,
        "1e-05": 0.9920087185437658,
        "0.0001": 0.9263567465342776
    },
    "t_depth": 353,
    "optimized_t_count": 532,
    "optimized_num_gates": {
        "h": 552,
        "t": 532,
        "x": 197,
        "s": 119,
        "sdg": 105,
        "cx": 48,
        "z": 4
    },
    "optimized_t_depth": 349
}