{
    "algorithm_config": "trasyn_tshxyz_tb10_ns40000_bc2",
    "benchmark_name": "qaoa p4 s3 n4",
    "n": 4,
    "seed": 0,
    "unitary_distance": 0.025512073303686465,
    "state_fidelity": 0.9994996501308635,
    "num_nontrivial_rotations": 28,
    "time": 1.6926403045654297,
    "num_gates": {
        "h": 550,
        "t": 535,
        "y": 110,
        "x": 92,
        "cx": 48,
        "s": 15,
        "z": 7
    },
    "noisy_fidelity": {
        "1e-06": 0.9986717720444356,
        "1e-05": 0.9912553819604843,
        "0.0001": 0.9204029383931789
    },
    "t_depth": 345,
    "optimized_t_count": 523,
    "optimized_num_gates": {
        "h": 550,
        "t": 523,
        "x": 202,
        "s": 127,
        "sdg": 110,
        "cx": 48,
        "z": 7
    },
    "optimized_t_depth": 340
}