{
    "algorithm_config": "trasyn_tshxyz_tb10_ns40000_bc2",
    "benchmark_name": "qaoa p3 s2 n4",
    "n": 4,
    "seed": 0,
    "unitary_distance": 0.018149171256886087,
    "state_fidelity": 0.9997170121676773,
    "num_nontrivial_rotations": 20,
    "time": 1.2843225002288818,
    "num_gates": {
        "h": 383,
        "t": 370,
        "y": 64,
        "x": 64,
        "cx": 36,
        "s": 10,
        "z": 4
    },
    "noisy_fidelity": {
        "1e-06": 0.999213566325873,
        "1e-05": 0.9946954727009434,
        "0.0001": 0.9507686974703253
    },
    "t_depth": 256,
    "optimized_t_count": 360,
    "optimized_num_gates": {
        "h": 383,
        "t": 360,
        "x": 128,
        "s": 74,
        "sdg": 64,
        "cx": 36,
        "z": 4
    },
    "optimized_t_depth": 249
}