{
    "algorithm_config": "trasyn_tshxyz_tb10_ns40000_bc2",
    "benchmark_name": "qaoa p1 s6 n12",
    "n": 12,
    "seed": 0,
    "unitary_distance": 0.018573301784072863,
    "state_fidelity": 0.9997164817285565,
    "num_nontrivial_rotations": 18,
    "time": 1.1675102710723877,
    "num_gates": {
        "h": 353,
        "t": 335,
        "y": 69,
        "x": 54,
        "cx": 36,
        "s": 12,
        "z": 4
    },
    "noisy_fidelity": {
        "1e-06": 0.9992537060861904,
        "1e-05": 0.9950987638981654,
        "0.0001": 0.9545268165056456
    },
    "t_depth": 207,
    "optimized_t_count": 335,
    "optimized_num_gates": {
        "h": 353,
        "t": 335,
        "x": 123,
        "s": 81,
        "sdg": 69,
        "cx": 36,
        "z": 4
    },
    "optimized_t_depth": 207
}