{
    "algorithm_config": "trasyn_tshxyz_tb10_ns40000_bc2",
    "benchmark_name": "qaoa p5 s9 n10",
    "n": 10,
    "seed": 0,
    "unitary_distance": 0.038055243816640036,
    "state_fidelity": 0.9987180890720203,
    "num_nontrivial_rotations": 79,
    "time": 4.6998913288116455,
    "num_gates": {
        "h": 1560,
        "t": 1522,
        "y": 261,
        "x": 258,
        "cx": 150,
        "s": 52,
        "z": 17
    },
    "noisy_fidelity": {
        "1e-06": 0.9964643418950085,
        "1e-05": 0.9764115172613084,
        "0.0001": 0.7970699853880894
    },
    "t_depth": 501,
    "optimized_t_count": 1518,
    "optimized_num_gates": {
        "h": 1560,
        "t": 1518,
        "x": 519,
        "s": 313,
        "sdg": 261,
        "cx": 150,
        "z": 17
    },
    "optimized_t_depth": 500
}