{
    "algorithm_config": "trasyn_tshxyz_tb10_ns40000_bc2",
    "benchmark_name": "qaoa p1 s1 n8",
    "n": 8,
    "seed": 0,
    "unitary_distance": 0.017544262010419483,
    "state_fidelity": 0.9996640141812027,
    "num_nontrivial_rotations": 13,
    "time": 0.8611254692077637,
    "num_gates": {
        "h": 266,
        "t": 254,
        "y": 56,
        "x": 44,
        "cx": 24,
        "s": 5,
        "z": 3
    },
    "noisy_fidelity": {
        "1e-06": 0.9992883406511978,
        "1e-05": 0.9959139528367713,
        "0.0001": 0.9628218786391428
    },
    "t_depth": 176,
    "optimized_t_count": 252,
    "optimized_num_gates": {
        "h": 266,
        "t": 252,
        "x": 100,
        "s": 62,
        "sdg": 56,
        "cx": 24,
        "z": 3
    },
    "optimized_t_depth": 174
}