{
    "algorithm_config": "trasyn_tshxyz_tb10_ns40000_bc2",
    "benchmark_name": "qaoa p4 s0 n12",
    "n": 12,
    "seed": 0,
    "unitary_distance": 0.04476419969049637,
    "state_fidelity": 0.9983025825539162,
    "num_nontrivial_rotations": 75,
    "time": 4.470549583435059,
    "num_gates": {
        "h": 1488,
        "t": 1449,
        "x": 277,
        "y": 261,
        "cx": 144,
        "s": 48,
        "z": 17
    },
    "noisy_fidelity": {
        "1e-06": 0.9962729086538358,
        "1e-05": 0.97819468806211,
        "0.0001": 0.814852739021637
    },
    "t_depth": 370,
    "optimized_t_count": 1437,
    "optimized_num_gates": {
        "h": 1488,
        "t": 1437,
        "x": 538,
        "s": 313,
        "sdg": 261,
        "cx": 144,
        "z": 17
    },
    "optimized_t_depth": 366
}