{
    "algorithm_config": "trasyn_tshxyz_tb10_ns40000_bc2",
    "benchmark_name": "qaoa p5 s3 n10",
    "n": 10,
    "seed": 0,
    "unitary_distance": 0.040603225755486125,
    "state_fidelity": 0.9985579751179724,
    "num_nontrivial_rotations": 80,
    "time": 4.690913915634155,
    "num_gates": {
        "h": 1579,
        "t": 1525,
        "y": 299,
        "x": 280,
        "cx": 150,
        "s": 49,
        "z": 18
    },
    "noisy_fidelity": {
        "1e-06": 0.9961989639588369,
        "1e-05": 0.9752211157777031,
        "0.0001": 0.7885959803360014
    },
    "t_depth": 522,
    "optimized_t_count": 1505,
    "optimized_num_gates": {
        "h": 1579,
        "t": 1505,
        "x": 579,
        "s": 354,
        "sdg": 299,
        "cx": 150,
        "z": 18
    },
    "optimized_t_depth": 515
}