{
    "algorithm_config": "trasyn_tshxyz_tb10_ns40000_bc2",
    "benchmark_name": "qaoa p1 s6 n6",
    "n": 6,
    "seed": 0,
    "unitary_distance": 0.01329732135842714,
    "state_fidelity": 0.9998870242564392,
    "num_nontrivial_rotations": 10,
    "time": 0.7163000106811523,
    "num_gates": {
        "h": 200,
        "t": 192,
        "x": 42,
        "y": 29,
        "cx": 18,
        "s": 5,
        "z": 2
    },
    "noisy_fidelity": {
        "1e-06": 0.9996336816955494,
        "1e-05": 0.9973567398760652,
        "0.0001": 0.9748953166052426
    },
    "t_depth": 154,
    "optimized_t_count": 192,
    "optimized_num_gates": {
        "h": 200,
        "t": 192,
        "x": 71,
        "s": 34,
        "sdg": 29,
        "cx": 18,
        "z": 2
    },
    "optimized_t_depth": 154
}