{
    "algorithm_config": "trasyn_tshxyz_tb10_ns40000_bc2",
    "benchmark_name": "qaoa p5 s1 n4",
    "n": 4,
    "seed": 0,
    "unitary_distance": 0.03143198953910655,
    "state_fidelity": 0.9993571561627013,
    "num_nontrivial_rotations": 35,
    "time": 2.111081600189209,
    "num_gates": {
        "h": 701,
        "t": 683,
        "y": 135,
        "x": 105,
        "cx": 60,
        "s": 27,
        "z": 11
    },
    "noisy_fidelity": {
        "1e-06": 0.9983777524273534,
        "1e-05": 0.9896115744629568,
        "0.0001": 0.9065711645423477
    },
    "t_depth": 433,
    "optimized_t_count": 677,
    "optimized_num_gates": {
        "h": 701,
        "t": 677,
        "x": 240,
        "s": 162,
        "sdg": 135,
        "cx": 60,
        "z": 11
    },
    "optimized_t_depth": 429
}