{
    "algorithm_config": "trasyn_tshxyz_tb10_ns40000_bc2",
    "benchmark_name": "qaoa p3 s4 n10",
    "n": 10,
    "seed": 0,
    "unitary_distance": 0.037172276946030466,
    "state_fidelity": 0.9987991561530762,
    "num_nontrivial_rotations": 50,
    "time": 2.8253605365753174,
    "num_gates": {
        "h": 987,
        "t": 963,
        "x": 185,
        "y": 172,
        "cx": 90,
        "s": 27,
        "z": 14
    },
    "noisy_fidelity": {
        "1e-06": 0.9974584165949197,
        "1e-05": 0.985474959885135,
        "0.0001": 0.8735007583507433
    },
    "t_depth": 373,
    "optimized_t_count": 957,
    "optimized_num_gates": {
        "h": 987,
        "t": 957,
        "x": 357,
        "s": 200,
        "sdg": 172,
        "cx": 90,
        "z": 14
    },
    "optimized_t_depth": 370
}