{
    "algorithm_config": "trasyn_tshxyz_tb10_ns40000_bc2",
    "benchmark_name": "qaoa p4 s1 n12",
    "n": 12,
    "seed": 0,
    "unitary_distance": 0.03909282467572275,
    "state_fidelity": 0.9986365859595796,
    "num_nontrivial_rotations": 75,
    "time": 4.4971044063568115,
    "num_gates": {
        "h": 1451,
        "t": 1404,
        "y": 290,
        "x": 226,
        "cx": 144,
        "s": 57,
        "z": 16
    },
    "noisy_fidelity": {
        "1e-06": 0.9966901061636183,
        "1e-05": 0.9793461199188207,
        "0.0001": 0.8220456063239511
    },
    "t_depth": 401,
    "optimized_t_count": 1398,
    "optimized_num_gates": {
        "h": 1451,
        "t": 1398,
        "x": 516,
        "s": 350,
        "sdg": 290,
        "cx": 144,
        "z": 16
    },
    "optimized_t_depth": 400
}