{
    "algorithm_config": "trasyn_tshxyz_tb10_ns40000_bc2",
    "benchmark_name": "qaoa p1 s5 n12",
    "n": 12,
    "seed": 0,
    "unitary_distance": 0.026528641594655306,
    "state_fidelity": 0.9993346201485132,
    "num_nontrivial_rotations": 21,
    "time": 1.169044017791748,
    "num_gates": {
        "h": 430,
        "t": 410,
        "y": 80,
        "x": 73,
        "cx": 36,
        "s": 12,
        "z": 2
    },
    "noisy_fidelity": {
        "1e-06": 0.9987183553895111,
        "1e-05": 0.9931894553159466,
        "0.0001": 0.9395946508875761
    },
    "t_depth": 196,
    "optimized_t_count": 410,
    "optimized_num_gates": {
        "h": 430,
        "t": 410,
        "x": 153,
        "s": 92,
        "sdg": 80,
        "cx": 36,
        "z": 2
    },
    "optimized_t_depth": 196
}