{
    "algorithm_config": "trasyn_tshxyz_tb10_ns40000_bc2",
    "benchmark_name": "qaoa p4 s9 n12",
    "n": 12,
    "seed": 0,
    "unitary_distance": 0.03863559227571164,
    "state_fidelity": 0.9988029604247387,
    "num_nontrivial_rotations": 80,
    "time": 4.4503867626190186,
    "num_gates": {
        "h": 1583,
        "t": 1542,
        "y": 307,
        "x": 237,
        "cx": 144,
        "s": 50,
        "z": 12
    },
    "noisy_fidelity": {
        "1e-06": 0.9964693605432211,
        "1e-05": 0.9757151283964374,
        "0.0001": 0.7908740134702215
    },
    "t_depth": 411,
    "optimized_t_count": 1534,
    "optimized_num_gates": {
        "h": 1583,
        "t": 1534,
        "x": 544,
        "s": 357,
        "sdg": 307,
        "cx": 144,
        "z": 12
    },
    "optimized_t_depth": 409
}