{
    "algorithm_config": "trasyn_tshxyz_tb10_ns40000_bc2",
    "benchmark_name": "qaoa p3 s8 n4",
    "n": 4,
    "seed": 0,
    "unitary_distance": 0.01872212299303562,
    "state_fidelity": 0.999779526776209,
    "num_nontrivial_rotations": 21,
    "time": 1.292525291442871,
    "num_gates": {
        "h": 416,
        "t": 400,
        "x": 72,
        "y": 56,
        "cx": 36,
        "s": 12,
        "z": 3
    },
    "noisy_fidelity": {
        "1e-06": 0.9992366926328985,
        "1e-05": 0.9943661000234678,
        "0.0001": 0.9471062622581493
    },
    "t_depth": 266,
    "optimized_t_count": 390,
    "optimized_num_gates": {
        "h": 416,
        "t": 390,
        "x": 128,
        "s": 69,
        "sdg": 56,
        "cx": 36,
        "z": 3
    },
    "optimized_t_depth": 260
}