{
    "algorithm_config": "trasyn_tshxyz_tb10_ns40000_bc2",
    "benchmark_name": "qaoa p4 s8 n10",
    "n": 10,
    "seed": 0,
    "unitary_distance": 0.03149361666546579,
    "state_fidelity": 0.9994631883629823,
    "num_nontrivial_rotations": 64,
    "time": 3.855947256088257,
    "num_gates": {
        "h": 1285,
        "t": 1242,
        "y": 242,
        "x": 240,
        "cx": 120,
        "s": 42,
        "z": 8
    },
    "noisy_fidelity": {
        "1e-06": 0.9979748505002799,
        "1e-05": 0.9846841163327904,
        "0.0001": 0.8615648717739669
    },
    "t_depth": 520,
    "optimized_t_count": 1230,
    "optimized_num_gates": {
        "h": 1285,
        "t": 1230,
        "x": 482,
        "s": 285,
        "sdg": 242,
        "cx": 120,
        "z": 8
    },
    "optimized_t_depth": 515
}