{
    "algorithm_config": "trasyn_tshxyz_tb10_ns40000_bc2",
    "benchmark_name": "qaoa p1 s8 n8",
    "n": 8,
    "seed": 0,
    "unitary_distance": 0.014839937867499374,
    "state_fidelity": 0.9998014832724572,
    "num_nontrivial_rotations": 13,
    "time": 0.8338494300842285,
    "num_gates": {
        "h": 267,
        "t": 254,
        "y": 48,
        "x": 43,
        "cx": 24,
        "s": 9,
        "z": 5
    },
    "noisy_fidelity": {
        "1e-06": 0.9994938003812083,
        "1e-05": 0.9967292179261091,
        "0.0001": 0.9695300165498404
    },
    "t_depth": 158,
    "optimized_t_count": 254,
    "optimized_num_gates": {
        "h": 267,
        "t": 254,
        "x": 91,
        "s": 57,
        "sdg": 48,
        "cx": 24,
        "z": 5
    },
    "optimized_t_depth": 158
}