{
    "algorithm_config": "trasyn_tshxyz_tb10_ns40000_bc2",
    "benchmark_name": "qaoa p1 s3 n8",
    "n": 8,
    "seed": 0,
    "unitary_distance": 0.018898937264380848,
    "state_fidelity": 0.9997692184801071,
    "num_nontrivial_rotations": 13,
    "time": 0.8593168258666992,
    "num_gates": {
        "h": 269,
        "t": 256,
        "y": 48,
        "x": 45,
        "cx": 24,
        "s": 10,
        "z": 4
    },
    "noisy_fidelity": {
        "1e-06": 0.9994477664927155,
        "1e-05": 0.9965596606553211,
        "0.0001": 0.9681639927197729
    },
    "t_depth": 216,
    "optimized_t_count": 254,
    "optimized_num_gates": {
        "h": 269,
        "t": 254,
        "x": 93,
        "s": 58,
        "sdg": 48,
        "cx": 24,
        "z": 4
    },
    "optimized_t_depth": 214
}