{
    "algorithm_config": "trasyn_tshxyz_tb10_ns40000_bc2",
    "benchmark_name": "qaoa p3 s5 n4",
    "n": 4,
    "seed": 0,
    "unitary_distance": 0.025059924100773512,
    "state_fidelity": 0.9995892880590497,
    "num_nontrivial_rotations": 20,
    "time": 1.2899577617645264,
    "num_gates": {
        "h": 385,
        "t": 384,
        "y": 76,
        "x": 60,
        "cx": 36,
        "s": 6,
        "z": 5
    },
    "noisy_fidelity": {
        "1e-06": 0.999061908106795,
        "1e-05": 0.9943296474289995,
        "0.0001": 0.9483803002498029
    },
    "t_depth": 252,
    "optimized_t_count": 378,
    "optimized_num_gates": {
        "h": 385,
        "t": 378,
        "x": 136,
        "s": 84,
        "sdg": 76,
        "cx": 36,
        "z": 5
    },
    "optimized_t_depth": 248
}