{
    "algorithm_config": "trasyn_tshxyz_tb10_ns40000_bc2",
    "benchmark_name": "qaoa p2 s9 n12",
    "n": 12,
    "seed": 0,
    "unitary_distance": 0.02827259112475811,
    "state_fidelity": 0.9993235355675909,
    "num_nontrivial_rotations": 40,
    "time": 2.271063804626465,
    "num_gates": {
        "h": 793,
        "t": 772,
        "x": 154,
        "y": 129,
        "cx": 72,
        "s": 27,
        "z": 6
    },
    "noisy_fidelity": {
        "1e-06": 0.9983446820140266,
        "1e-05": 0.9895795757637333,
        "0.0001": 0.9061916724480966
    },
    "t_depth": 233,
    "optimized_t_count": 770,
    "optimized_num_gates": {
        "h": 793,
        "t": 770,
        "x": 283,
        "s": 156,
        "sdg": 129,
        "cx": 72,
        "z": 6
    },
    "optimized_t_depth": 231
}