{
    "algorithm_config": "trasyn_tshxyz_tb10_ns40000_bc2",
    "benchmark_name": "qaoa p4 s1 n10",
    "n": 10,
    "seed": 0,
    "unitary_distance": 0.041831187215821776,
    "state_fidelity": 0.9982358929124483,
    "num_nontrivial_rotations": 67,
    "time": 3.995356321334839,
    "num_gates": {
        "h": 1301,
        "t": 1264,
        "y": 252,
        "x": 215,
        "cx": 120,
        "s": 38,
        "z": 14
    },
    "noisy_fidelity": {
        "1e-06": 0.9962408951355476,
        "1e-05": 0.9784680169957778,
        "0.0001": 0.8175829152700858
    },
    "t_depth": 474,
    "optimized_t_count": 1250,
    "optimized_num_gates": {
        "h": 1301,
        "t": 1250,
        "x": 467,
        "s": 294,
        "sdg": 252,
        "cx": 120,
        "z": 14
    },
    "optimized_t_depth": 469
}