{
    "algorithm_config": "trasyn_tshxyz_tb10_ns40000_bc2",
    "benchmark_name": "qaoa p3 s3 n12",
    "n": 12,
    "seed": 0,
    "unitary_distance": 0.03444986471690808,
    "state_fidelity": 0.9990131803846004,
    "num_nontrivial_rotations": 59,
    "time": 3.34810733795166,
    "num_gates": {
        "h": 1119,
        "t": 1075,
        "y": 198,
        "x": 192,
        "cx": 108,
        "s": 47,
        "z": 16
    },
    "noisy_fidelity": {
        "1e-06": 0.9976460117171803,
        "1e-05": 0.9854285557349504,
        "0.0001": 0.8714671262673017
    },
    "t_depth": 385,
    "optimized_t_count": 1071,
    "optimized_num_gates": {
        "h": 1119,
        "t": 1071,
        "x": 390,
        "s": 245,
        "sdg": 198,
        "cx": 108,
        "z": 16
    },
    "optimized_t_depth": 383
}