{
    "algorithm_config": "trasyn_tshxyz_tb10_ns40000_bc2",
    "benchmark_name": "qaoa p1 s8 n10",
    "n": 10,
    "seed": 0,
    "unitary_distance": 0.01743614126363948,
    "state_fidelity": 0.9997280073327635,
    "num_nontrivial_rotations": 16,
    "time": 0.9881551265716553,
    "num_gates": {
        "h": 316,
        "t": 302,
        "y": 64,
        "x": 60,
        "cx": 30,
        "s": 12,
        "z": 3
    },
    "noisy_fidelity": {
        "1e-06": 0.9993238897493543,
        "1e-05": 0.9956945284193179,
        "0.0001": 0.9601518575087433
    },
    "t_depth": 171,
    "optimized_t_count": 302,
    "optimized_num_gates": {
        "h": 316,
        "t": 302,
        "x": 124,
        "s": 76,
        "sdg": 64,
        "cx": 30,
        "z": 3
    },
    "optimized_t_depth": 171
}