{
    "algorithm_config": "trasyn_tshxyz_tb10_ns40000_bc2",
    "benchmark_name": "qaoa p3 s2 n6",
    "n": 6,
    "seed": 0,
    "unitary_distance": 0.023386078179553595,
    "state_fidelity": 0.9995028848222893,
    "num_nontrivial_rotations": 30,
    "time": 1.8824317455291748,
    "num_gates": {
        "h": 575,
        "t": 560,
        "y": 110,
        "x": 104,
        "cx": 54,
        "s": 21,
        "z": 6
    },
    "noisy_fidelity": {
        "1e-06": 0.9986530375825885,
        "1e-05": 0.9910387924949932,
        "0.0001": 0.9181971325939293
    },
    "t_depth": 293,
    "optimized_t_count": 556,
    "optimized_num_gates": {
        "h": 575,
        "t": 556,
        "x": 214,
        "s": 131,
        "sdg": 110,
        "cx": 54,
        "z": 6
    },
    "optimized_t_depth": 290
}