{
    "algorithm_config": "trasyn_tshxyz_tb10_ns40000_bc2",
    "benchmark_name": "qaoa p3 s2 n10",
    "n": 10,
    "seed": 0,
    "unitary_distance": 0.028010842822248232,
    "state_fidelity": 0.999316750760751,
    "num_nontrivial_rotations": 48,
    "time": 2.8407511711120605,
    "num_gates": {
        "h": 944,
        "t": 914,
        "y": 161,
        "x": 160,
        "cx": 90,
        "s": 34,
        "z": 12
    },
    "noisy_fidelity": {
        "1e-06": 0.9979689086226773,
        "1e-05": 0.9859223690253951,
        "0.0001": 0.8733953286010436
    },
    "t_depth": 445,
    "optimized_t_count": 906,
    "optimized_num_gates": {
        "h": 944,
        "t": 906,
        "x": 321,
        "s": 198,
        "sdg": 161,
        "cx": 90,
        "z": 12
    },
    "optimized_t_depth": 444
}