{
    "algorithm_config": "trasyn_tshxyz_tb10_ns40000_bc2",
    "benchmark_name": "qaoa p5 s6 n4",
    "n": 4,
    "seed": 0,
    "unitary_distance": 0.029102434255553374,
    "state_fidelity": 0.9993203031450074,
    "num_nontrivial_rotations": 35,
    "time": 2.1048624515533447,
    "num_gates": {
        "h": 697,
        "t": 680,
        "y": 129,
        "x": 114,
        "cx": 60,
        "s": 14,
        "z": 9
    },
    "noisy_fidelity": {
        "1e-06": 0.9983887084184361,
        "1e-05": 0.9900482347148696,
        "0.0001": 0.9108357493268812
    },
    "t_depth": 431,
    "optimized_t_count": 674,
    "optimized_num_gates": {
        "h": 697,
        "t": 674,
        "x": 243,
        "s": 145,
        "sdg": 129,
        "cx": 60,
        "z": 9
    },
    "optimized_t_depth": 429
}