{
    "algorithm_config": "trasyn_tshxyz_tb10_ns40000_bc2",
    "benchmark_name": "qaoa p5 s6 n8",
    "n": 8,
    "seed": 0,
    "unitary_distance": 0.03492414328697127,
    "state_fidelity": 0.998701668706626,
    "num_nontrivial_rotations": 65,
    "time": 3.998791456222534,
    "num_gates": {
        "h": 1277,
        "t": 1254,
        "x": 230,
        "y": 225,
        "cx": 120,
        "s": 26,
        "z": 15
    },
    "noisy_fidelity": {
        "1e-06": 0.9967645545280064,
        "1e-05": 0.9795042714141318,
        "0.0001": 0.8229854557198808
    },
    "t_depth": 502,
    "optimized_t_count": 1248,
    "optimized_num_gates": {
        "h": 1277,
        "t": 1248,
        "x": 455,
        "s": 252,
        "sdg": 225,
        "cx": 120,
        "z": 15
    },
    "optimized_t_depth": 500
}