{
    "algorithm_config": "trasyn_tshxyz_tb10_ns40000_bc2",
    "benchmark_name": "qaoa p2 s4 n4",
    "n": 4,
    "seed": 0,
    "unitary_distance": 0.018988177694093923,
    "state_fidelity": 0.9996552580106178,
    "num_nontrivial_rotations": 13,
    "time": 0.8673553466796875,
    "num_gates": {
        "h": 277,
        "t": 266,
        "x": 46,
        "y": 39,
        "cx": 24,
        "s": 13,
        "z": 3
    },
    "noisy_fidelity": {
        "1e-06": 0.9992550762187489,
        "1e-05": 0.9956616093046196,
        "0.0001": 0.9605232112265784
    },
    "t_depth": 196,
    "optimized_t_count": 266,
    "optimized_num_gates": {
        "h": 277,
        "t": 266,
        "x": 85,
        "s": 52,
        "sdg": 39,
        "cx": 24,
        "z": 3
    },
    "optimized_t_depth": 196
}