{
    "algorithm_config": "trasyn_tshxyz_tb10_ns40000_bc2",
    "benchmark_name": "qaoa p1 s1 n10",
    "n": 10,
    "seed": 0,
    "unitary_distance": 0.01884775157062035,
    "state_fidelity": 0.9996627305157932,
    "num_nontrivial_rotations": 17,
    "time": 0.9937536716461182,
    "num_gates": {
        "h": 349,
        "t": 328,
        "x": 67,
        "y": 58,
        "cx": 30,
        "s": 15,
        "z": 4
    },
    "noisy_fidelity": {
        "1e-06": 0.9991812579987664,
        "1e-05": 0.9948588359925882,
        "0.0001": 0.9526886672930531
    },
    "t_depth": 156,
    "optimized_t_count": 326,
    "optimized_num_gates": {
        "h": 349,
        "t": 326,
        "x": 125,
        "s": 74,
        "sdg": 58,
        "cx": 30,
        "z": 4
    },
    "optimized_t_depth": 155
}