{
    "algorithm_config": "trasyn_tshxyz_tb10_ns40000_bc2",
    "benchmark_name": "qaoa p4 s2 n8",
    "n": 8,
    "seed": 0,
    "unitary_distance": 0.029480266123768653,
    "state_fidelity": 0.9992855863776231,
    "num_nontrivial_rotations": 52,
    "time": 3.221078395843506,
    "num_gates": {
        "h": 1013,
        "t": 982,
        "y": 186,
        "x": 177,
        "cx": 96,
        "s": 42,
        "z": 12
    },
    "noisy_fidelity": {
        "1e-06": 0.9977294155709557,
        "1e-05": 0.9838350855072643,
        "0.0001": 0.8553297348061935
    },
    "t_depth": 438,
    "optimized_t_count": 974,
    "optimized_num_gates": {
        "h": 1013,
        "t": 974,
        "x": 363,
        "s": 231,
        "sdg": 186,
        "cx": 96,
        "z": 12
    },
    "optimized_t_depth": 436
}