{
    "algorithm_config": "trasyn_tshxyz_tb10_ns40000_bc2",
    "benchmark_name": "qaoa p2 s0 n12",
    "n": 12,
    "seed": 0,
    "unitary_distance": 0.02611429200500326,
    "state_fidelity": 0.9993469008685361,
    "num_nontrivial_rotations": 40,
    "time": 2.2770514488220215,
    "num_gates": {
        "h": 803,
        "t": 779,
        "y": 146,
        "x": 130,
        "cx": 72,
        "s": 27,
        "z": 9
    },
    "noisy_fidelity": {
        "1e-06": 0.9981939649109529,
        "1e-05": 0.9878787164320106,
        "0.0001": 0.8905457754435123
    },
    "t_depth": 217,
    "optimized_t_count": 771,
    "optimized_num_gates": {
        "h": 803,
        "t": 771,
        "x": 276,
        "s": 175,
        "sdg": 146,
        "cx": 72,
        "z": 9
    },
    "optimized_t_depth": 216
}