{
    "algorithm_config": "trasyn_tshxyz_tb10_ns40000_bc2",
    "benchmark_name": "qaoa p5 s0 n8",
    "n": 8,
    "seed": 0,
    "unitary_distance": 0.04231130891183481,
    "state_fidelity": 0.9982387885282529,
    "num_nontrivial_rotations": 66,
    "time": 4.047832727432251,
    "num_gates": {
        "h": 1285,
        "t": 1256,
        "y": 243,
        "x": 218,
        "cx": 120,
        "s": 39,
        "z": 20
    },
    "noisy_fidelity": {
        "1e-06": 0.9962872113084031,
        "1e-05": 0.9788983644056903,
        "0.0001": 0.8212439532723785
    },
    "t_depth": 427,
    "optimized_t_count": 1250,
    "optimized_num_gates": {
        "h": 1285,
        "t": 1250,
        "x": 461,
        "s": 283,
        "sdg": 243,
        "cx": 120,
        "z": 20
    },
    "optimized_t_depth": 426
}