{
    "algorithm_config": "trasyn_tshxyz_tb10_ns40000_bc2",
    "benchmark_name": "qaoa p2 s1 n10",
    "n": 10,
    "seed": 0,
    "unitary_distance": 0.030601252336314385,
    "state_fidelity": 0.999185273939096,
    "num_nontrivial_rotations": 34,
    "time": 2.064406394958496,
    "num_gates": {
        "h": 638,
        "t": 615,
        "y": 118,
        "x": 114,
        "cx": 60,
        "s": 25,
        "z": 6
    },
    "noisy_fidelity": {
        "1e-06": 0.998255930354044,
        "1e-05": 0.9899317069867783,
        "0.0001": 0.9105111692981165
    },
    "t_depth": 251,
    "optimized_t_count": 613,
    "optimized_num_gates": {
        "h": 638,
        "t": 613,
        "x": 232,
        "s": 144,
        "sdg": 118,
        "cx": 60,
        "z": 6
    },
    "optimized_t_depth": 249
}