{
    "algorithm_config": "trasyn_tshxyz_tb10_ns40000_bc2",
    "benchmark_name": "qaoa p4 s2 n12",
    "n": 12,
    "seed": 0,
    "unitary_distance": 0.03919012553330501,
    "state_fidelity": 0.998512555617751,
    "num_nontrivial_rotations": 78,
    "time": 4.486116647720337,
    "num_gates": {
        "h": 1561,
        "t": 1517,
        "x": 282,
        "y": 258,
        "cx": 144,
        "s": 53,
        "z": 16
    },
    "noisy_fidelity": {
        "1e-06": 0.996104839371588,
        "1e-05": 0.9746985523962473,
        "0.0001": 0.7846624717122472
    },
    "t_depth": 453,
    "optimized_t_count": 1509,
    "optimized_num_gates": {
        "h": 1561,
        "t": 1509,
        "x": 540,
        "s": 312,
        "sdg": 258,
        "cx": 144,
        "z": 16
    },
    "optimized_t_depth": 451
}