{
    "algorithm_config": "trasyn_tshxyz_tb10_ns40000_bc2",
    "benchmark_name": "qaoa p2 s4 n10",
    "n": 10,
    "seed": 0,
    "unitary_distance": 0.025909357812066946,
    "state_fidelity": 0.99934031900592,
    "num_nontrivial_rotations": 33,
    "time": 1.9701604843139648,
    "num_gates": {
        "h": 650,
        "t": 627,
        "x": 124,
        "y": 111,
        "cx": 60,
        "s": 22,
        "z": 5
    },
    "noisy_fidelity": {
        "1e-06": 0.9984494767306733,
        "1e-05": 0.9904687619599419,
        "0.0001": 0.9141988117582156
    },
    "t_depth": 245,
    "optimized_t_count": 621,
    "optimized_num_gates": {
        "h": 650,
        "t": 621,
        "x": 235,
        "s": 134,
        "sdg": 111,
        "cx": 60,
        "z": 5
    },
    "optimized_t_depth": 244
}