{
    "algorithm_config": "trasyn_tshxyz_tb10_ns40000_bc2",
    "benchmark_name": "qaoa p3 s3 n8",
    "n": 8,
    "seed": 0,
    "unitary_distance": 0.02716325750254302,
    "state_fidelity": 0.999392937694436,
    "num_nontrivial_rotations": 39,
    "time": 2.431872844696045,
    "num_gates": {
        "h": 771,
        "t": 749,
        "y": 126,
        "x": 122,
        "cx": 72,
        "s": 25,
        "z": 8
    },
    "noisy_fidelity": {
        "1e-06": 0.9983366982755657,
        "1e-05": 0.9888826323168491,
        "0.0001": 0.8993098188458205
    },
    "t_depth": 480,
    "optimized_t_count": 747,
    "optimized_num_gates": {
        "h": 771,
        "t": 747,
        "x": 248,
        "s": 151,
        "sdg": 126,
        "cx": 72,
        "z": 8
    },
    "optimized_t_depth": 478
}