{
    "algorithm_config": "trasyn_tshxyz_tb10_ns40000_bc2",
    "benchmark_name": "qaoa p3 s5 n8",
    "n": 8,
    "seed": 0,
    "unitary_distance": 0.0267434827666253,
    "state_fidelity": 0.9992903021291165,
    "num_nontrivial_rotations": 39,
    "time": 2.4568002223968506,
    "num_gates": {
        "h": 762,
        "t": 736,
        "y": 142,
        "x": 125,
        "cx": 72,
        "s": 26,
        "z": 12
    },
    "noisy_fidelity": {
        "1e-06": 0.998156074075451,
        "1e-05": 0.9880075356617936,
        "0.0001": 0.8921864431903468
    },
    "t_depth": 391,
    "optimized_t_count": 732,
    "optimized_num_gates": {
        "h": 762,
        "t": 732,
        "x": 267,
        "s": 169,
        "sdg": 142,
        "cx": 72,
        "z": 12
    },
    "optimized_t_depth": 388
}