{
    "algorithm_config": "trasyn_tshxyz_tb10_ns40000_bc2",
    "benchmark_name": "qaoa p4 s9 n4",
    "n": 4,
    "seed": 0,
    "unitary_distance": 0.022154153458774965,
    "state_fidelity": 0.999508107777761,
    "num_nontrivial_rotations": 28,
    "time": 1.6981661319732666,
    "num_gates": {
        "h": 523,
        "t": 510,
        "x": 92,
        "y": 87,
        "cx": 48,
        "s": 15,
        "z": 10
    },
    "noisy_fidelity": {
        "1e-06": 0.998811793706166,
        "1e-05": 0.9925695468670821,
        "0.0001": 0.9325162134456197
    },
    "t_depth": 345,
    "optimized_t_count": 502,
    "optimized_num_gates": {
        "h": 523,
        "t": 502,
        "x": 179,
        "s": 104,
        "sdg": 87,
        "cx": 48,
        "z": 10
    },
    "optimized_t_depth": 340
}