{
    "algorithm_config": "trasyn_tshxyz_tb10_ns40000_bc2",
    "benchmark_name": "qaoa p5 s1 n6",
    "n": 6,
    "seed": 0,
    "unitary_distance": 0.03229366082513166,
    "state_fidelity": 0.9989261778884801,
    "num_nontrivial_rotations": 49,
    "time": 3.088113307952881,
    "num_gates": {
        "h": 985,
        "t": 952,
        "y": 178,
        "x": 162,
        "cx": 90,
        "s": 35,
        "z": 13
    },
    "noisy_fidelity": {
        "1e-06": 0.9974946990715984,
        "1e-05": 0.9847076708440929,
        "0.0001": 0.8659010971648943
    },
    "t_depth": 413,
    "optimized_t_count": 938,
    "optimized_num_gates": {
        "h": 985,
        "t": 938,
        "x": 340,
        "s": 216,
        "sdg": 178,
        "cx": 90,
        "z": 13
    },
    "optimized_t_depth": 409
}