{
    "algorithm_config": "trasyn_tshxyz_tb10_ns40000_bc2",
    "benchmark_name": "qaoa p5 s1 n10",
    "n": 10,
    "seed": 0,
    "unitary_distance": 0.04549624022479516,
    "state_fidelity": 0.9984034947626341,
    "num_nontrivial_rotations": 82,
    "time": 4.682812452316284,
    "num_gates": {
        "h": 1670,
        "t": 1613,
        "y": 301,
        "x": 251,
        "cx": 150,
        "s": 60,
        "z": 28
    },
    "noisy_fidelity": {
        "1e-06": 0.9959364631879304,
        "1e-05": 0.9740129995799621,
        "0.0001": 0.7802326598017878
    },
    "t_depth": 624,
    "optimized_t_count": 1593,
    "optimized_num_gates": {
        "h": 1670,
        "t": 1593,
        "x": 552,
        "s": 367,
        "sdg": 301,
        "cx": 150,
        "z": 28
    },
    "optimized_t_depth": 616
}