{
    "algorithm_config": "trasyn_tshxyz_tb10_ns40000_bc2",
    "benchmark_name": "qaoa p2 s0 n4",
    "n": 4,
    "seed": 0,
    "unitary_distance": 0.019526553334020924,
    "state_fidelity": 0.999653334696532,
    "num_nontrivial_rotations": 14,
    "time": 0.8769500255584717,
    "num_gates": {
        "h": 282,
        "t": 273,
        "x": 50,
        "y": 46,
        "cx": 24,
        "s": 8,
        "z": 3
    },
    "noisy_fidelity": {
        "1e-06": 0.9992358179687207,
        "1e-05": 0.9954870324628665,
        "0.0001": 0.9588627845806642
    },
    "t_depth": 195,
    "optimized_t_count": 273,
    "optimized_num_gates": {
        "h": 282,
        "t": 273,
        "x": 96,
        "s": 54,
        "sdg": 46,
        "cx": 24,
        "z": 3
    },
    "optimized_t_depth": 195
}