{
    "algorithm_config": "trasyn_tshxyz_tb10_ns40000_bc2",
    "benchmark_name": "qaoa p3 s9 n8",
    "n": 8,
    "seed": 0,
    "unitary_distance": 0.027587984295925756,
    "state_fidelity": 0.9993095026580213,
    "num_nontrivial_rotations": 40,
    "time": 2.4326353073120117,
    "num_gates": {
        "h": 771,
        "t": 750,
        "x": 137,
        "y": 131,
        "cx": 72,
        "s": 23,
        "z": 8
    },
    "noisy_fidelity": {
        "1e-06": 0.9982399010553744,
        "1e-05": 0.9886666240186566,
        "0.0001": 0.8980010229017003
    },
    "t_depth": 316,
    "optimized_t_count": 742,
    "optimized_num_gates": {
        "h": 771,
        "t": 742,
        "x": 268,
        "s": 156,
        "sdg": 131,
        "cx": 72,
        "z": 8
    },
    "optimized_t_depth": 312
}