{
    "algorithm_config": "trasyn_tshxyz_tb10_ns40000_bc2",
    "benchmark_name": "qaoa p4 s3 n10",
    "n": 10,
    "seed": 0,
    "unitary_distance": 0.03561321675127525,
    "state_fidelity": 0.9987599167538799,
    "num_nontrivial_rotations": 63,
    "time": 3.8865842819213867,
    "num_gates": {
        "h": 1193,
        "t": 1159,
        "y": 210,
        "x": 207,
        "cx": 120,
        "s": 43,
        "z": 11
    },
    "noisy_fidelity": {
        "1e-06": 0.9973046278249891,
        "1e-05": 0.9843060111521085,
        "0.0001": 0.8636264239279067
    },
    "t_depth": 400,
    "optimized_t_count": 1151,
    "optimized_num_gates": {
        "h": 1193,
        "t": 1151,
        "x": 417,
        "s": 257,
        "sdg": 210,
        "cx": 120,
        "z": 11
    },
    "optimized_t_depth": 399
}