{
    "algorithm_config": "trasyn_tshxyz_tb10_ns40000_bc2",
    "benchmark_name": "qaoa p5 s2 n12",
    "n": 12,
    "seed": 0,
    "unitary_distance": 0.04501309142448285,
    "state_fidelity": 0.9977543880884645,
    "num_nontrivial_rotations": 100,
    "time": 5.5285468101501465,
    "num_gates": {
        "h": 1955,
        "t": 1908,
        "y": 380,
        "x": 320,
        "cx": 180,
        "s": 69,
        "z": 21
    },
    "noisy_fidelity": {
        "1e-06": 0.9948395096386267,
        "1e-05": 0.9689925014677707,
        "0.0001": 0.7452386131187744
    },
    "t_depth": 537,
    "optimized_t_count": 1904,
    "optimized_num_gates": {
        "h": 1955,
        "t": 1904,
        "x": 700,
        "s": 449,
        "sdg": 380,
        "cx": 180,
        "z": 21
    },
    "optimized_t_depth": 537
}