{
    "algorithm_config": "trasyn_tshxyz_tb10_ns40000_bc2",
    "benchmark_name": "qaoa p4 s9 n6",
    "n": 6,
    "seed": 0,
    "unitary_distance": 0.02560402808294329,
    "state_fidelity": 0.9994169153548139,
    "num_nontrivial_rotations": 40,
    "time": 2.4781136512756348,
    "num_gates": {
        "h": 794,
        "t": 774,
        "y": 147,
        "x": 136,
        "cx": 72,
        "s": 24,
        "z": 8
    },
    "noisy_fidelity": {
        "1e-06": 0.9982168770027592,
        "1e-05": 0.987483816607404,
        "0.0001": 0.8865411619875007
    },
    "t_depth": 374,
    "optimized_t_count": 768,
    "optimized_num_gates": {
        "h": 794,
        "t": 768,
        "x": 283,
        "s": 173,
        "sdg": 147,
        "cx": 72,
        "z": 8
    },
    "optimized_t_depth": 372
}