{
    "algorithm_config": "trasyn_tshxyz_tb10_ns40000_bc2",
    "benchmark_name": "qaoa p2 s5 n8",
    "n": 8,
    "seed": 0,
    "unitary_distance": 0.022470816235046202,
    "state_fidelity": 0.9995897772211481,
    "num_nontrivial_rotations": 26,
    "time": 1.6933462619781494,
    "num_gates": {
        "h": 512,
        "t": 495,
        "x": 94,
        "y": 80,
        "cx": 48,
        "s": 17,
        "z": 5
    },
    "noisy_fidelity": {
        "1e-06": 0.9988232863836497,
        "1e-05": 0.9919520949793472,
        "0.0001": 0.9258644135060362
    },
    "t_depth": 284,
    "optimized_t_count": 493,
    "optimized_num_gates": {
        "h": 512,
        "t": 493,
        "x": 174,
        "s": 98,
        "sdg": 80,
        "cx": 48,
        "z": 5
    },
    "optimized_t_depth": 284
}