{
    "algorithm_config": "trasyn_tshxyz_tb10_ns40000_bc2",
    "benchmark_name": "qaoa p3 s6 n8",
    "n": 8,
    "seed": 0,
    "unitary_distance": 0.030687294055572197,
    "state_fidelity": 0.9991273411475875,
    "num_nontrivial_rotations": 40,
    "time": 2.4417436122894287,
    "num_gates": {
        "h": 802,
        "t": 780,
        "y": 153,
        "x": 141,
        "cx": 72,
        "s": 24,
        "z": 9
    },
    "noisy_fidelity": {
        "1e-06": 0.9979359404786746,
        "1e-05": 0.9872793145471128,
        "0.0001": 0.88697834159014
    },
    "t_depth": 337,
    "optimized_t_count": 774,
    "optimized_num_gates": {
        "h": 802,
        "t": 774,
        "x": 294,
        "s": 180,
        "sdg": 153,
        "cx": 72,
        "z": 9
    },
    "optimized_t_depth": 334
}