{
    "algorithm_config": "trasyn_tshxyz_tb10_ns40000_bc2",
    "benchmark_name": "qaoa p4 s3 n12",
    "n": 12,
    "seed": 0,
    "unitary_distance": 0.03673404794261171,
    "state_fidelity": 0.9987463526498731,
    "num_nontrivial_rotations": 79,
    "time": 4.493650436401367,
    "num_gates": {
        "h": 1572,
        "t": 1524,
        "x": 274,
        "y": 261,
        "cx": 144,
        "s": 52,
        "z": 16
    },
    "noisy_fidelity": {
        "1e-06": 0.99653059694615,
        "1e-05": 0.9768136554819424,
        "0.0001": 0.8002818930957654
    },
    "t_depth": 579,
    "optimized_t_count": 1500,
    "optimized_num_gates": {
        "h": 1572,
        "t": 1500,
        "x": 535,
        "s": 321,
        "sdg": 261,
        "cx": 144,
        "z": 16
    },
    "optimized_t_depth": 573
}