{
    "algorithm_config": "trasyn_tshxyz_tb10_ns40000_bc2",
    "benchmark_name": "qaoa p1 s2 n12",
    "n": 12,
    "seed": 0,
    "unitary_distance": 0.020644291712613293,
    "state_fidelity": 0.9996390482279917,
    "num_nontrivial_rotations": 20,
    "time": 1.1733808517456055,
    "num_gates": {
        "h": 399,
        "t": 379,
        "y": 76,
        "x": 54,
        "cx": 36,
        "s": 14,
        "z": 4
    },
    "noisy_fidelity": {
        "1e-06": 0.9991188359169042,
        "1e-05": 0.9944496487786415,
        "0.0001": 0.9489940696779646
    },
    "t_depth": 166,
    "optimized_t_count": 379,
    "optimized_num_gates": {
        "h": 399,
        "t": 379,
        "x": 130,
        "s": 90,
        "sdg": 76,
        "cx": 36,
        "z": 4
    },
    "optimized_t_depth": 166
}