{
    "algorithm_config": "trasyn_tshxyz_tb10_ns40000_bc2",
    "benchmark_name": "qaoa p1 s6 n8",
    "n": 8,
    "seed": 0,
    "unitary_distance": 0.015900737801335937,
    "state_fidelity": 0.999761799729266,
    "num_nontrivial_rotations": 14,
    "time": 0.8424639701843262,
    "num_gates": {
        "h": 283,
        "t": 270,
        "y": 59,
        "x": 45,
        "cx": 24,
        "s": 8,
        "z": 3
    },
    "noisy_fidelity": {
        "1e-06": 0.9993932838135944,
        "1e-05": 0.9960830824234583,
        "0.0001": 0.9636103275977889
    },
    "t_depth": 136,
    "optimized_t_count": 268,
    "optimized_num_gates": {
        "h": 283,
        "t": 268,
        "x": 104,
        "s": 68,
        "sdg": 59,
        "cx": 24,
        "z": 3
    },
    "optimized_t_depth": 136
}