{
    "algorithm_config": "trasyn_tshxyz_tb10_ns40000_bc2",
    "benchmark_name": "qaoa p5 s1 n12",
    "n": 12,
    "seed": 0,
    "unitary_distance": 0.04843373737833568,
    "state_fidelity": 0.9978878882623469,
    "num_nontrivial_rotations": 95,
    "time": 5.504986763000488,
    "num_gates": {
        "h": 1846,
        "t": 1802,
        "y": 354,
        "x": 312,
        "cx": 180,
        "s": 57,
        "z": 23
    },
    "noisy_fidelity": {
        "1e-06": 0.995084241389304,
        "1e-05": 0.9702096069246666,
        "0.0001": 0.7537200787850299
    },
    "t_depth": 541,
    "optimized_t_count": 1794,
    "optimized_num_gates": {
        "h": 1846,
        "t": 1794,
        "x": 666,
        "s": 414,
        "sdg": 354,
        "cx": 180,
        "z": 23
    },
    "optimized_t_depth": 540
}