{
    "algorithm_config": "trasyn_tshxyz_tb10_ns40000_bc2",
    "benchmark_name": "qaoa p5 s5 n4",
    "n": 4,
    "seed": 0,
    "unitary_distance": 0.032044267946508824,
    "state_fidelity": 0.9984489804662605,
    "num_nontrivial_rotations": 35,
    "time": 2.113405704498291,
    "num_gates": {
        "h": 665,
        "t": 652,
        "y": 127,
        "x": 103,
        "cx": 60,
        "s": 24,
        "z": 7
    },
    "noisy_fidelity": {
        "1e-06": 0.997539730018266,
        "1e-05": 0.9893981064235595,
        "0.0001": 0.9119638300333195
    },
    "t_depth": 414,
    "optimized_t_count": 644,
    "optimized_num_gates": {
        "h": 665,
        "t": 644,
        "x": 230,
        "s": 152,
        "sdg": 127,
        "cx": 60,
        "z": 7
    },
    "optimized_t_depth": 411
}