{
    "algorithm_config": "trasyn_tshxyz_tb10_ns40000_bc2",
    "benchmark_name": "qaoa p3 s0 n4",
    "n": 4,
    "seed": 0,
    "unitary_distance": 0.02065197488706185,
    "state_fidelity": 0.9997576624351568,
    "num_nontrivial_rotations": 21,
    "time": 1.289466381072998,
    "num_gates": {
        "h": 424,
        "t": 415,
        "x": 74,
        "y": 57,
        "cx": 36,
        "s": 10,
        "z": 4
    },
    "noisy_fidelity": {
        "1e-06": 0.9991517924683918,
        "1e-05": 0.9937175089501873,
        "0.0001": 0.9411688155078972
    },
    "t_depth": 278,
    "optimized_t_count": 411,
    "optimized_num_gates": {
        "h": 424,
        "t": 411,
        "x": 131,
        "s": 69,
        "sdg": 57,
        "cx": 36,
        "z": 4
    },
    "optimized_t_depth": 277
}