{
    "algorithm_config": "trasyn_tshxyz_tb10_ns40000_bc2",
    "benchmark_name": "qaoa p3 s8 n8",
    "n": 8,
    "seed": 0,
    "unitary_distance": 0.02364540226202435,
    "state_fidelity": 0.9995145021162606,
    "num_nontrivial_rotations": 39,
    "time": 2.4396657943725586,
    "num_gates": {
        "h": 771,
        "t": 753,
        "x": 143,
        "y": 113,
        "cx": 72,
        "s": 24,
        "z": 7
    },
    "noisy_fidelity": {
        "1e-06": 0.9984401402751748,
        "1e-05": 0.9888253173636803,
        "0.0001": 0.8978624018292083
    },
    "t_depth": 343,
    "optimized_t_count": 749,
    "optimized_num_gates": {
        "h": 771,
        "t": 749,
        "x": 256,
        "s": 138,
        "sdg": 113,
        "cx": 72,
        "z": 7
    },
    "optimized_t_depth": 342
}