{
    "algorithm_config": "trasyn_tshxyz_tb10_ns40000_bc2",
    "benchmark_name": "qaoa p1 s7 n6",
    "n": 6,
    "seed": 0,
    "unitary_distance": 0.016147204767083607,
    "state_fidelity": 0.9997614096475503,
    "num_nontrivial_rotations": 10,
    "time": 0.7037274837493896,
    "num_gates": {
        "h": 191,
        "t": 182,
        "y": 35,
        "x": 33,
        "cx": 18,
        "s": 6,
        "z": 1
    },
    "noisy_fidelity": {
        "1e-06": 0.999512320882285,
        "1e-05": 0.997273521133699,
        "0.0001": 0.9751796924776182
    },
    "t_depth": 128,
    "optimized_t_count": 182,
    "optimized_num_gates": {
        "h": 191,
        "t": 182,
        "x": 68,
        "s": 41,
        "sdg": 35,
        "cx": 18,
        "z": 1
    },
    "optimized_t_depth": 128
}