{
    "algorithm_config": "trasyn_tshxyz_tb10_ns40000_bc2",
    "benchmark_name": "qaoa p4 s8 n12",
    "n": 12,
    "seed": 0,
    "unitary_distance": 0.04452424828724732,
    "state_fidelity": 0.9983337162221085,
    "num_nontrivial_rotations": 81,
    "time": 4.452979326248169,
    "num_gates": {
        "h": 1517,
        "t": 1459,
        "y": 285,
        "x": 275,
        "cx": 144,
        "s": 61,
        "z": 18
    },
    "noisy_fidelity": {
        "1e-06": 0.9961954502161936,
        "1e-05": 0.9771594160534807,
        "0.0001": 0.805985247790693
    },
    "t_depth": 522,
    "optimized_t_count": 1443,
    "optimized_num_gates": {
        "h": 1517,
        "t": 1443,
        "x": 560,
        "s": 352,
        "sdg": 285,
        "cx": 144,
        "z": 18
    },
    "optimized_t_depth": 517
}