{
    "algorithm_config": "trasyn_tshxyz_tb10_ns40000_bc2",
    "benchmark_name": "qaoa p3 s0 n6",
    "n": 6,
    "seed": 0,
    "unitary_distance": 0.021612478323141032,
    "state_fidelity": 0.9995537116972829,
    "num_nontrivial_rotations": 29,
    "time": 1.8891386985778809,
    "num_gates": {
        "h": 551,
        "t": 540,
        "y": 110,
        "x": 83,
        "cx": 54,
        "s": 13,
        "z": 2
    },
    "noisy_fidelity": {
        "1e-06": 0.9987176304708028,
        "1e-05": 0.9912258343700693,
        "0.0001": 0.9194730711238266
    },
    "t_depth": 269,
    "optimized_t_count": 536,
    "optimized_num_gates": {
        "h": 551,
        "t": 536,
        "x": 193,
        "s": 123,
        "sdg": 110,
        "cx": 54,
        "z": 2
    },
    "optimized_t_depth": 267
}