{
    "algorithm_config": "trasyn_tshxyz_tb10_ns40000_bc2",
    "benchmark_name": "qaoa p2 s9 n6",
    "n": 6,
    "seed": 0,
    "unitary_distance": 0.019984743980410155,
    "state_fidelity": 0.999531823434648,
    "num_nontrivial_rotations": 19,
    "time": 1.276989221572876,
    "num_gates": {
        "h": 296,
        "t": 294,
        "y": 63,
        "cx": 36,
        "x": 32,
        "s": 7,
        "z": 3
    },
    "noisy_fidelity": {
        "1e-06": 0.999189832310661,
        "1e-05": 0.9961176399285971,
        "0.0001": 0.965955393905648
    },
    "t_depth": 149,
    "optimized_t_count": 292,
    "optimized_num_gates": {
        "h": 296,
        "t": 292,
        "x": 95,
        "s": 70,
        "sdg": 63,
        "cx": 36,
        "z": 3
    },
    "optimized_t_depth": 148
}