{
    "algorithm_config": "trasyn_tshxyz_tb10_ns40000_bc2",
    "benchmark_name": "qaoa p5 s3 n8",
    "n": 8,
    "seed": 0,
    "unitary_distance": 0.03758700239462391,
    "state_fidelity": 0.9986556689884112,
    "num_nontrivial_rotations": 64,
    "time": 4.020281791687012,
    "num_gates": {
        "h": 1245,
        "t": 1209,
        "y": 226,
        "x": 224,
        "cx": 120,
        "s": 45,
        "z": 18
    },
    "noisy_fidelity": {
        "1e-06": 0.9967213766228323,
        "1e-05": 0.9794835457479674,
        "0.0001": 0.8229418457106872
    },
    "t_depth": 751,
    "optimized_t_count": 1197,
    "optimized_num_gates": {
        "h": 1245,
        "t": 1197,
        "x": 450,
        "s": 274,
        "sdg": 226,
        "cx": 120,
        "z": 18
    },
    "optimized_t_depth": 747
}