{
    "algorithm_config": "trasyn_tshxyz_tb10_ns40000_bc2",
    "benchmark_name": "qaoa p3 s1 n10",
    "n": 10,
    "seed": 0,
    "unitary_distance": 0.03510283997520396,
    "state_fidelity": 0.9988859660702573,
    "num_nontrivial_rotations": 51,
    "time": 2.835437297821045,
    "num_gates": {
        "h": 1022,
        "t": 999,
        "y": 190,
        "x": 179,
        "cx": 90,
        "s": 32,
        "z": 12
    },
    "noisy_fidelity": {
        "1e-06": 0.9973848807514445,
        "1e-05": 0.9839785123135286,
        "0.0001": 0.8596374787611514
    },
    "t_depth": 395,
    "optimized_t_count": 995,
    "optimized_num_gates": {
        "h": 1022,
        "t": 995,
        "x": 369,
        "s": 224,
        "sdg": 190,
        "cx": 90,
        "z": 12
    },
    "optimized_t_depth": 393
}