{
    "algorithm_config": "trasyn_tshxyz_tb10_ns40000_bc2",
    "benchmark_name": "qaoa p5 s4 n10",
    "n": 10,
    "seed": 0,
    "unitary_distance": 0.04110344202309392,
    "state_fidelity": 0.9982787119653874,
    "num_nontrivial_rotations": 85,
    "time": 4.71698522567749,
    "num_gates": {
        "h": 1677,
        "t": 1633,
        "y": 290,
        "x": 265,
        "cx": 150,
        "s": 63,
        "z": 21
    },
    "noisy_fidelity": {
        "1e-06": 0.9956896658129668,
        "1e-05": 0.9726925234195868,
        "0.0001": 0.7703349370245103
    },
    "t_depth": 547,
    "optimized_t_count": 1623,
    "optimized_num_gates": {
        "h": 1677,
        "t": 1623,
        "x": 555,
        "s": 357,
        "sdg": 290,
        "cx": 150,
        "z": 21
    },
    "optimized_t_depth": 543
}