{
    "algorithm_config": "trasyn_tshxyz_tb10_ns40000_bc2",
    "benchmark_name": "qaoa p3 s8 n10",
    "n": 10,
    "seed": 0,
    "unitary_distance": 0.026730157399686916,
    "state_fidelity": 0.9993583985000262,
    "num_nontrivial_rotations": 48,
    "time": 2.820753574371338,
    "num_gates": {
        "h": 962,
        "t": 930,
        "x": 170,
        "y": 169,
        "cx": 90,
        "s": 34,
        "z": 12
    },
    "noisy_fidelity": {
        "1e-06": 0.9979294232868736,
        "1e-05": 0.9851624318176768,
        "0.0001": 0.8663318590515294
    },
    "t_depth": 403,
    "optimized_t_count": 924,
    "optimized_num_gates": {
        "h": 962,
        "t": 924,
        "x": 339,
        "s": 205,
        "sdg": 169,
        "cx": 90,
        "z": 12
    },
    "optimized_t_depth": 400
}