{
    "algorithm_config": "trasyn_tshxyz_tb10_ns40000_bc2",
    "benchmark_name": "qaoa p5 s2 n4",
    "n": 4,
    "seed": 0,
    "unitary_distance": 0.027911051356638752,
    "state_fidelity": 0.9992340415210227,
    "num_nontrivial_rotations": 35,
    "time": 2.111344575881958,
    "num_gates": {
        "h": 671,
        "t": 652,
        "y": 119,
        "x": 113,
        "cx": 60,
        "s": 28,
        "z": 7
    },
    "noisy_fidelity": {
        "1e-06": 0.9982791604668878,
        "1e-05": 0.9897311663975108,
        "0.0001": 0.9086369857389862
    },
    "t_depth": 425,
    "optimized_t_count": 646,
    "optimized_num_gates": {
        "h": 671,
        "t": 646,
        "x": 232,
        "s": 148,
        "sdg": 119,
        "cx": 60,
        "z": 7
    },
    "optimized_t_depth": 423
}