{
    "algorithm_config": "trasyn_tshxyz_tb10_ns40000_bc2",
    "benchmark_name": "qaoa p4 s4 n6",
    "n": 6,
    "seed": 0,
    "unitary_distance": 0.02917141125168078,
    "state_fidelity": 0.9990452726228153,
    "num_nontrivial_rotations": 39,
    "time": 2.4794745445251465,
    "num_gates": {
        "h": 770,
        "t": 747,
        "y": 162,
        "x": 117,
        "cx": 72,
        "s": 23,
        "z": 11
    },
    "noisy_fidelity": {
        "1e-06": 0.9979831640474135,
        "1e-05": 0.9884771950618237,
        "0.0001": 0.8984722057845821
    },
    "t_depth": 428,
    "optimized_t_count": 739,
    "optimized_num_gates": {
        "h": 770,
        "t": 739,
        "x": 279,
        "s": 187,
        "sdg": 162,
        "cx": 72,
        "z": 11
    },
    "optimized_t_depth": 424
}