{
    "algorithm_config": "trasyn_tshxyz_tb10_ns40000_bc2",
    "benchmark_name": "qaoa p4 s6 n12",
    "n": 12,
    "seed": 0,
    "unitary_distance": 0.04097688612806094,
    "state_fidelity": 0.9983409333275609,
    "num_nontrivial_rotations": 76,
    "time": 4.453214406967163,
    "num_gates": {
        "h": 1493,
        "t": 1454,
        "y": 306,
        "x": 247,
        "cx": 144,
        "s": 42,
        "z": 14
    },
    "noisy_fidelity": {
        "1e-06": 0.9960309309199078,
        "1e-05": 0.9754827535586423,
        "0.0001": 0.7921581331402364
    },
    "t_depth": 580,
    "optimized_t_count": 1440,
    "optimized_num_gates": {
        "h": 1493,
        "t": 1440,
        "x": 553,
        "s": 351,
        "sdg": 306,
        "cx": 144,
        "z": 14
    },
    "optimized_t_depth": 574
}