{
    "algorithm_config": "trasyn_tshxyz_tb10_ns40000_bc2",
    "benchmark_name": "qaoa p2 s8 n4",
    "n": 4,
    "seed": 0,
    "unitary_distance": 0.01674202491686643,
    "state_fidelity": 0.9996947321655966,
    "num_nontrivial_rotations": 14,
    "time": 0.878807783126831,
    "num_gates": {
        "h": 276,
        "t": 265,
        "x": 50,
        "y": 41,
        "cx": 24,
        "s": 13,
        "z": 3
    },
    "noisy_fidelity": {
        "1e-06": 0.9993459392684918,
        "1e-05": 0.9962129614205376,
        "0.0001": 0.9654847292090648
    },
    "t_depth": 196,
    "optimized_t_count": 263,
    "optimized_num_gates": {
        "h": 276,
        "t": 263,
        "x": 91,
        "s": 54,
        "sdg": 41,
        "cx": 24,
        "z": 3
    },
    "optimized_t_depth": 195
}