{
    "algorithm_config": "trasyn_tshxyz_tb10_ns40000_bc2",
    "benchmark_name": "qaoa p3 s1 n8",
    "n": 8,
    "seed": 0,
    "unitary_distance": 0.03207598403900027,
    "state_fidelity": 0.9990267752364205,
    "num_nontrivial_rotations": 38,
    "time": 2.494935989379883,
    "num_gates": {
        "h": 731,
        "t": 711,
        "y": 139,
        "x": 136,
        "cx": 72,
        "s": 29,
        "z": 8
    },
    "noisy_fidelity": {
        "1e-06": 0.9979006558395174,
        "1e-05": 0.987823691308299,
        "0.0001": 0.8925897129213338
    },
    "t_depth": 367,
    "optimized_t_count": 709,
    "optimized_num_gates": {
        "h": 731,
        "t": 709,
        "x": 275,
        "s": 168,
        "sdg": 139,
        "cx": 72,
        "z": 8
    },
    "optimized_t_depth": 366
}