{
    "algorithm_config": "trasyn_tshxyz_tb10_ns40000_bc2",
    "benchmark_name": "qaoa p1 s8 n12",
    "n": 12,
    "seed": 0,
    "unitary_distance": 0.0274127873938779,
    "state_fidelity": 0.9994080267058497,
    "num_nontrivial_rotations": 21,
    "time": 1.1751902103424072,
    "num_gates": {
        "h": 414,
        "t": 400,
        "y": 81,
        "x": 67,
        "cx": 36,
        "s": 8,
        "z": 4
    },
    "noisy_fidelity": {
        "1e-06": 0.9988776943289067,
        "1e-05": 0.9941178665418167,
        "0.0001": 0.9477983384386057
    },
    "t_depth": 198,
    "optimized_t_count": 398,
    "optimized_num_gates": {
        "h": 414,
        "t": 398,
        "x": 148,
        "s": 90,
        "sdg": 81,
        "cx": 36,
        "z": 4
    },
    "optimized_t_depth": 198
}