{
    "algorithm_config": "trasyn_tshxyz_tb10_ns40000_bc2",
    "benchmark_name": "qaoa p5 s6 n6",
    "n": 6,
    "seed": 0,
    "unitary_distance": 0.03369030558584398,
    "state_fidelity": 0.9990885061693818,
    "num_nontrivial_rotations": 50,
    "time": 3.07792067527771,
    "num_gates": {
        "h": 994,
        "t": 970,
        "x": 181,
        "y": 168,
        "cx": 90,
        "s": 33,
        "z": 10
    },
    "noisy_fidelity": {
        "1e-06": 0.9975627267206026,
        "1e-05": 0.9839391536630545,
        "0.0001": 0.8578860004170699
    },
    "t_depth": 545,
    "optimized_t_count": 962,
    "optimized_num_gates": {
        "h": 994,
        "t": 962,
        "x": 349,
        "s": 204,
        "sdg": 168,
        "cx": 90,
        "z": 10
    },
    "optimized_t_depth": 540
}