{
    "algorithm_config": "trasyn_tshxyz_tb10_ns40000_bc2",
    "benchmark_name": "qaoa p4 s7 n4",
    "n": 4,
    "seed": 0,
    "unitary_distance": 0.025137360705673024,
    "state_fidelity": 0.9996493014439686,
    "num_nontrivial_rotations": 28,
    "time": 1.6901118755340576,
    "num_gates": {
        "h": 511,
        "t": 503,
        "y": 98,
        "x": 81,
        "cx": 48,
        "s": 11,
        "z": 6
    },
    "noisy_fidelity": {
        "1e-06": 0.9988860245160704,
        "1e-05": 0.9920458496447133,
        "0.0001": 0.9264638180045839
    },
    "t_depth": 329,
    "optimized_t_count": 497,
    "optimized_num_gates": {
        "h": 511,
        "t": 497,
        "x": 179,
        "s": 111,
        "sdg": 98,
        "cx": 48,
        "z": 6
    },
    "optimized_t_depth": 327
}