{
    "algorithm_config": "trasyn_tshxyz_tb10_ns40000_bc2",
    "benchmark_name": "qaoa p1 s4 n12",
    "n": 12,
    "seed": 0,
    "unitary_distance": 0.0234431497357893,
    "state_fidelity": 0.9995116764503429,
    "num_nontrivial_rotations": 20,
    "time": 1.1685791015625,
    "num_gates": {
        "h": 407,
        "t": 386,
        "x": 81,
        "y": 69,
        "cx": 36,
        "s": 14,
        "z": 2
    },
    "noisy_fidelity": {
        "1e-06": 0.9989535724549103,
        "1e-05": 0.9939450664110154,
        "0.0001": 0.9452608768846416
    },
    "t_depth": 158,
    "optimized_t_count": 386,
    "optimized_num_gates": {
        "h": 407,
        "t": 386,
        "x": 150,
        "s": 83,
        "sdg": 69,
        "cx": 36,
        "z": 2
    },
    "optimized_t_depth": 158
}