{
    "algorithm_config": "trasyn_tshxyz_tb10_ns40000_bc2",
    "benchmark_name": "qaoa p5 s7 n4",
    "n": 4,
    "seed": 0,
    "unitary_distance": 0.029910309799318843,
    "state_fidelity": 0.9988784137824489,
    "num_nontrivial_rotations": 33,
    "time": 2.108842134475708,
    "num_gates": {
        "h": 660,
        "t": 640,
        "x": 127,
        "y": 113,
        "cx": 60,
        "s": 25,
        "z": 9
    },
    "noisy_fidelity": {
        "1e-06": 0.9979867862958287,
        "1e-05": 0.9900030596343092,
        "0.0001": 0.9140773261224004
    },
    "t_depth": 427,
    "optimized_t_count": 638,
    "optimized_num_gates": {
        "h": 660,
        "t": 638,
        "x": 240,
        "s": 139,
        "sdg": 113,
        "cx": 60,
        "z": 9
    },
    "optimized_t_depth": 426
}