{
    "algorithm_config": "trasyn_tshxyz_tb10_ns40000_bc2",
    "benchmark_name": "qaoa p4 s2 n4",
    "n": 4,
    "seed": 0,
    "unitary_distance": 0.02156020215820185,
    "state_fidelity": 0.9995717341525612,
    "num_nontrivial_rotations": 28,
    "time": 1.6933982372283936,
    "num_gates": {
        "h": 549,
        "t": 536,
        "y": 115,
        "x": 84,
        "cx": 48,
        "s": 17,
        "z": 7
    },
    "noisy_fidelity": {
        "1e-06": 0.9987640623044656,
        "1e-05": 0.9915283818007187,
        "0.0001": 0.9223724929548244
    },
    "t_depth": 346,
    "optimized_t_count": 528,
    "optimized_num_gates": {
        "h": 549,
        "t": 528,
        "x": 199,
        "s": 134,
        "sdg": 115,
        "cx": 48,
        "z": 7
    },
    "optimized_t_depth": 340
}