{
    "algorithm_config": "trasyn_tshxyz_tb10_ns40000_bc2",
    "benchmark_name": "qaoa p1 s2 n6",
    "n": 6,
    "seed": 0,
    "unitary_distance": 0.012835498795062048,
    "state_fidelity": 0.9998620630066043,
    "num_nontrivial_rotations": 10,
    "time": 0.6544396877288818,
    "num_gates": {
        "h": 207,
        "t": 196,
        "y": 37,
        "x": 36,
        "cx": 18,
        "s": 8,
        "z": 3
    },
    "noisy_fidelity": {
        "1e-06": 0.9996266166632763,
        "1e-05": 0.9975103210597125,
        "0.0001": 0.9766143679530455
    },
    "t_depth": 138,
    "optimized_t_count": 196,
    "optimized_num_gates": {
        "h": 207,
        "t": 196,
        "x": 73,
        "s": 45,
        "sdg": 37,
        "cx": 18,
        "z": 3
    },
    "optimized_t_depth": 138
}