{
    "algorithm_config": "trasyn_tshxyz_tb10_ns40000_bc2",
    "benchmark_name": "qaoa p5 s7 n12",
    "n": 12,
    "seed": 0,
    "unitary_distance": 0.03858297873290345,
    "state_fidelity": 0.99855521676412,
    "num_nontrivial_rotations": 96,
    "time": 5.5615692138671875,
    "num_gates": {
        "h": 1897,
        "t": 1838,
        "x": 330,
        "y": 330,
        "cx": 180,
        "s": 70,
        "z": 16
    },
    "noisy_fidelity": {
        "1e-06": 0.9956457484599812,
        "1e-05": 0.9698426566794699,
        "0.0001": 0.74615154470867
    },
    "t_depth": 497,
    "optimized_t_count": 1824,
    "optimized_num_gates": {
        "h": 1897,
        "t": 1824,
        "x": 660,
        "s": 406,
        "sdg": 330,
        "cx": 180,
        "z": 16
    },
    "optimized_t_depth": 494
}