{
    "algorithm_config": "trasyn_tshxyz_tb10_ns40000_bc2",
    "benchmark_name": "qaoa p2 s6 n8",
    "n": 8,
    "seed": 0,
    "unitary_distance": 0.01903067017155638,
    "state_fidelity": 0.9997212206706935,
    "num_nontrivial_rotations": 27,
    "time": 1.7056312561035156,
    "num_gates": {
        "h": 523,
        "t": 503,
        "y": 89,
        "x": 87,
        "cx": 48,
        "s": 22,
        "z": 7
    },
    "noisy_fidelity": {
        "1e-06": 0.9989943494677378,
        "1e-05": 0.9924774477092325,
        "0.0001": 0.9297136634995344
    },
    "t_depth": 221,
    "optimized_t_count": 501,
    "optimized_num_gates": {
        "h": 523,
        "t": 501,
        "x": 176,
        "s": 112,
        "sdg": 89,
        "cx": 48,
        "z": 7
    },
    "optimized_t_depth": 220
}