{
    "algorithm_config": "trasyn_tshxyz_tb10_ns40000_bc2",
    "benchmark_name": "qaoa p2 s3 n4",
    "n": 4,
    "seed": 0,
    "unitary_distance": 0.017890731266957113,
    "state_fidelity": 0.9995551267936001,
    "num_nontrivial_rotations": 14,
    "time": 0.8647410869598389,
    "num_gates": {
        "h": 286,
        "t": 276,
        "y": 52,
        "x": 49,
        "cx": 24,
        "s": 8,
        "z": 1
    },
    "noisy_fidelity": {
        "1e-06": 0.9992130090940446,
        "1e-05": 0.9961399902251784,
        "0.0001": 0.9659996804199245
    },
    "t_depth": 199,
    "optimized_t_count": 274,
    "optimized_num_gates": {
        "h": 286,
        "t": 274,
        "x": 101,
        "s": 61,
        "sdg": 52,
        "cx": 24,
        "z": 1
    },
    "optimized_t_depth": 197
}