{
    "algorithm_config": "trasyn_tshxyz_tb10_ns40000_bc2",
    "benchmark_name": "qaoa p4 s8 n6",
    "n": 6,
    "seed": 0,
    "unitary_distance": 0.025713431326838683,
    "state_fidelity": 0.9994043518387071,
    "num_nontrivial_rotations": 40,
    "time": 2.485157012939453,
    "num_gates": {
        "h": 803,
        "t": 782,
        "x": 146,
        "y": 141,
        "cx": 72,
        "s": 26,
        "z": 6
    },
    "noisy_fidelity": {
        "1e-06": 0.9982809852355672,
        "1e-05": 0.9882301940674841,
        "0.0001": 0.8933832158525592
    },
    "t_depth": 352,
    "optimized_t_count": 768,
    "optimized_num_gates": {
        "h": 803,
        "t": 768,
        "x": 287,
        "s": 171,
        "sdg": 141,
        "cx": 72,
        "z": 6
    },
    "optimized_t_depth": 346
}