{
    "algorithm_config": "trasyn_tshxyz_tb10_ns40000_bc2",
    "benchmark_name": "qaoa p5 s3 n4",
    "n": 4,
    "seed": 0,
    "unitary_distance": 0.02391168608794431,
    "state_fidelity": 0.9995679325926285,
    "num_nontrivial_rotations": 35,
    "time": 2.109938859939575,
    "num_gates": {
        "h": 690,
        "t": 674,
        "x": 113,
        "y": 110,
        "cx": 60,
        "s": 20,
        "z": 9
    },
    "noisy_fidelity": {
        "1e-06": 0.9986075311598157,
        "1e-05": 0.990010639735872,
        "0.0001": 0.908500163525147
    },
    "t_depth": 429,
    "optimized_t_count": 666,
    "optimized_num_gates": {
        "h": 690,
        "t": 666,
        "x": 223,
        "s": 134,
        "sdg": 110,
        "cx": 60,
        "z": 9
    },
    "optimized_t_depth": 425
}