{
    "algorithm_config": "trasyn_tshxyz_tb10_ns40000_bc2",
    "benchmark_name": "qaoa p5 s7 n6",
    "n": 6,
    "seed": 0,
    "unitary_distance": 0.03299434124140797,
    "state_fidelity": 0.9992320571033633,
    "num_nontrivial_rotations": 49,
    "time": 3.0690035820007324,
    "num_gates": {
        "h": 984,
        "t": 966,
        "y": 167,
        "x": 161,
        "cx": 90,
        "s": 26,
        "z": 14
    },
    "noisy_fidelity": {
        "1e-06": 0.9978876721360339,
        "1e-05": 0.9858735014755688,
        "0.0001": 0.8737817298336295
    },
    "t_depth": 480,
    "optimized_t_count": 960,
    "optimized_num_gates": {
        "h": 984,
        "t": 960,
        "x": 328,
        "s": 195,
        "sdg": 167,
        "cx": 90,
        "z": 14
    },
    "optimized_t_depth": 476
}