{
    "algorithm_config": "gridsynth_eps0.007",
    "benchmark_name": "basis change n3",
    "n": 3,
    "seed": 0,
    "unitary_distance": 0.0248509976747817,
    "state_fidelity": 0.9993990733531172,
    "num_nontrivial_rotations": 22,
    "time": 2.272266387939453,
    "num_gates": {
        "s": 651,
        "h": 518,
        "t": 439,
        "cx": 10,
        "x": 10
    },
    "noisy_fidelity": {
        "1e-06": 0.9984024299362064,
        "1e-05": 0.9894876204231422,
        "0.0001": 0.9055535530569815
    },
    "t_depth": 218,
    "optimized_t_count": 429,
    "optimized_num_gates": {
        "s": 652,
        "h": 518,
        "t": 429,
        "cx": 10,
        "x": 10
    },
    "optimized_t_depth": 215
}