{
    "algorithm_config": "gridsynth_eps0.007",
    "benchmark_name": "basis trotter n4",
    "n": 4,
    "seed": 0,
    "unitary_distance": 0.2221049893286746,
    "state_fidelity": 0.9963857262885061,
    "num_nontrivial_rotations": 216,
    "time": 6.394958734512329,
    "num_gates": {
        "s": 9990,
        "h": 4914,
        "t": 4071,
        "cx": 582,
        "x": 48
    },
    "noisy_fidelity": {
        "1e-06": 0.9865615903487321,
        "1e-05": 0.9030249237708273,
        "0.0001": 0.4027371486392104
    },
    "t_depth": 1815,
    "optimized_t_count": 3759,
    "optimized_num_gates": {
        "s": 10113,
        "h": 4914,
        "t": 3759,
        "cx": 582,
        "x": 48
    },
    "optimized_t_depth": 1695
}