{
    "algorithm_config": "gridsynth_eps0.007",
    "benchmark_name": "basis test n4",
    "n": 4,
    "seed": 0,
    "unitary_distance": 0.020533405642697868,
    "state_fidelity": 0.999921932358741,
    "num_nontrivial_rotations": 12,
    "time": 1.017538070678711,
    "num_gates": {
        "t": 264,
        "h": 256,
        "s": 196,
        "cx": 46,
        "x": 2
    },
    "noisy_fidelity": {
        "1e-06": 0.9995295580233785,
        "1e-05": 0.9960064404024476,
        "0.0001": 0.9615785412744933
    },
    "t_depth": 109,
    "optimized_t_count": 224,
    "optimized_num_gates": {
        "h": 256,
        "t": 224,
        "s": 214,
        "cx": 46,
        "x": 2
    },
    "optimized_t_depth": 95
}