{
    "algorithm_config": "gridsynth_eps0.007",
    "benchmark_name": "dnn n8",
    "n": 8,
    "seed": 0,
    "unitary_distance": 0.029538892741272037,
    "state_fidelity": 0.9991239262458992,
    "num_nontrivial_rotations": 288,
    "time": 4.5199973583221436,
    "num_gates": {
        "s": 9020,
        "h": 7420,
        "t": 6616,
        "cx": 192,
        "x": 148
    },
    "noisy_fidelity": {
        "1e-06": 0.9851699701249754,
        "1e-05": 0.8684615447629884,
        "0.0001": 0.25992139612751564
    },
    "t_depth": 1109,
    "optimized_t_count": 6320,
    "optimized_num_gates": {
        "s": 9096,
        "h": 7420,
        "t": 6320,
        "cx": 192,
        "x": 148
    },
    "optimized_t_depth": 1073
}