{
    "algorithm_config": "gridsynth_eps0.007",
    "benchmark_name": "dnn n2",
    "n": 2,
    "seed": 0,
    "unitary_distance": 0.005600526590999411,
    "state_fidelity": 0.9999791221256332,
    "num_nontrivial_rotations": 20,
    "time": 2.3655946254730225,
    "num_gates": {
        "h": 492,
        "t": 465,
        "s": 363,
        "x": 10,
        "cx": 3
    },
    "noisy_fidelity": {
        "1e-06": 0.9992815612455846,
        "1e-05": 0.9930341910525311,
        "0.0001": 0.9334971069492709
    },
    "t_depth": 282,
    "optimized_t_count": 453,
    "optimized_num_gates": {
        "h": 492,
        "t": 453,
        "s": 365,
        "x": 10,
        "cx": 3
    },
    "optimized_t_depth": 275
}