{
    "algorithm_config": "gridsynth_eps0.007",
    "benchmark_name": "hhl n7",
    "n": 7,
    "seed": 0,
    "unitary_distance": 0.034246607903527175,
    "state_fidelity": 0.9988158865118563,
    "num_nontrivial_rotations": 152,
    "time": 14.01054573059082,
    "num_gates": {
        "h": 3564,
        "t": 3314,
        "s": 2041,
        "x": 104,
        "cx": 92
    },
    "noisy_fidelity": {
        "1e-06": 0.993345713954901,
        "1e-05": 0.9455345559918017,
        "0.0001": 0.5832539539595363
    },
    "t_depth": 2090,
    "optimized_t_count": 3120,
    "optimized_num_gates": {
        "h": 3564,
        "t": 3120,
        "s": 2082,
        "x": 104,
        "cx": 92
    },
    "optimized_t_depth": 1941
}