{
    "algorithm_config": "gridsynth_eps0.007",
    "benchmark_name": "pea n5",
    "n": 5,
    "seed": 0,
    "unitary_distance": 0.01593759253938118,
    "state_fidelity": 0.9997511286522635,
    "num_nontrivial_rotations": 21,
    "time": 2.497673511505127,
    "num_gates": {
        "h": 447,
        "t": 415,
        "s": 267,
        "cx": 17,
        "x": 10
    },
    "noisy_fidelity": {
        "1e-06": 0.9991068060362224,
        "1e-05": 0.9933297144422084,
        "0.0001": 0.9376616191599796
    },
    "t_depth": 273,
    "optimized_t_count": 401,
    "optimized_num_gates": {
        "h": 447,
        "t": 401,
        "s": 270,
        "cx": 17,
        "x": 10
    },
    "optimized_t_depth": 262
}