{
    "algorithm_config": "gridsynth_eps0.007",
    "benchmark_name": "qft n4",
    "n": 4,
    "seed": 0,
    "unitary_distance": 0.015364019317518194,
    "state_fidelity": 0.9998801792039119,
    "num_nontrivial_rotations": 8,
    "time": 0.8190796375274658,
    "num_gates": {
        "h": 157,
        "t": 152,
        "s": 96,
        "cx": 12,
        "x": 2,
        "barrier": 1
    },
    "noisy_fidelity": {
        "1e-06": 0.9996687428518952,
        "1e-05": 0.9977684530265198,
        "0.0001": 0.9790239739037369
    },
    "t_depth": 109,
    "optimized_t_count": 148,
    "optimized_num_gates": {
        "h": 157,
        "t": 148,
        "s": 96,
        "cx": 12,
        "x": 2
    },
    "optimized_t_depth": 105
}