{
    "algorithm_config": "gridsynth_eps0.007",
    "benchmark_name": "qpe n9",
    "n": 9,
    "seed": 0,
    "unitary_distance": 0.027646393298891833,
    "state_fidelity": 0.999306642966074,
    "num_nontrivial_rotations": 24,
    "time": 1.941810131072998,
    "num_gates": {
        "h": 471,
        "t": 457,
        "s": 269,
        "cx": 43,
        "x": 8,
        "barrier": 3
    },
    "noisy_fidelity": {
        "1e-06": 0.9986315340294147,
        "1e-05": 0.992577462118566,
        "0.0001": 0.9341523670944765
    },
    "t_depth": 284,
    "optimized_t_count": 443,
    "optimized_num_gates": {
        "h": 471,
        "t": 443,
        "s": 276,
        "cx": 43,
        "x": 8
    },
    "optimized_t_depth": 277
}