{
    "algorithm_config": "gridsynth_eps0.007",
    "benchmark_name": "quantumwalks n2",
    "n": 2,
    "seed": 0,
    "unitary_distance": 0.0066832966841653815,
    "state_fidelity": 0.999985690095744,
    "num_nontrivial_rotations": 8,
    "time": 1.9576754570007324,
    "num_gates": {
        "s": 235,
        "h": 186,
        "t": 168,
        "x": 3,
        "cx": 3
    },
    "noisy_fidelity": {
        "1e-06": 0.9996340225454081,
        "1e-05": 0.9964767472917415,
        "0.0001": 0.9656567584968831
    },
    "t_depth": 125,
    "optimized_t_count": 164,
    "optimized_num_gates": {
        "s": 236,
        "h": 186,
        "t": 164,
        "x": 3,
        "cx": 3
    },
    "optimized_t_depth": 121
}