{
    "algorithm_config": "gridsynth_eps0.007",
    "benchmark_name": "wstate n3",
    "n": 3,
    "seed": 0,
    "unitary_distance": 0.005436790770379368,
    "state_fidelity": 0.9999789644618566,
    "num_nontrivial_rotations": 1,
    "time": 0.6278231143951416,
    "num_gates": {
        "s": 48,
        "h": 34,
        "t": 30,
        "cx": 9,
        "x": 1
    },
    "noisy_fidelity": {
        "1e-06": 0.9999101354435764,
        "1e-05": 0.9992909697889358,
        "0.0001": 0.9931284679884003
    },
    "t_depth": 27,
    "optimized_t_count": 30,
    "optimized_num_gates": {
        "s": 48,
        "h": 34,
        "t": 30,
        "cx": 9,
        "x": 1
    },
    "optimized_t_depth": 27
}