{
    "algorithm_config": "trasyn_tshxyz_tb10_ns40000_bc2",
    "benchmark_name": "basis change n3",
    "n": 3,
    "seed": 0,
    "unitary_distance": 0.030566383849181818,
    "state_fidelity": 0.9997276270249311,
    "num_nontrivial_rotations": 22,
    "time": 1.1651287078857422,
    "num_gates": {
        "h": 422,
        "t": 422,
        "y": 90,
        "x": 74,
        "s": 11,
        "cx": 10,
        "z": 3
    },
    "noisy_fidelity": {
        "1e-06": 0.9991990022285119,
        "1e-05": 0.9944568944799022,
        "0.0001": 0.9485369438211589
    },
    "t_depth": 210,
    "optimized_t_count": 412,
    "optimized_num_gates": {
        "h": 422,
        "t": 412,
        "x": 164,
        "s": 105,
        "sdg": 90,
        "cx": 10,
        "z": 3
    },
    "optimized_t_depth": 207
}