{
    "algorithm_config": "trasyn_tshxyz_tb10_ns40000_bc2",
    "benchmark_name": "basis test n4",
    "n": 4,
    "seed": 0,
    "unitary_distance": 0.013062724239395017,
    "state_fidelity": 0.9999003758301045,
    "num_nontrivial_rotations": 11,
    "time": 1.0367653369903564,
    "num_gates": {
        "h": 235,
        "t": 223,
        "y": 48,
        "cx": 46,
        "x": 38,
        "s": 17,
        "z": 10
    },
    "noisy_fidelity": {
        "1e-06": 0.9996284566105702,
        "1e-05": 0.9971852934754942,
        "0.0001": 0.9731555272248784
    },
    "t_depth": 122,
    "optimized_t_count": 219,
    "optimized_num_gates": {
        "h": 235,
        "t": 219,
        "x": 86,
        "s": 65,
        "sdg": 48,
        "cx": 46,
        "z": 10
    },
    "optimized_t_depth": 120
}