{
    "algorithm_config": "trasyn_tshxyz_tb10_ns40000_bc2",
    "benchmark_name": "dnn n8",
    "n": 8,
    "seed": 0,
    "unitary_distance": 0.04200268939738745,
    "state_fidelity": 0.9977032883122681,
    "num_nontrivial_rotations": 120,
    "time": 2.952303647994995,
    "num_gates": {
        "h": 2337,
        "t": 2292,
        "y": 498,
        "x": 358,
        "s": 75,
        "cx": 64,
        "z": 35
    },
    "noisy_fidelity": {
        "1e-06": 0.994763590904717,
        "1e-05": 0.9687118202523974,
        "0.0001": 0.7443834821455595
    },
    "t_depth": 317,
    "optimized_t_count": 2258,
    "optimized_num_gates": {
        "h": 2337,
        "t": 2258,
        "x": 856,
        "s": 584,
        "sdg": 498,
        "cx": 64,
        "z": 35
    },
    "optimized_t_depth": 313
}