{
    "algorithm_config": "trasyn_tshxyz_tb10_ns40000_bc2",
    "benchmark_name": "dnn n2",
    "n": 2,
    "seed": 0,
    "unitary_distance": 0.007312379657301483,
    "state_fidelity": 0.9999449224193903,
    "num_nontrivial_rotations": 8,
    "time": 0.49437999725341797,
    "num_gates": {
        "h": 157,
        "t": 155,
        "x": 34,
        "y": 23,
        "s": 4,
        "cx": 3,
        "z": 1
    },
    "noisy_fidelity": {
        "1e-06": 0.9997768560361371,
        "1e-05": 0.9982659864393723,
        "0.0001": 0.9833270274602652
    },
    "t_depth": 78,
    "optimized_t_count": 155,
    "optimized_num_gates": {
        "h": 157,
        "t": 155,
        "x": 57,
        "s": 27,
        "sdg": 23,
        "cx": 3,
        "z": 1
    },
    "optimized_t_depth": 78
}