{
    "algorithm_config": "trasyn_tshxyz_tb10_ns40000_bc2",
    "benchmark_name": "grover n4",
    "n": 4,
    "seed": 0,
    "unitary_distance": 0.019281075653155438,
    "state_fidelity": 0.9998492029002315,
    "num_nontrivial_rotations": 18,
    "time": 0.8687152862548828,
    "num_gates": {
        "t": 318,
        "h": 285,
        "y": 88,
        "x": 61,
        "cx": 52,
        "z": 8,
        "s": 6
    },
    "noisy_fidelity": {
        "1e-06": 0.9994223618073604,
        "1e-05": 0.9955902084157562,
        "0.0001": 0.9581852551714881
    },
    "t_depth": 259,
    "optimized_t_count": 306,
    "optimized_num_gates": {
        "t": 306,
        "h": 285,
        "x": 149,
        "s": 96,
        "sdg": 88,
        "cx": 52,
        "z": 8
    },
    "optimized_t_depth": 257
}