{
    "algorithm_config": "trasyn_tshxyz_tb10_ns40000_bc2",
    "benchmark_name": "hhl n7",
    "n": 7,
    "seed": 0,
    "unitary_distance": 0.049420978343182036,
    "state_fidelity": 0.9981284479668314,
    "num_nontrivial_rotations": 96,
    "time": 4.873272895812988,
    "num_gates": {
        "t": 1885,
        "h": 1881,
        "y": 372,
        "x": 328,
        "cx": 92,
        "s": 44,
        "z": 18
    },
    "noisy_fidelity": {
        "1e-06": 0.9956577250286662,
        "1e-05": 0.9737174286502458,
        "0.0001": 0.7810785240156699
    },
    "t_depth": 1332,
    "optimized_t_count": 1857,
    "optimized_num_gates": {
        "h": 1881,
        "t": 1857,
        "x": 700,
        "s": 420,
        "sdg": 372,
        "cx": 92,
        "z": 18
    },
    "optimized_t_depth": 1313
}