{
    "algorithm_config": "trasyn_tshxyz_tb10_ns40000_bc2",
    "benchmark_name": "linearsolver n3",
    "n": 3,
    "seed": 0,
    "unitary_distance": 0.0023071886272089215,
    "state_fidelity": 0.999996193412697,
    "num_nontrivial_rotations": 2,
    "time": 0.22568368911743164,
    "num_gates": {
        "h": 40,
        "t": 36,
        "y": 11,
        "x": 5,
        "cx": 4
    },
    "noisy_fidelity": {
        "1e-06": 0.9999428739445626,
        "1e-05": 0.9994631699517325,
        "0.0001": 0.9946830394285223
    },
    "t_depth": 36,
    "optimized_t_count": 34,
    "optimized_num_gates": {
        "h": 40,
        "t": 34,
        "x": 16,
        "s": 11,
        "sdg": 11,
        "cx": 4
    },
    "optimized_t_depth": 34
}