{
    "algorithm_config": "trasyn_tshxyz_tb10_ns40000_bc2",
    "benchmark_name": "pea n5",
    "n": 5,
    "seed": 0,
    "unitary_distance": 0.014971961849801643,
    "state_fidelity": 0.9998265832893386,
    "num_nontrivial_rotations": 15,
    "time": 1.1926016807556152,
    "num_gates": {
        "t": 280,
        "h": 275,
        "y": 53,
        "x": 53,
        "cx": 17,
        "s": 7,
        "z": 3
    },
    "noisy_fidelity": {
        "1e-06": 0.9995132016180793,
        "1e-05": 0.9966979477117062,
        "0.0001": 0.9690516615896865
    },
    "t_depth": 220,
    "optimized_t_count": 274,
    "optimized_num_gates": {
        "h": 275,
        "t": 274,
        "x": 106,
        "s": 60,
        "sdg": 53,
        "cx": 17,
        "z": 3
    },
    "optimized_t_depth": 216
}