{
    "algorithm_config": "trasyn_tshxyz_tb10_ns40000_bc2",
    "benchmark_name": "qpe n9",
    "n": 9,
    "seed": 0,
    "unitary_distance": 0.022541950757345136,
    "state_fidelity": 0.9996355625724468,
    "num_nontrivial_rotations": 24,
    "time": 1.2099273204803467,
    "num_gates": {
        "h": 493,
        "t": 484,
        "y": 103,
        "x": 80,
        "cx": 43,
        "s": 14,
        "z": 6,
        "barrier": 3
    },
    "noisy_fidelity": {
        "1e-06": 0.9990733081632931,
        "1e-05": 0.9940282626929046,
        "0.0001": 0.9450558806405361
    },
    "t_depth": 305,
    "optimized_t_count": 462,
    "optimized_num_gates": {
        "h": 493,
        "t": 462,
        "x": 183,
        "s": 121,
        "sdg": 103,
        "cx": 43,
        "z": 6
    },
    "optimized_t_depth": 294
}