{
    "algorithm_config": "trasyn_tshxyz_tb10_ns40000_bc2",
    "benchmark_name": "quantumwalks n2",
    "n": 2,
    "seed": 0,
    "unitary_distance": 0.01534410198770216,
    "state_fidelity": 0.999762475290165,
    "num_nontrivial_rotations": 5,
    "time": 0.48297739028930664,
    "num_gates": {
        "h": 100,
        "t": 98,
        "y": 23,
        "x": 17,
        "s": 6,
        "cx": 3,
        "z": 3
    },
    "noisy_fidelity": {
        "1e-06": 0.9996377625483142,
        "1e-05": 0.998516311210468,
        "0.0001": 0.9873966091473264
    },
    "t_depth": 60,
    "optimized_t_count": 96,
    "optimized_num_gates": {
        "h": 100,
        "t": 96,
        "x": 40,
        "s": 30,
        "sdg": 23,
        "cx": 3,
        "z": 3
    },
    "optimized_t_depth": 59
}