{
    "algorithm_config": "trasyn_tshxyz_tb10_ns40000_bc2",
    "benchmark_name": "binaryoptimization qmaxcut graph-gnp k-2  gnp-k 2 n-4 rinst-05 ",
    "n": 4,
    "seed": 0,
    "unitary_distance": 0.027911439746521056,
    "state_fidelity": 0.9996829079444182,
    "num_nontrivial_rotations": 11,
    "time": 0.9406111240386963,
    "num_gates": {
        "h": 217,
        "t": 217,
        "x": 46,
        "y": 36,
        "cx": 19,
        "s": 6,
        "z": 2
    },
    "noisy_fidelity": {
        "1e-06": 0.9994475847158714,
        "1e-05": 0.9973325476902739,
        "0.0001": 0.9764637824377804
    },
    "t_depth": 100,
    "optimized_t_count": 215,
    "optimized_num_gates": {
        "h": 217,
        "t": 215,
        "x": 82,
        "s": 43,
        "sdg": 36,
        "cx": 19,
        "z": 2
    },
    "optimized_t_depth": 100
}