{
    "algorithm_config": "trasyn_tshxyz_tb10_ns40000_bc2",
    "benchmark_name": "binaryoptimization qmaxcut graph-complete bipart  complbipart-n-10 a-5 b-5 ",
    "n": 10,
    "seed": 0,
    "unitary_distance": 0.07260836201011102,
    "state_fidelity": 0.9958917219052295,
    "num_nontrivial_rotations": 69,
    "time": 2.8817296028137207,
    "num_gates": {
        "h": 1381,
        "t": 1362,
        "x": 311,
        "y": 207,
        "cx": 180,
        "s": 53,
        "z": 34
    },
    "noisy_fidelity": {
        "1e-06": 0.9940516934110005,
        "1e-05": 0.9776469373481372,
        "0.0001": 0.8280526555836554
    },
    "t_depth": 694,
    "optimized_t_count": 1338,
    "optimized_num_gates": {
        "h": 1381,
        "t": 1338,
        "x": 518,
        "s": 266,
        "sdg": 207,
        "cx": 180,
        "z": 34
    },
    "optimized_t_depth": 684
}