{
    "algorithm_config": "trasyn_tshxyz_tb10_ns40000_bc2",
    "benchmark_name": "binaryoptimization max3sat uf20-ham  7-uf20-0384 cnf-8-res ",
    "n": 8,
    "seed": 0,
    "unitary_distance": 0.033090549518092004,
    "state_fidelity": 0.9996245508143109,
    "num_nontrivial_rotations": 29,
    "time": 1.0061016082763672,
    "num_gates": {
        "h": 609,
        "t": 577,
        "x": 123,
        "y": 102,
        "cx": 34,
        "s": 16,
        "z": 3
    },
    "noisy_fidelity": {
        "1e-06": 0.9989985333891076,
        "1e-05": 0.9933838999216477,
        "0.0001": 0.9391234921062216
    },
    "t_depth": 180,
    "optimized_t_count": 567,
    "optimized_num_gates": {
        "h": 609,
        "t": 567,
        "x": 225,
        "s": 123,
        "sdg": 102,
        "cx": 34,
        "z": 3
    },
    "optimized_t_depth": 177
}