{
    "algorithm_config": "trasyn_tshxyz_tb10_ns40000_bc2",
    "benchmark_name": "binaryoptimization qmaxcut graph-gnp k-4  gnp-k 4 n-6 rinst-15 ",
    "n": 6,
    "seed": 0,
    "unitary_distance": 0.05187763045173042,
    "state_fidelity": 0.9986899275908646,
    "num_nontrivial_rotations": 39,
    "time": 2.1814584732055664,
    "num_gates": {
        "h": 771,
        "t": 762,
        "x": 174,
        "y": 106,
        "cx": 70,
        "s": 31,
        "z": 23
    },
    "noisy_fidelity": {
        "1e-06": 0.9976729455864534,
        "1e-05": 0.9885693549911521,
        "0.0001": 0.9022338815776576
    },
    "t_depth": 428,
    "optimized_t_count": 736,
    "optimized_num_gates": {
        "h": 771,
        "t": 736,
        "x": 280,
        "s": 147,
        "sdg": 106,
        "cx": 70,
        "z": 23
    },
    "optimized_t_depth": 411
}