{
    "algorithm_config": "trasyn_tshxyz_tb10_ns40000_bc2",
    "benchmark_name": "chemistry standard h2  ham jw-8 ",
    "n": 8,
    "seed": 0,
    "unitary_distance": 0.0804673771990512,
    "state_fidelity": 0.9978781325547821,
    "num_nontrivial_rotations": 132,
    "time": 9.183753967285156,
    "num_gates": {
        "h": 1331,
        "t": 1209,
        "y": 265,
        "cx": 245,
        "x": 191,
        "s": 111,
        "z": 26
    },
    "noisy_fidelity": {
        "1e-06": 0.9960879386989897,
        "1e-05": 0.9801266947720768,
        "0.0001": 0.8344964589800151
    },
    "t_depth": 592,
    "optimized_t_count": 1197,
    "optimized_num_gates": {
        "h": 1331,
        "t": 1197,
        "x": 456,
        "s": 382,
        "sdg": 265,
        "cx": 245,
        "z": 26
    },
    "optimized_t_depth": 588
}