{
    "algorithm_config": "trasyn_tshxyz_tb10_ns40000_bc2",
    "benchmark_name": "chemistry standard be2  ham jw-6 ",
    "n": 6,
    "seed": 0,
    "unitary_distance": 0.043199968567755424,
    "state_fidelity": 0.9993682695342769,
    "num_nontrivial_rotations": 47,
    "time": 3.3858025074005127,
    "num_gates": {
        "h": 611,
        "t": 564,
        "y": 104,
        "cx": 76,
        "x": 70,
        "s": 27,
        "z": 9
    },
    "noisy_fidelity": {
        "1e-06": 0.9986535428723287,
        "1e-05": 0.992246019077426,
        "0.0001": 0.9305808024609417
    },
    "t_depth": 275,
    "optimized_t_count": 552,
    "optimized_num_gates": {
        "h": 611,
        "t": 552,
        "x": 174,
        "s": 132,
        "sdg": 104,
        "cx": 76,
        "z": 9
    },
    "optimized_t_depth": 269
}