{
    "algorithm_config": "trasyn_tshxyz_tb10_ns40000_bc2",
    "benchmark_name": "chemistry vibrational all-vib-hco  enc unary dvalues 4-4-4 ",
    "n": 12,
    "seed": 0,
    "unitary_distance": 0.22064154623744472,
    "state_fidelity": 0.9537689886446111,
    "num_nontrivial_rotations": 1648,
    "time": 83.44005513191223,
    "num_gates": {
        "h": 32573,
        "t": 31772,
        "y": 5687,
        "x": 5642,
        "cx": 3028,
        "s": 1332,
        "z": 381
    },
    "noisy_fidelity": {
        "1e-06": 0.9057032468427312,
        "1e-05": 0.5688433750404156,
        "0.0001": 0.006658065310171103
    },
    "t_depth": 18406
}