{
    "algorithm_config": "trasyn_tshxyz_tb10_ns40000_bc2",
    "benchmark_name": "chemistry vibrational all-vib-o3  enc gray dvalues 8-8-8 ",
    "n": 9,
    "seed": 0,
    "unitary_distance": 0.2660224002884267,
    "state_fidelity": 0.9312085426420748,
    "num_nontrivial_rotations": 2453,
    "time": 136.35363817214966,
    "num_gates": {
        "h": 47478,
        "t": 46727,
        "y": 8700,
        "x": 8072,
        "cx": 3103,
        "s": 1582,
        "z": 531
    },
    "noisy_fidelity": {
        "1e-06": 0.8646474844103529,
        "1e-05": 0.4442000473705711,
        "0.0001": 0.004047259517104164
    },
    "t_depth": 21372
}