{
    "algorithm_config": "trasyn_tshxyz_tb10_ns40000_bc2",
    "benchmark_name": "chemistry vibrational all-vib-ch2  mu y prime enc gray dvalues 16-16-16 ",
    "n": 4,
    "seed": 0,
    "unitary_distance": 0.020021353748560133,
    "state_fidelity": 0.9997407857211806,
    "num_nontrivial_rotations": 8,
    "time": 2.3746798038482666,
    "num_gates": {
        "h": 36,
        "cx": 35,
        "t": 19,
        "s": 14,
        "z": 7,
        "y": 6,
        "x": 4
    },
    "noisy_fidelity": {
        "1e-06": 0.9996721235276397,
        "1e-05": 0.9990544033226456,
        "0.0001": 0.9929008512771562
    },
    "t_depth": 19,
    "optimized_t_count": 19,
    "optimized_num_gates": {
        "h": 36,
        "cx": 35,
        "s": 20,
        "t": 19,
        "x": 10,
        "z": 7,
        "sdg": 6
    },
    "optimized_t_depth": 19
}