{
    "algorithm_config": "trasyn_tshxyz_tb10_ns40000_bc2",
    "benchmark_name": "chemistry standard hf  ham parity10 ",
    "n": 10,
    "seed": 0,
    "unitary_distance": 0.09020886836278788,
    "state_fidelity": 0.9941462365879434,
    "num_nontrivial_rotations": 152,
    "time": 13.293126821517944,
    "num_gates": {
        "h": 1974,
        "t": 1807,
        "cx": 438,
        "y": 383,
        "x": 270,
        "s": 185,
        "z": 39
    },
    "noisy_fidelity": {
        "1e-06": 0.9913699871225293,
        "1e-05": 0.9667421741671713,
        "0.0001": 0.7526734533700684
    },
    "t_depth": 1186,
    "optimized_t_count": 1789,
    "optimized_num_gates": {
        "h": 1974,
        "t": 1789,
        "x": 653,
        "s": 574,
        "cx": 438,
        "sdg": 383,
        "z": 39
    },
    "optimized_t_depth": 1173
}