{
    "algorithm_config": "trasyn_tshxyz_tb10_ns40000_bc2",
    "benchmark_name": "chemistry vibrational all-vib-o3  mu y prime enc unary dvalues 4-4-4 ",
    "n": 4,
    "seed": 0,
    "unitary_distance": 0.01313111150428149,
    "state_fidelity": 0.999814179633818,
    "num_nontrivial_rotations": 5,
    "time": 0.7865612506866455,
    "num_gates": {
        "h": 106,
        "t": 97,
        "y": 22,
        "x": 17,
        "cx": 15,
        "s": 6,
        "z": 6
    },
    "noisy_fidelity": {
        "1e-06": 0.9996561645317266,
        "1e-05": 0.9982353235879632,
        "0.0001": 0.9841542984470855
    },
    "t_depth": 59,
    "optimized_t_count": 97,
    "optimized_num_gates": {
        "h": 106,
        "t": 97,
        "x": 39,
        "s": 28,
        "sdg": 22,
        "cx": 15,
        "z": 6
    },
    "optimized_t_depth": 59
}