{
    "algorithm_config": "trasyn_tshxyz_tb10_ns40000_bc2",
    "benchmark_name": "chemistry vibrational all-vib-hno  mu x prime enc unary dvalues 4-4-4 ",
    "n": 12,
    "seed": 0,
    "unitary_distance": 0.013624824943787153,
    "state_fidelity": 0.9998945829783794,
    "num_nontrivial_rotations": 10,
    "time": 1.6633927822113037,
    "num_gates": {
        "h": 220,
        "t": 193,
        "cx": 44,
        "x": 40,
        "y": 33,
        "s": 17,
        "z": 14
    },
    "noisy_fidelity": {
        "1e-06": 0.9995569320117836,
        "1e-05": 0.9965235239760089,
        "0.0001": 0.9667223916201705
    },
    "t_depth": 59,
    "optimized_t_count": 191,
    "optimized_num_gates": {
        "h": 220,
        "t": 191,
        "x": 73,
        "s": 51,
        "cx": 44,
        "sdg": 33,
        "z": 14
    },
    "optimized_t_depth": 59
}