{
    "algorithm_config": "trasyn_tshxyz_tb10_ns40000_bc2",
    "benchmark_name": "chemistry standard oh  ham parity12 ",
    "n": 12,
    "seed": 0,
    "unitary_distance": 0.1417522265114005,
    "state_fidelity": 0.993713925736041,
    "num_nontrivial_rotations": 338,
    "time": 35.3611958026886,
    "num_gates": {
        "h": 3309,
        "t": 2845,
        "cx": 1131,
        "y": 575,
        "s": 470,
        "x": 461,
        "z": 103
    },
    "noisy_fidelity": {
        "1e-06": 0.9886415048439409,
        "1e-05": 0.9441537748710995,
        "0.0001": 0.5967153833770882
    },
    "t_depth": 1903,
    "optimized_t_count": 2813,
    "optimized_num_gates": {
        "h": 3309,
        "t": 2813,
        "cx": 1131,
        "s": 1053,
        "x": 1036,
        "sdg": 575,
        "z": 103
    },
    "optimized_t_depth": 1886
}