{
    "algorithm_config": "trasyn_tshxyz_tb10_ns40000_bc2",
    "benchmark_name": "chemistry standard o3  ham bk22 ",
    "n": 22,
    "seed": 0,
    "unitary_distance": null,
    "state_fidelity": 0.9553645249101355,
    "num_nontrivial_rotations": 1886,
    "time": 268.70596957206726,
    "num_gates": {
        "cx": 22679,
        "h": 21417,
        "s": 12484,
        "t": 10456,
        "y": 2442,
        "x": 1799,
        "z": 1132
    },
    "noisy_fidelity": null,
    "t_depth": 7094
}