{
    "algorithm_config": "trasyn_tshxyz_tb10_ns40000_bc2",
    "benchmark_name": "chemistry vibrational all-vib-c2h  mu z prime enc gray dvalues 4-4-4-4 ",
    "n": 4,
    "seed": 0,
    "unitary_distance": 0.018349913633576725,
    "state_fidelity": 0.999825167002951,
    "num_nontrivial_rotations": 8,
    "time": 0.5645136833190918,
    "num_gates": {
        "h": 142,
        "t": 138,
        "y": 26,
        "x": 23,
        "s": 4,
        "cx": 4
    },
    "noisy_fidelity": {
        "1e-06": 0.999680195976206,
        "1e-05": 0.9983766406104407,
        "0.0001": 0.9854575045503148
    },
    "t_depth": 40,
    "optimized_t_count": 138,
    "optimized_num_gates": {
        "h": 142,
        "t": 138,
        "x": 49,
        "s": 30,
        "sdg": 26,
        "cx": 4
    },
    "optimized_t_depth": 40
}