{
    "algorithm_config": "trasyn_tshxyz_tb10_ns40000_bc2",
    "benchmark_name": "chemistry vibrational all-vib-bh  enc stdbinary dvalues d-level-4 ",
    "n": 2,
    "seed": 0,
    "unitary_distance": 0.009229941568812001,
    "state_fidelity": 0.9999212946692428,
    "num_nontrivial_rotations": 5,
    "time": 0.4342670440673828,
    "num_gates": {
        "h": 99,
        "t": 97,
        "y": 23,
        "x": 19,
        "s": 6,
        "cx": 3,
        "z": 3
    },
    "noisy_fidelity": {
        "1e-06": 0.9997886511897077,
        "1e-05": 0.9985959239556301,
        "0.0001": 0.9867733669366596
    },
    "t_depth": 60,
    "optimized_t_count": 95,
    "optimized_num_gates": {
        "h": 99,
        "t": 95,
        "x": 42,
        "s": 30,
        "sdg": 23,
        "cx": 3,
        "z": 3
    },
    "optimized_t_depth": 60
}