{
    "algorithm_config": "trasyn_tshxyz_tb10_ns40000_bc2",
    "benchmark_name": "chemistry standard oh  ham jw12 ",
    "n": 12,
    "seed": 0,
    "unitary_distance": 0.14015107903158086,
    "state_fidelity": 0.9965276711812494,
    "num_nontrivial_rotations": 338,
    "time": 34.11598563194275,
    "num_gates": {
        "h": 3293,
        "t": 2841,
        "cx": 1167,
        "y": 544,
        "x": 488,
        "s": 467,
        "z": 103
    },
    "noisy_fidelity": {
        "1e-06": 0.9913774399565737,
        "1e-05": 0.9462197446775198,
        "0.0001": 0.5944597910913064
    },
    "t_depth": 1612,
    "optimized_t_count": 2819,
    "optimized_num_gates": {
        "h": 3293,
        "t": 2819,
        "cx": 1167,
        "x": 1032,
        "s": 1017,
        "sdg": 544,
        "z": 103
    },
    "optimized_t_depth": 1605
}