{
    "algorithm_config": "trasyn_tshxyz_tb10_ns40000_bc2",
    "benchmark_name": "condensedmatter bosehubbard bh d-1 d-8  bh graph-1d-grid-pbc-qubitnodes lx-4 u-40 enc-gray d-8 ",
    "n": 12,
    "seed": 0,
    "unitary_distance": 0.17836304986997353,
    "state_fidelity": 0.968790518904795,
    "num_nontrivial_rotations": 1046,
    "time": 34.90801811218262,
    "num_gates": {
        "h": 18755,
        "t": 18420,
        "x": 3349,
        "y": 3234,
        "cx": 1422,
        "s": 684,
        "z": 219
    },
    "noisy_fidelity": {
        "1e-06": 0.9407453421969701,
        "1e-05": 0.7222527229002318,
        "0.0001": 0.05205341700311707
    },
    "t_depth": 7371,
    "optimized_t_count": 18194,
    "optimized_num_gates": {
        "h": 18755,
        "t": 18194,
        "x": 6583,
        "s": 3983,
        "sdg": 3234,
        "cx": 1422,
        "z": 219
    },
    "optimized_t_depth": 7282
}